BILLING_ID,POLICY_ID,PARTY_ID,DUE_DATE,AMOUNT_DUE,AMOUNT_PAID,PAYMENT_DATE,PAYMENT_METHOD,BILLING_STATUS
BIL-00016,POL-00005,CUST-00003,2024-12-07,4533.82,4533.82,2024-12-15,CHECK,PAID
BIL-00017,POL-00005,CUST-00003,2025-02-05,4533.82,4533.82,2025-02-14,CHECK,PAID
BIL-00018,POL-00005,CUST-00003,2025-04-07,4533.82,4533.82,2025-04-09,ACH,PAID
BIL-00019,POL-00005,CUST-00003,2025-06-07,4533.82,4533.82,2025-06-21,ONLINE,PAID
BIL-00020,POL-00006,CUST-00004,2025-04-10,9869.86,9869.86,2025-04-24,ACH,PAID
BIL-00021,POL-00007,CUST-00005,2025-03-11,4211.95,0,,,PAST_DUE
BIL-00022,POL-00007,CUST-00005,2025-06-10,4211.95,4211.95,2025-06-22,ONLINE,PAID
BIL-00023,POL-00008,CUST-00006,2024-10-08,7066.16,7066.16,2024-10-13,ACH,PAID
BIL-00024,POL-00008,CUST-00006,2024-12-20,7066.16,0,,,GRACE
BIL-00025,POL-00008,CUST-00006,2025-03-03,7066.16,7066.16,2025-03-15,ACH,PAID
BIL-00026,POL-00008,CUST-00006,2025-05-15,7066.16,0,,,GRACE
BIL-00027,POL-00009,CUST-00006,2025-03-22,3372.99,3372.99,2025-04-05,ONLINE,PAID
BIL-00028,POL-00010,CUST-00007,2024-04-21,5229.1,5229.1,2024-05-03,CARD,PAID
BIL-00029,POL-00010,CUST-00007,2024-06-20,5229.1,0,,,PAST_DUE
BIL-00030,POL-00010,CUST-00007,2024-08-20,5229.1,5229.1,2024-09-02,ONLINE,PAID
BIL-00031,POL-00010,CUST-00007,2024-10-20,5229.1,5229.1,2024-10-24,CARD,PAID
BIL-00032,POL-00010,CUST-00007,2024-12-20,5229.1,5229.1,2024-12-26,ONLINE,PAID
BIL-00033,POL-00010,CUST-00007,2025-02-19,5229.1,0,,,COLLECTIONS
BIL-00034,POL-00011,CUST-00008,2024-10-27,11643.99,11643.99,2024-11-06,ACH,PAID
BIL-00035,POL-00011,CUST-00008,2025-04-27,11643.99,11643.99,2025-05-02,CARD,PAID
BIL-00036,POL-00012,CUST-00009,2025-05-03,9255.52,9255.52,2025-05-11,ACH,PAID
BIL-00037,POL-00013,CUST-00010,2024-03-13,8425.51,8425.51,2024-03-25,ONLINE,PAID
BIL-00038,POL-00013,CUST-00010,2024-06-12,8425.51,8425.51,2024-06-22,ONLINE,PAID
BIL-00039,POL-00013,CUST-00010,2024-09-11,8425.51,8425.51,2024-09-11,ACH,PAID
BIL-00040,POL-00013,CUST-00010,2024-12-11,8425.51,8425.51,2024-12-16,CHECK,PAID
BIL-00041,POL-00014,CUST-00011,2024-09-26,4574.19,4574.19,2024-10-01,ONLINE,PAID
BIL-00042,POL-00014,CUST-00011,2024-12-26,4574.19,4574.19,2025-01-07,CARD,PAID
BIL-00043,POL-00014,CUST-00011,2025-03-27,4574.19,4574.19,2025-04-05,CARD,PAID
BIL-00044,POL-00014,CUST-00011,2025-06-26,4574.19,0,,,GRACE
BIL-00045,POL-00015,CUST-00011,2025-05-10,12599.39,12599.39,2025-05-18,ONLINE,PAID
BIL-00046,POL-00016,CUST-00012,2024-11-06,14113.86,0,,,PAST_DUE
BIL-00047,POL-00016,CUST-00012,2025-03-07,14113.86,14113.86,2025-03-10,CHECK,PAID
BIL-00048,POL-00016,CUST-00012,2025-07-07,14113.86,14113.86,2025-07-05,ACH,PAID
BIL-00049,POL-00017,CUST-00012,2024-07-20,8142.88,8142.88,2024-07-30,ONLINE,PAID
BIL-00050,POL-00017,CUST-00012,2024-10-19,8142.88,8142.88,2024-10-29,ONLINE,PAID
BIL-00051,POL-00017,CUST-00012,2025-01-18,8142.88,8142.88,2025-01-23,ONLINE,PAID
BIL-00052,POL-00017,CUST-00012,2025-04-19,8142.88,0,,,GRACE
BIL-00053,POL-00018,CUST-00013,2025-02-19,12848.22,0,,,PAST_DUE
BIL-00054,POL-00018,CUST-00013,2025-06-20,12848.22,12848.22,2025-06-16,CHECK,PAID
BIL-00055,POL-00019,CUST-00014,2025-05-03,23787.96,23787.96,2025-05-06,ONLINE,PAID
BIL-00056,POL-00020,CUST-00015,2025-04-11,4051.04,4051.04,2025-04-26,CHECK,PAID
BIL-00057,POL-00020,CUST-00015,2025-07-11,4051.04,0,,,GRACE
BIL-00058,POL-00021,CUST-00016,2024-09-13,7071.75,7071.75,2024-09-23,ONLINE,PAID
BIL-00059,POL-00021,CUST-00016,2024-11-12,7071.75,7071.75,2024-11-21,CHECK,PAID
BIL-00060,POL-00021,CUST-00016,2025-01-12,7071.75,7071.75,2025-01-18,CHECK,PAID
BIL-00061,POL-00021,CUST-00016,2025-03-14,7071.75,7071.75,2025-03-17,ACH,PAID
BIL-00062,POL-00021,CUST-00016,2025-05-14,7071.75,0,,,PAST_DUE
BIL-00063,POL-00021,CUST-00016,2025-07-14,7071.75,7071.75,2025-07-11,ONLINE,PAID
BIL-00064,POL-00022,CUST-00017,2024-08-26,9403.34,9403.34,2024-09-05,CARD,PAID
BIL-00065,POL-00022,CUST-00017,2024-12-25,9403.34,9403.34,2024-12-26,ACH,PAID
BIL-00066,POL-00022,CUST-00017,2025-04-26,9403.34,9403.34,2025-05-02,ONLINE,PAID
BIL-00067,POL-00023,CUST-00018,2025-01-11,9445.15,9445.15,2025-01-20,ONLINE,PAID
BIL-00068,POL-00023,CUST-00018,2025-04-12,9445.15,9445.15,2025-04-22,CARD,PAID
BIL-00069,POL-00023,CUST-00018,2025-07-12,9445.15,9445.15,2025-07-07,CARD,PAID
BIL-00070,POL-00024,CUST-00018,2024-10-08,766.46,766.46,2024-10-14,ONLINE,PAID
BIL-00071,POL-00024,CUST-00018,2025-01-07,766.46,766.46,2025-01-10,CARD,PAID
BIL-00072,POL-00024,CUST-00018,2025-04-08,766.46,766.46,2025-04-22,CHECK,PAID
BIL-00073,POL-00024,CUST-00018,2025-07-08,766.46,766.46,2025-07-04,CHECK,PAID
BIL-00074,POL-00025,CUST-00019,2024-09-23,4033.13,4033.13,2024-09-26,CHECK,PAID
BIL-00075,POL-00025,CUST-00019,2025-01-22,4033.13,0,,,GRACE
BIL-00076,POL-00025,CUST-00019,2025-05-24,4033.13,4033.13,2025-05-25,CHECK,PAID
BIL-00077,POL-00026,CUST-00020,2025-03-02,11376.68,11376.68,2025-03-05,ONLINE,PAID
BIL-00078,POL-00026,CUST-00020,2025-07-01,11376.68,11376.68,2025-06-27,CARD,PAID
BIL-00079,POL-00027,CUST-00020,2024-08-25,6907.38,6907.38,2024-09-05,CARD,PAID
BIL-00080,POL-00027,CUST-00020,2024-11-06,6907.38,6907.38,2024-11-17,ONLINE,PAID
BIL-00081,POL-00027,CUST-00020,2025-01-18,6907.38,6907.38,2025-01-22,CHECK,PAID
BIL-00082,POL-00027,CUST-00020,2025-04-01,6907.38,6907.38,2025-04-14,ONLINE,PAID
BIL-00083,POL-00027,CUST-00020,2025-06-13,6907.38,6907.38,2025-06-23,ONLINE,PAID
BIL-00084,POL-00028,CUST-00021,2024-10-07,7206.85,7206.85,2024-10-15,CHECK,PAID
BIL-00085,POL-00028,CUST-00021,2024-12-19,7206.85,0,,,PAST_DUE
BIL-00086,POL-00028,CUST-00021,2025-03-02,7206.85,7206.85,2025-03-12,CHECK,PAID
BIL-00087,POL-00028,CUST-00021,2025-05-14,7206.85,0,,,COLLECTIONS
BIL-00088,POL-00029,CUST-00021,2024-10-25,4659.34,4659.34,2024-11-04,ONLINE,PAID
BIL-00089,POL-00029,CUST-00021,2025-01-24,4659.34,0,,,GRACE
BIL-00090,POL-00029,CUST-00021,2025-04-25,4659.34,4659.34,2025-05-05,CHECK,PAID
BIL-00091,POL-00030,CUST-00022,2024-11-06,8321.8,8321.8,2024-11-15,ACH,PAID
BIL-00092,POL-00030,CUST-00022,2025-03-07,8321.8,0,,,GRACE
BIL-00093,POL-00030,CUST-00022,2025-07-07,8321.8,0,,,GRACE
BIL-00094,POL-00031,CUST-00023,2023-09-28,10084.33,0,,,COLLECTIONS
BIL-00095,POL-00031,CUST-00023,2023-12-10,10084.33,10084.33,2023-12-10,ACH,PAID
BIL-00096,POL-00031,CUST-00023,2024-02-21,10084.33,10084.33,2024-03-01,CHECK,PAID
BIL-00097,POL-00031,CUST-00023,2024-05-04,10084.33,10084.33,2024-05-11,ACH,PAID
BIL-00098,POL-00031,CUST-00023,2024-07-16,10084.33,0,,,GRACE
BIL-00099,POL-00032,CUST-00023,2024-08-20,4000.77,4000.77,2024-08-23,CHECK,PAID
BIL-00100,POL-00032,CUST-00023,2024-12-19,4000.77,0,,,PAST_DUE
BIL-00101,POL-00032,CUST-00023,2025-04-20,4000.77,4000.77,2025-04-20,CHECK,PAID
BIL-00102,POL-00033,CUST-00024,2024-10-22,4196.35,4196.35,2024-10-28,ONLINE,PAID
BIL-00103,POL-00033,CUST-00024,2025-01-21,4196.35,4196.35,2025-01-26,ACH,PAID
BIL-00104,POL-00033,CUST-00024,2025-04-22,4196.35,4196.35,2025-05-01,ONLINE,PAID
BIL-00105,POL-00034,CUST-00025,2024-08-18,4091.84,4091.84,2024-09-02,CARD,PAID
BIL-00106,POL-00034,CUST-00025,2024-10-30,4091.84,4091.84,2024-11-06,ONLINE,PAID
BIL-00107,POL-00034,CUST-00025,2025-01-11,4091.84,4091.84,2025-01-25,CHECK,PAID
BIL-00108,POL-00034,CUST-00025,2025-03-25,4091.84,4091.84,2025-03-29,ACH,PAID
BIL-00109,POL-00034,CUST-00025,2025-06-06,4091.84,4091.84,2025-06-11,CHECK,PAID
BIL-00110,POL-00035,CUST-00025,2025-06-06,8811.72,8811.72,2025-06-08,CARD,PAID
BIL-00111,POL-00036,CUST-00026,2025-02-18,14031.78,14031.78,2025-02-21,CARD,PAID
BIL-00112,POL-00036,CUST-00026,2025-06-19,14031.78,14031.78,2025-06-19,CARD,PAID
BIL-00113,POL-00037,CUST-00026,2025-03-12,10083.77,10083.77,2025-03-12,CHECK,PAID
BIL-00114,POL-00037,CUST-00026,2025-07-11,10083.77,0,,,GRACE
BIL-00115,POL-00038,CUST-00026,2024-08-13,3743.55,3743.55,2024-08-13,ACH,PAID
BIL-00116,POL-00038,CUST-00026,2025-02-11,3743.55,3743.55,2025-02-24,CHECK,PAID
BIL-00117,POL-00039,CUST-00027,2024-12-04,3128.31,3128.31,2024-12-18,CHECK,PAID
BIL-00118,POL-00039,CUST-00027,2025-02-15,3128.31,3128.31,2025-02-20,ONLINE,PAID
BIL-00119,POL-00039,CUST-00027,2025-04-29,3128.31,3128.31,2025-05-01,ONLINE,PAID
BIL-00120,POL-00039,CUST-00027,2025-07-11,3128.31,3128.31,2025-07-10,CHECK,PAID
BIL-00121,POL-00040,CUST-00027,2024-12-10,2379.03,2379.03,2024-12-18,CHECK,PAID
BIL-00122,POL-00041,CUST-00028,2024-11-25,6664.49,6664.49,2024-12-10,CARD,PAID
BIL-00123,POL-00042,CUST-00029,2025-01-24,4702.14,4702.14,2025-01-25,CHECK,PAID
BIL-00124,POL-00042,CUST-00029,2025-04-07,4702.14,4702.14,2025-04-09,ONLINE,PAID
BIL-00125,POL-00042,CUST-00029,2025-06-19,4702.14,4702.14,2025-06-14,CARD,PAID
BIL-00126,POL-00043,CUST-00029,2024-10-03,18281.9,18281.9,2024-10-08,ONLINE,PAID
BIL-00127,POL-00043,CUST-00029,2025-04-03,18281.9,0,,,GRACE
BIL-00128,POL-00044,CUST-00030,2024-11-29,789.23,789.23,2024-12-13,CARD,PAID
BIL-00129,POL-00044,CUST-00030,2025-02-10,789.23,789.23,2025-02-16,CARD,PAID
BIL-00130,POL-00044,CUST-00030,2025-04-24,789.23,0,,,GRACE
BIL-00131,POL-00044,CUST-00030,2025-07-06,789.23,0,,,GRACE
BIL-00132,POL-00045,CUST-00031,2024-07-21,13530.22,13530.22,2024-07-25,CARD,PAID
BIL-00133,POL-00045,CUST-00031,2024-10-20,13530.22,13530.22,2024-10-25,ACH,PAID
BIL-00134,POL-00045,CUST-00031,2025-01-19,13530.22,13530.22,2025-01-29,ACH,PAID
BIL-00135,POL-00045,CUST-00031,2025-04-20,13530.22,13530.22,2025-04-27,CARD,PAID
BIL-00136,POL-00046,CUST-00031,2025-04-13,13217.14,0,,,PAST_DUE
BIL-00137,POL-00047,CUST-00032,2025-05-27,5770.12,5770.12,2025-06-03,CARD,PAID
BIL-00138,POL-00048,CUST-00032,2024-08-06,9594.07,9594.07,2024-08-15,CHECK,PAID
BIL-00139,POL-00048,CUST-00032,2024-11-05,9594.07,9594.07,2024-11-20,ONLINE,PAID
BIL-00140,POL-00048,CUST-00032,2025-02-04,9594.07,9594.07,2025-02-19,CARD,PAID
BIL-00141,POL-00048,CUST-00032,2025-05-06,9594.07,9594.07,2025-05-18,CHECK,PAID
BIL-00142,POL-00049,CUST-00033,2024-11-25,5391.51,0,,,GRACE
BIL-00143,POL-00049,CUST-00033,2025-03-26,5391.51,5391.51,2025-04-03,CHECK,PAID
BIL-00144,POL-00050,CUST-00034,2025-05-13,3723.64,3723.64,2025-05-28,ACH,PAID
BIL-00145,POL-00050,CUST-00034,2025-07-12,3723.64,3723.64,2025-07-09,ONLINE,PAID
BIL-00146,POL-00051,CUST-00034,2025-03-03,14515.5,14515.5,2025-03-08,ONLINE,PAID
BIL-00147,POL-00052,CUST-00035,2025-01-15,3174.97,3174.97,2025-01-25,CARD,PAID
BIL-00148,POL-00053,CUST-00036,2024-08-14,4312.4,4312.4,2024-08-29,ACH,PAID
BIL-00149,POL-00053,CUST-00036,2024-10-13,4312.4,4312.4,2024-10-23,CARD,PAID
BIL-00150,POL-00053,CUST-00036,2024-12-13,4312.4,4312.4,2024-12-20,CARD,PAID
BIL-00151,POL-00053,CUST-00036,2025-02-12,4312.4,4312.4,2025-02-15,CARD,PAID
BIL-00152,POL-00053,CUST-00036,2025-04-14,4312.4,4312.4,2025-04-26,ACH,PAID
BIL-00153,POL-00053,CUST-00036,2025-06-14,4312.4,4312.4,2025-06-19,ACH,PAID
BIL-00154,POL-00054,CUST-00036,2025-05-06,19306.37,19306.37,2025-05-21,ONLINE,PAID
BIL-00155,POL-00055,CUST-00037,2025-01-12,2545.16,2545.16,2025-01-26,CHECK,PAID
BIL-00156,POL-00055,CUST-00037,2025-03-13,2545.16,2545.16,2025-03-24,CHECK,PAID
BIL-00157,POL-00055,CUST-00037,2025-05-13,2545.16,2545.16,2025-05-25,ACH,PAID
BIL-00158,POL-00055,CUST-00037,2025-07-13,2545.16,0,,,GRACE
BIL-00159,POL-00056,CUST-00038,2024-10-02,25822.64,25822.64,2024-10-10,CHECK,PAID
BIL-00160,POL-00056,CUST-00038,2025-04-02,25822.64,25822.64,2025-04-14,ACH,PAID
BIL-00161,POL-00057,CUST-00038,2024-12-06,6295.12,0,,,PAST_DUE
BIL-00162,POL-00057,CUST-00038,2025-02-04,6295.12,6295.12,2025-02-07,ONLINE,PAID
BIL-00163,POL-00057,CUST-00038,2025-04-06,6295.12,6295.12,2025-04-11,CARD,PAID
BIL-00164,POL-00058,CUST-00039,2024-11-04,8714.2,0,,,PAST_DUE
BIL-00165,POL-00058,CUST-00039,2025-01-03,8714.2,0,,,PAST_DUE
BIL-00166,POL-00058,CUST-00039,2025-03-05,8714.2,8714.2,2025-03-09,CARD,PAID
BIL-00167,POL-00058,CUST-00039,2025-05-05,8714.2,8714.2,2025-05-16,ACH,PAID
BIL-00168,POL-00058,CUST-00039,2025-07-05,8714.2,8714.2,2025-07-04,ONLINE,PAID
BIL-00169,POL-00059,CUST-00039,2024-07-23,1022.87,1022.87,2024-07-29,ACH,PAID
BIL-00170,POL-00059,CUST-00039,2024-10-22,1022.87,1022.87,2024-10-28,ACH,PAID
BIL-00171,POL-00059,CUST-00039,2025-01-21,1022.87,1022.87,2025-02-05,ACH,PAID
BIL-00172,POL-00059,CUST-00039,2025-04-22,1022.87,1022.87,2025-05-07,ACH,PAID
BIL-00173,POL-00060,CUST-00040,2025-04-01,4242.2,0,,,GRACE
BIL-00174,POL-00060,CUST-00040,2025-05-31,4242.2,4242.2,2025-06-01,CARD,PAID
BIL-00175,POL-00061,CUST-00041,2024-08-19,14488.13,14488.13,2024-08-24,ACH,PAID
BIL-00176,POL-00061,CUST-00041,2024-12-18,14488.13,0,,,PAST_DUE
BIL-00177,POL-00061,CUST-00041,2025-04-19,14488.13,0,,,PAST_DUE
BIL-00178,POL-00062,CUST-00041,2025-02-06,4537.67,4537.67,2025-02-10,ACH,PAID
BIL-00179,POL-00062,CUST-00041,2025-04-20,4537.67,4537.67,2025-04-22,ACH,PAID
BIL-00180,POL-00062,CUST-00041,2025-07-02,4537.67,4537.67,2025-06-29,ACH,PAID
BIL-00181,POL-00063,CUST-00042,2024-08-29,16685.34,0,,,PAST_DUE
BIL-00182,POL-00063,CUST-00042,2024-12-28,16685.34,16685.34,2024-12-29,ONLINE,PAID
BIL-00183,POL-00063,CUST-00042,2025-04-29,16685.34,16685.34,2025-05-09,ONLINE,PAID
BIL-00184,POL-00064,CUST-00042,2025-03-21,10323.42,10323.42,2025-03-27,ACH,PAID
BIL-00185,POL-00065,CUST-00043,2025-04-08,5456.34,5456.34,2025-04-21,ONLINE,PAID
BIL-00186,POL-00065,CUST-00043,2025-07-08,5456.34,5456.34,2025-07-04,ACH,PAID
BIL-00187,POL-00066,CUST-00044,2025-03-09,14998.88,14998.88,2025-03-18,ACH,PAID
BIL-00188,POL-00066,CUST-00044,2025-07-08,14998.88,14998.88,2025-07-06,CARD,PAID
BIL-00189,POL-00067,CUST-00045,2025-04-13,9096.19,9096.19,2025-04-13,ONLINE,PAID
BIL-00190,POL-00068,CUST-00046,2024-02-29,4273.87,4273.87,2024-03-10,ACH,PAID
BIL-00191,POL-00069,CUST-00046,2024-03-06,340.59,340.59,2024-03-10,CARD,PAID
BIL-00192,POL-00069,CUST-00046,2024-05-05,340.59,340.59,2024-05-17,CARD,PAID
BIL-00193,POL-00069,CUST-00046,2024-07-05,340.59,340.59,2024-07-11,CHECK,PAID
BIL-00194,POL-00069,CUST-00046,2024-09-04,340.59,0,,,COLLECTIONS
BIL-00195,POL-00069,CUST-00046,2024-11-04,340.59,340.59,2024-11-16,ACH,PAID
BIL-00196,POL-00069,CUST-00046,2025-01-04,340.59,340.59,2025-01-04,CARD,PAID
BIL-00197,POL-00070,CUST-00047,2024-12-13,9162.97,9162.97,2024-12-17,ONLINE,PAID
BIL-00198,POL-00070,CUST-00047,2025-02-11,9162.97,9162.97,2025-02-14,CARD,PAID
BIL-00199,POL-00070,CUST-00047,2025-04-13,9162.97,0,,,GRACE
BIL-00200,POL-00070,CUST-00047,2025-06-13,9162.97,9162.97,2025-06-21,CARD,PAID
BIL-00201,POL-00071,CUST-00048,2025-04-05,1444.65,0,,,GRACE
BIL-00202,POL-00071,CUST-00048,2025-06-17,1444.65,1444.65,2025-06-13,CHECK,PAID
BIL-00203,POL-00072,CUST-00049,2024-08-15,7946.81,7946.81,2024-08-19,CARD,PAID
BIL-00204,POL-00072,CUST-00049,2024-10-27,7946.81,7946.81,2024-11-04,ACH,PAID
BIL-00205,POL-00072,CUST-00049,2025-01-08,7946.81,0,,,PAST_DUE
BIL-00206,POL-00072,CUST-00049,2025-03-22,7946.81,7946.81,2025-03-22,CARD,PAID
BIL-00207,POL-00072,CUST-00049,2025-06-03,7946.81,0,,,COLLECTIONS
BIL-00208,POL-00073,CUST-00050,2025-05-05,12171.17,12171.17,2025-05-16,CARD,PAID
BIL-00209,POL-00074,CUST-00051,2025-03-08,8874.22,8874.22,2025-03-23,CHECK,PAID
BIL-00210,POL-00074,CUST-00051,2025-05-20,8874.22,8874.22,2025-05-21,ONLINE,PAID
BIL-00211,POL-00075,CUST-00052,2024-09-08,23436.42,23436.42,2024-09-08,ONLINE,PAID
BIL-00212,POL-00075,CUST-00052,2025-03-09,23436.42,23436.42,2025-03-13,CHECK,PAID
BIL-00213,POL-00076,CUST-00052,2024-08-02,449.01,449.01,2024-08-05,CHECK,PAID
BIL-00214,POL-00076,CUST-00052,2024-10-01,449.01,449.01,2024-10-06,ACH,PAID
BIL-00215,POL-00076,CUST-00052,2024-12-01,449.01,449.01,2024-12-10,ACH,PAID
BIL-00216,POL-00076,CUST-00052,2025-01-31,449.01,449.01,2025-02-03,ACH,PAID
BIL-00217,POL-00076,CUST-00052,2025-04-02,449.01,449.01,2025-04-14,ONLINE,PAID
BIL-00218,POL-00076,CUST-00052,2025-06-02,449.01,449.01,2025-06-16,CHECK,PAID
BIL-00219,POL-00077,CUST-00053,2024-07-28,6315.05,0,,,PAST_DUE
BIL-00220,POL-00077,CUST-00053,2024-10-09,6315.05,6315.05,2024-10-11,CHECK,PAID
BIL-00221,POL-00077,CUST-00053,2024-12-21,6315.05,6315.05,2025-01-01,CHECK,PAID
BIL-00222,POL-00077,CUST-00053,2025-03-04,6315.05,6315.05,2025-03-09,CARD,PAID
BIL-00223,POL-00077,CUST-00053,2025-05-16,6315.05,6315.05,2025-05-19,CARD,PAID
BIL-00224,POL-00078,CUST-00054,2024-08-30,12851.67,12851.67,2024-08-30,ACH,PAID
BIL-00225,POL-00078,CUST-00054,2024-11-29,12851.67,12851.67,2024-11-30,ACH,PAID
BIL-00226,POL-00078,CUST-00054,2025-02-28,12851.67,12851.67,2025-03-03,ACH,PAID
BIL-00227,POL-00078,CUST-00054,2025-05-30,12851.67,12851.67,2025-06-12,CARD,PAID
BIL-00228,POL-00079,CUST-00054,2025-03-11,1889.84,1889.84,2025-03-19,ACH,PAID
BIL-00229,POL-00080,CUST-00055,2024-09-14,8895.34,8895.34,2024-09-15,ACH,PAID
BIL-00230,POL-00080,CUST-00055,2024-11-26,8895.34,8895.34,2024-12-07,ONLINE,PAID
BIL-00231,POL-00080,CUST-00055,2025-02-07,8895.34,8895.34,2025-02-07,ACH,PAID
BIL-00232,POL-00080,CUST-00055,2025-04-21,8895.34,0,,,COLLECTIONS
BIL-00233,POL-00080,CUST-00055,2025-07-03,8895.34,0,,,GRACE
BIL-00234,POL-00081,CUST-00055,2025-04-12,3917.86,3917.86,2025-04-13,ONLINE,PAID
BIL-00235,POL-00081,CUST-00055,2025-06-24,3917.86,3917.86,2025-06-23,ACH,PAID
BIL-00236,POL-00082,CUST-00056,2025-02-23,9529.18,9529.18,2025-03-05,ACH,PAID
BIL-00237,POL-00082,CUST-00056,2025-05-07,9529.18,0,,,GRACE
BIL-00238,POL-00083,CUST-00056,2024-08-09,4625.44,4625.44,2024-08-17,ONLINE,PAID
BIL-00239,POL-00083,CUST-00056,2024-11-08,4625.44,4625.44,2024-11-20,CARD,PAID
BIL-00240,POL-00083,CUST-00056,2025-02-07,4625.44,4625.44,2025-02-13,ACH,PAID
BIL-00241,POL-00083,CUST-00056,2025-05-09,4625.44,4625.44,2025-05-22,CARD,PAID
BIL-00242,POL-00084,CUST-00057,2024-06-20,13561.43,13561.43,2024-07-01,ONLINE,PAID
BIL-00243,POL-00084,CUST-00057,2024-09-19,13561.43,13561.43,2024-10-02,CHECK,PAID
BIL-00244,POL-00084,CUST-00057,2024-12-19,13561.43,13561.43,2024-12-25,ACH,PAID
BIL-00245,POL-00084,CUST-00057,2025-03-20,13561.43,13561.43,2025-03-30,CARD,PAID
BIL-00246,POL-00085,CUST-00058,2023-11-25,1417.71,1417.71,2023-11-30,ONLINE,PAID
BIL-00247,POL-00085,CUST-00058,2024-03-25,1417.71,0,,,PAST_DUE
BIL-00248,POL-00085,CUST-00058,2024-07-25,1417.71,1417.71,2024-08-06,ONLINE,PAID
BIL-00249,POL-00086,CUST-00059,2024-08-14,9498.8,9498.8,2024-08-16,CARD,PAID
BIL-00250,POL-00086,CUST-00059,2024-12-13,9498.8,9498.8,2024-12-28,ACH,PAID
BIL-00251,POL-00086,CUST-00059,2025-04-14,9498.8,9498.8,2025-04-22,ONLINE,PAID
BIL-00252,POL-00087,CUST-00060,2025-01-11,3432.99,3432.99,2025-01-20,CHECK,PAID
BIL-00253,POL-00087,CUST-00060,2025-03-25,3432.99,3432.99,2025-03-25,ACH,PAID
BIL-00254,POL-00087,CUST-00060,2025-06-06,3432.99,3432.99,2025-06-07,ONLINE,PAID
BIL-00255,POL-00088,CUST-00060,2025-04-02,5146.44,5146.44,2025-04-16,ACH,PAID
BIL-00256,POL-00088,CUST-00060,2025-06-01,5146.44,0,,,PAST_DUE
BIL-00257,POL-00089,CUST-00061,2025-04-01,15174.76,15174.76,2025-04-09,CARD,PAID
BIL-00258,POL-00090,CUST-00062,2023-08-13,3282.31,3282.31,2023-08-15,CHECK,PAID
BIL-00259,POL-00090,CUST-00062,2023-10-12,3282.31,3282.31,2023-10-22,CARD,PAID
BIL-00260,POL-00090,CUST-00062,2023-12-12,3282.31,3282.31,2023-12-14,CHECK,PAID
BIL-00261,POL-00090,CUST-00062,2024-02-11,3282.31,3282.31,2024-02-12,CHECK,PAID
BIL-00262,POL-00090,CUST-00062,2024-04-12,3282.31,3282.31,2024-04-13,CHECK,PAID
BIL-00263,POL-00090,CUST-00062,2024-06-12,3282.31,3282.31,2024-06-27,ONLINE,PAID
BIL-00264,POL-00091,CUST-00062,2023-07-30,5279.42,5279.42,2023-08-14,CARD,PAID
BIL-00265,POL-00091,CUST-00062,2023-09-28,5279.42,5279.42,2023-10-04,ONLINE,PAID
BIL-00266,POL-00091,CUST-00062,2023-11-28,5279.42,5279.42,2023-12-01,ONLINE,PAID
BIL-00267,POL-00091,CUST-00062,2024-01-28,5279.42,5279.42,2024-02-06,ACH,PAID
BIL-00268,POL-00091,CUST-00062,2024-03-29,5279.42,5279.42,2024-04-10,ACH,PAID
BIL-00269,POL-00091,CUST-00062,2024-05-29,5279.42,5279.42,2024-06-13,CHECK,PAID
BIL-00270,POL-00092,CUST-00063,2024-09-13,27323.28,27323.28,2024-09-21,CARD,PAID
BIL-00271,POL-00092,CUST-00063,2025-03-14,27323.28,27323.28,2025-03-19,CHECK,PAID
BIL-00272,POL-00093,CUST-00063,2024-08-23,2732.31,2732.31,2024-09-01,ACH,PAID
BIL-00273,POL-00093,CUST-00063,2024-11-04,2732.31,0,,,COLLECTIONS
BIL-00274,POL-00093,CUST-00063,2025-01-16,2732.31,2732.31,2025-01-16,ACH,PAID
BIL-00275,POL-00093,CUST-00063,2025-03-30,2732.31,2732.31,2025-04-07,CARD,PAID
BIL-00276,POL-00093,CUST-00063,2025-06-11,2732.31,0,,,PAST_DUE
BIL-00277,POL-00094,CUST-00064,2024-11-05,1852.42,1852.42,2024-11-19,ACH,PAID
BIL-00278,POL-00094,CUST-00064,2025-03-06,1852.42,1852.42,2025-03-11,ACH,PAID
BIL-00279,POL-00094,CUST-00064,2025-07-06,1852.42,1852.42,2025-07-06,CARD,PAID
BIL-00280,POL-00095,CUST-00065,2024-06-01,23757.36,23757.36,2024-06-09,ACH,PAID
BIL-00281,POL-00095,CUST-00065,2024-11-30,23757.36,23757.36,2024-12-02,CARD,PAID
BIL-00282,POL-00096,CUST-00066,2024-07-27,10267.01,10267.01,2024-08-10,CARD,PAID
BIL-00283,POL-00096,CUST-00066,2024-10-26,10267.01,0,,,PAST_DUE
BIL-00284,POL-00096,CUST-00066,2025-01-25,10267.01,10267.01,2025-02-08,ACH,PAID
BIL-00285,POL-00096,CUST-00066,2025-04-26,10267.01,10267.01,2025-05-05,ACH,PAID
BIL-00286,POL-00097,CUST-00067,2024-07-23,24529.0,0,,,COLLECTIONS
BIL-00287,POL-00097,CUST-00067,2025-01-21,24529.0,0,,,PAST_DUE
BIL-00288,POL-00098,CUST-00067,2024-08-27,3787.03,3787.03,2024-08-31,CARD,PAID
BIL-00289,POL-00098,CUST-00067,2024-11-26,3787.03,3787.03,2024-12-10,CHECK,PAID
BIL-00290,POL-00099,CUST-00068,2024-08-27,6347.14,6347.14,2024-09-03,ONLINE,PAID
BIL-00291,POL-00099,CUST-00068,2024-10-26,6347.14,0,,,COLLECTIONS
BIL-00292,POL-00099,CUST-00068,2024-12-26,6347.14,6347.14,2024-12-26,CARD,PAID
BIL-00293,POL-00099,CUST-00068,2025-02-25,6347.14,6347.14,2025-02-25,CHECK,PAID
BIL-00294,POL-00099,CUST-00068,2025-04-27,6347.14,6347.14,2025-05-10,ONLINE,PAID
BIL-00295,POL-00099,CUST-00068,2025-06-27,6347.14,6347.14,2025-06-22,ACH,PAID
BIL-00296,POL-00100,CUST-00069,2025-04-11,7880.53,7880.53,2025-04-23,ACH,PAID
BIL-00297,POL-00101,CUST-00070,2024-10-27,4582.54,4582.54,2024-10-29,ACH,PAID
BIL-00298,POL-00101,CUST-00070,2025-01-26,4582.54,0,,,GRACE
BIL-00299,POL-00101,CUST-00070,2025-04-27,4582.54,4582.54,2025-05-12,CHECK,PAID
BIL-00300,POL-00102,CUST-00070,2024-11-09,9629.02,9629.02,2024-11-22,CARD,PAID
BIL-00301,POL-00102,CUST-00070,2025-03-10,9629.02,9629.02,2025-03-22,ONLINE,PAID
BIL-00302,POL-00102,CUST-00070,2025-07-10,9629.02,0,,,GRACE
BIL-00303,POL-00103,CUST-00071,2024-11-05,23931.35,23931.35,2024-11-16,CARD,PAID
BIL-00304,POL-00103,CUST-00071,2025-05-06,23931.35,23931.35,2025-05-14,ACH,PAID
BIL-00305,POL-00104,CUST-00072,2024-12-12,2939.73,2939.73,2024-12-23,ONLINE,PAID
BIL-00306,POL-00104,CUST-00072,2025-02-10,2939.73,2939.73,2025-02-17,CARD,PAID
BIL-00307,POL-00104,CUST-00072,2025-04-12,2939.73,2939.73,2025-04-19,CHECK,PAID
BIL-00308,POL-00104,CUST-00072,2025-06-12,2939.73,2939.73,2025-06-23,ACH,PAID
BIL-00309,POL-00105,CUST-00072,2025-04-26,6788.58,6788.58,2025-05-08,CARD,PAID
BIL-00310,POL-00105,CUST-00072,2025-07-08,6788.58,6788.58,2025-07-08,ONLINE,PAID
BIL-00311,POL-00106,CUST-00073,2024-10-08,12505.12,12505.12,2024-10-20,ONLINE,PAID
BIL-00312,POL-00106,CUST-00073,2025-01-07,12505.12,12505.12,2025-01-15,ONLINE,PAID
BIL-00313,POL-00106,CUST-00073,2025-04-08,12505.12,12505.12,2025-04-22,CHECK,PAID
BIL-00314,POL-00106,CUST-00073,2025-07-08,12505.12,12505.12,2025-07-05,ACH,PAID
BIL-00315,POL-00107,CUST-00074,2025-02-25,7276.63,7276.63,2025-02-28,ONLINE,PAID
BIL-00316,POL-00108,CUST-00075,2024-09-26,12897.47,12897.47,2024-10-07,CARD,PAID
BIL-00317,POL-00108,CUST-00075,2025-01-25,12897.47,12897.47,2025-02-07,CHECK,PAID
BIL-00318,POL-00108,CUST-00075,2025-05-27,12897.47,12897.47,2025-05-31,ACH,PAID
BIL-00319,POL-00109,CUST-00076,2024-08-27,8996.66,0,,,GRACE
BIL-00320,POL-00109,CUST-00076,2024-10-26,8996.66,0,,,GRACE
BIL-00321,POL-00109,CUST-00076,2024-12-26,8996.66,8996.66,2025-01-03,ONLINE,PAID
BIL-00322,POL-00109,CUST-00076,2025-02-25,8996.66,8996.66,2025-03-04,ACH,PAID
BIL-00323,POL-00109,CUST-00076,2025-04-27,8996.66,0,,,PAST_DUE
BIL-00324,POL-00109,CUST-00076,2025-06-27,8996.66,8996.66,2025-06-25,ONLINE,PAID
BIL-00325,POL-00110,CUST-00076,2025-02-04,1933.66,1933.66,2025-02-18,ACH,PAID
BIL-00326,POL-00110,CUST-00076,2025-04-18,1933.66,1933.66,2025-04-20,ACH,PAID
BIL-00327,POL-00110,CUST-00076,2025-06-30,1933.66,1933.66,2025-06-29,ACH,PAID
BIL-00328,POL-00111,CUST-00077,2024-06-17,3100.94,0,,,PAST_DUE
BIL-00329,POL-00111,CUST-00077,2024-08-16,3100.94,0,,,COLLECTIONS
BIL-00330,POL-00111,CUST-00077,2024-10-16,3100.94,3100.94,2024-10-21,CARD,PAID
BIL-00331,POL-00111,CUST-00077,2024-12-16,3100.94,3100.94,2024-12-19,CARD,PAID
BIL-00332,POL-00111,CUST-00077,2025-02-15,3100.94,3100.94,2025-02-28,ACH,PAID
BIL-00333,POL-00111,CUST-00077,2025-04-17,3100.94,3100.94,2025-04-24,ACH,PAID
BIL-00334,POL-00112,CUST-00078,2024-11-10,12493.53,12493.53,2024-11-13,ONLINE,PAID
BIL-00335,POL-00112,CUST-00078,2025-02-09,12493.53,12493.53,2025-02-09,CARD,PAID
BIL-00336,POL-00113,CUST-00079,2025-03-10,4996.91,0,,,PAST_DUE
BIL-00337,POL-00113,CUST-00079,2025-06-09,4996.91,4996.91,2025-06-18,ONLINE,PAID
BIL-00338,POL-00114,CUST-00080,2024-09-18,17272.79,17272.79,2024-09-21,ONLINE,PAID
BIL-00339,POL-00115,CUST-00080,2024-09-20,7558.92,7558.92,2024-09-26,CHECK,PAID
BIL-00340,POL-00115,CUST-00080,2024-12-20,7558.92,7558.92,2025-01-02,ONLINE,PAID
BIL-00341,POL-00115,CUST-00080,2025-03-21,7558.92,7558.92,2025-04-05,ONLINE,PAID
BIL-00342,POL-00115,CUST-00080,2025-06-20,7558.92,0,,,GRACE
BIL-00343,POL-00116,CUST-00081,2024-12-24,10909.68,10909.68,2024-12-28,CHECK,PAID
BIL-00344,POL-00117,CUST-00081,2024-10-11,5955.7,5955.7,2024-10-12,ACH,PAID
BIL-00345,POL-00117,CUST-00081,2024-12-10,5955.7,0,,,PAST_DUE
BIL-00346,POL-00117,CUST-00081,2025-02-09,5955.7,5955.7,2025-02-13,ACH,PAID
BIL-00347,POL-00117,CUST-00081,2025-04-11,5955.7,5955.7,2025-04-25,CHECK,PAID
BIL-00348,POL-00117,CUST-00081,2025-06-11,5955.7,5955.7,2025-06-14,CARD,PAID
BIL-00349,POL-00118,CUST-00081,2025-01-10,1854.56,1854.56,2025-01-22,ONLINE,PAID
BIL-00350,POL-00118,CUST-00081,2025-04-11,1854.56,0,,,GRACE
BIL-00351,POL-00118,CUST-00081,2025-07-11,1854.56,1854.56,2025-07-07,CARD,PAID
BIL-00352,POL-00119,CUST-00082,2024-10-23,2883.31,2883.31,2024-11-06,CHECK,PAID
BIL-00353,POL-00119,CUST-00082,2024-12-22,2883.31,0,,,GRACE
BIL-00354,POL-00119,CUST-00082,2025-02-21,2883.31,2883.31,2025-03-02,ACH,PAID
BIL-00355,POL-00119,CUST-00082,2025-04-23,2883.31,2883.31,2025-05-01,CHECK,PAID
BIL-00356,POL-00119,CUST-00082,2025-06-23,2883.31,0,,,GRACE
BIL-00357,POL-00120,CUST-00083,2024-09-18,16116.08,16116.08,2024-09-22,CARD,PAID
BIL-00358,POL-00120,CUST-00083,2025-03-19,16116.08,16116.08,2025-04-03,CHECK,PAID
BIL-00359,POL-00121,CUST-00083,2025-02-07,2492.88,2492.88,2025-02-19,ACH,PAID
BIL-00360,POL-00121,CUST-00083,2025-06-08,2492.88,2492.88,2025-06-10,ONLINE,PAID
BIL-00361,POL-00122,CUST-00084,2024-07-28,27287.38,27287.38,2024-07-29,CARD,PAID
BIL-00362,POL-00122,CUST-00084,2025-01-26,27287.38,27287.38,2025-02-07,CARD,PAID
BIL-00363,POL-00123,CUST-00085,2024-10-13,4282.5,4282.5,2024-10-26,CARD,PAID
BIL-00364,POL-00123,CUST-00085,2024-12-25,4282.5,4282.5,2025-01-02,CHECK,PAID
BIL-00365,POL-00123,CUST-00085,2025-03-08,4282.5,4282.5,2025-03-09,ONLINE,PAID
BIL-00366,POL-00123,CUST-00085,2025-05-20,4282.5,4282.5,2025-05-21,ACH,PAID
BIL-00367,POL-00124,CUST-00085,2025-04-11,4112.01,4112.01,2025-04-20,CARD,PAID
BIL-00368,POL-00124,CUST-00085,2025-06-10,4112.01,4112.01,2025-06-18,CARD,PAID
BIL-00369,POL-00125,CUST-00086,2025-06-05,10128.35,10128.35,2025-06-17,ONLINE,PAID
BIL-00370,POL-00126,CUST-00087,2024-05-31,9720.87,9720.87,2024-06-13,ONLINE,PAID
BIL-00371,POL-00126,CUST-00087,2024-08-30,9720.87,9720.87,2024-08-31,CHECK,PAID
BIL-00372,POL-00126,CUST-00087,2024-11-29,9720.87,9720.87,2024-12-07,CARD,PAID
BIL-00373,POL-00126,CUST-00087,2025-02-28,9720.87,9720.87,2025-03-09,CHECK,PAID
BIL-00374,POL-00127,CUST-00087,2024-06-16,4573.71,0,,,PAST_DUE
BIL-00375,POL-00127,CUST-00087,2024-08-28,4573.71,4573.71,2024-09-11,CHECK,PAID
BIL-00376,POL-00127,CUST-00087,2024-11-09,4573.71,4573.71,2024-11-09,ONLINE,PAID
BIL-00377,POL-00127,CUST-00087,2025-01-21,4573.71,4573.71,2025-01-30,CHECK,PAID
BIL-00378,POL-00127,CUST-00087,2025-04-04,4573.71,0,,,GRACE
BIL-00379,POL-00128,CUST-00088,2025-04-24,10722.12,10722.12,2025-04-24,ONLINE,PAID
BIL-00380,POL-00129,CUST-00088,2025-03-31,5220.02,5220.02,2025-04-11,CHECK,PAID
BIL-00381,POL-00130,CUST-00089,2024-12-03,4597.15,0,,,PAST_DUE
BIL-00382,POL-00130,CUST-00089,2025-02-14,4597.15,4597.15,2025-02-19,ONLINE,PAID
BIL-00383,POL-00130,CUST-00089,2025-04-28,4597.15,4597.15,2025-05-07,ACH,PAID
BIL-00384,POL-00130,CUST-00089,2025-07-10,4597.15,4597.15,2025-07-05,CHECK,PAID
BIL-00385,POL-00131,CUST-00089,2024-11-09,6567.29,6567.29,2024-11-16,ACH,PAID
BIL-00386,POL-00131,CUST-00089,2025-01-08,6567.29,6567.29,2025-01-21,CARD,PAID
BIL-00387,POL-00131,CUST-00089,2025-03-10,6567.29,0,,,PAST_DUE
BIL-00388,POL-00131,CUST-00089,2025-05-10,6567.29,6567.29,2025-05-14,CHECK,PAID
BIL-00389,POL-00131,CUST-00089,2025-07-10,6567.29,6567.29,2025-07-07,ONLINE,PAID
BIL-00390,POL-00132,CUST-00090,2025-05-22,8692.68,8692.68,2025-06-06,CHECK,PAID
BIL-00391,POL-00133,CUST-00090,2024-10-17,6468.53,6468.53,2024-10-27,ACH,PAID
BIL-00392,POL-00133,CUST-00090,2024-12-29,6468.53,6468.53,2025-01-01,ACH,PAID
BIL-00393,POL-00133,CUST-00090,2025-03-12,6468.53,6468.53,2025-03-15,ACH,PAID
BIL-00394,POL-00133,CUST-00090,2025-05-24,6468.53,6468.53,2025-06-01,ONLINE,PAID
BIL-00395,POL-00134,CUST-00091,2024-09-06,9437.75,9437.75,2024-09-06,ACH,PAID
BIL-00396,POL-00134,CUST-00091,2025-03-07,9437.75,9437.75,2025-03-19,ONLINE,PAID
BIL-00397,POL-00135,CUST-00092,2024-12-01,8201.99,0,,,COLLECTIONS
BIL-00398,POL-00135,CUST-00092,2025-02-12,8201.99,8201.99,2025-02-14,CARD,PAID
BIL-00399,POL-00135,CUST-00092,2025-04-26,8201.99,8201.99,2025-05-07,ONLINE,PAID
BIL-00400,POL-00135,CUST-00092,2025-07-08,8201.99,0,,,GRACE
BIL-00401,POL-00136,CUST-00093,2024-10-30,14815.33,0,,,GRACE
BIL-00402,POL-00136,CUST-00093,2025-04-30,14815.33,14815.33,2025-05-04,ONLINE,PAID
BIL-00403,POL-00137,CUST-00094,2025-03-09,10957.69,0,,,PAST_DUE
BIL-00404,POL-00137,CUST-00094,2025-06-08,10957.69,10957.69,2025-06-21,ACH,PAID
BIL-00405,POL-00138,CUST-00095,2025-04-16,16932.17,16932.17,2025-04-21,ACH,PAID
BIL-00406,POL-00139,CUST-00096,2025-05-23,2625.65,2625.65,2025-05-30,ONLINE,PAID
BIL-00407,POL-00140,CUST-00097,2025-05-08,6493.52,6493.52,2025-05-19,ONLINE,PAID
BIL-00408,POL-00141,CUST-00098,2024-07-19,2524.0,2524.0,2024-07-30,CARD,PAID
BIL-00409,POL-00141,CUST-00098,2024-09-17,2524.0,2524.0,2024-09-25,CARD,PAID
BIL-00410,POL-00141,CUST-00098,2024-11-17,2524.0,2524.0,2024-11-20,CARD,PAID
BIL-00411,POL-00141,CUST-00098,2025-01-17,2524.0,2524.0,2025-01-25,CHECK,PAID
BIL-00412,POL-00141,CUST-00098,2025-03-19,2524.0,2524.0,2025-03-27,ACH,PAID
BIL-00413,POL-00141,CUST-00098,2025-05-19,2524.0,2524.0,2025-06-01,CHECK,PAID
BIL-00414,POL-00142,CUST-00098,2024-07-28,6345.97,6345.97,2024-08-06,ONLINE,PAID
BIL-00415,POL-00142,CUST-00098,2024-10-27,6345.97,6345.97,2024-10-31,CARD,PAID
BIL-00416,POL-00142,CUST-00098,2025-01-26,6345.97,6345.97,2025-01-28,ACH,PAID
BIL-00417,POL-00142,CUST-00098,2025-04-27,6345.97,6345.97,2025-05-03,CARD,PAID
BIL-00418,POL-00143,CUST-00099,2025-04-01,7268.53,7268.53,2025-04-16,ACH,PAID
BIL-00419,POL-00143,CUST-00099,2025-06-13,7268.53,7268.53,2025-06-25,CARD,PAID
BIL-00420,POL-00144,CUST-00099,2025-02-08,11239.55,11239.55,2025-02-13,ONLINE,PAID
BIL-00421,POL-00144,CUST-00099,2025-06-09,11239.55,11239.55,2025-06-15,ONLINE,PAID
BIL-00422,POL-00145,CUST-00100,2024-06-28,14406.16,14406.16,2024-07-13,CHECK,PAID
BIL-00423,POL-00145,CUST-00100,2024-10-27,14406.16,14406.16,2024-10-28,ACH,PAID
BIL-00424,POL-00145,CUST-00100,2025-02-26,14406.16,14406.16,2025-03-10,CARD,PAID
BIL-00425,POL-00146,CUST-00100,2024-07-04,1973.9,1973.9,2024-07-10,ACH,PAID
BIL-00426,POL-00146,CUST-00100,2025-01-02,1973.9,1973.9,2025-01-09,CHECK,PAID
BIL-00427,POL-00147,CUST-00101,2024-07-26,6560.48,6560.48,2024-07-30,CHECK,PAID
BIL-00428,POL-00147,CUST-00101,2024-09-24,6560.48,6560.48,2024-10-01,CHECK,PAID
BIL-00429,POL-00147,CUST-00101,2024-11-24,6560.48,6560.48,2024-12-03,ACH,PAID
BIL-00430,POL-00147,CUST-00101,2025-01-24,6560.48,6560.48,2025-01-27,ACH,PAID
BIL-00431,POL-00147,CUST-00101,2025-03-26,6560.48,6560.48,2025-04-07,ONLINE,PAID
BIL-00432,POL-00147,CUST-00101,2025-05-26,6560.48,6560.48,2025-06-04,ACH,PAID
BIL-00433,POL-00148,CUST-00102,2024-11-25,8038.41,8038.41,2024-11-30,CHECK,PAID
BIL-00434,POL-00148,CUST-00102,2025-02-06,8038.41,8038.41,2025-02-17,CHECK,PAID
BIL-00435,POL-00148,CUST-00102,2025-04-20,8038.41,8038.41,2025-04-21,CARD,PAID
BIL-00436,POL-00148,CUST-00102,2025-07-02,8038.41,0,,,GRACE
BIL-00437,POL-00149,CUST-00103,2025-03-17,8343.9,8343.9,2025-04-01,CARD,PAID
BIL-00438,POL-00149,CUST-00103,2025-06-16,8343.9,8343.9,2025-06-12,ACH,PAID
BIL-00439,POL-00150,CUST-00103,2025-01-08,7706.1,7706.1,2025-01-18,CARD,PAID
BIL-00440,POL-00150,CUST-00103,2025-07-09,7706.1,0,,,GRACE
BIL-00441,POL-00151,CUST-00104,2023-09-27,16600.49,16600.49,2023-10-11,CHECK,PAID
BIL-00442,POL-00151,CUST-00104,2024-03-27,16600.49,0,,,PAST_DUE
BIL-00443,POL-00152,CUST-00104,2023-09-08,6502.67,6502.67,2023-09-21,CARD,PAID
BIL-00444,POL-00152,CUST-00104,2023-11-20,6502.67,0,,,PAST_DUE
BIL-00445,POL-00152,CUST-00104,2024-02-01,6502.67,6502.67,2024-02-02,CHECK,PAID
BIL-00446,POL-00152,CUST-00104,2024-04-14,6502.67,0,,,COLLECTIONS
BIL-00447,POL-00152,CUST-00104,2024-06-26,6502.67,6502.67,2024-06-30,ONLINE,PAID
BIL-00448,POL-00153,CUST-00105,2025-06-09,22902.35,22902.35,2025-06-23,CARD,PAID
BIL-00449,POL-00154,CUST-00105,2025-05-03,1604.2,1604.2,2025-05-04,ACH,PAID
BIL-00450,POL-00155,CUST-00106,2025-01-30,4125.39,4125.39,2025-02-11,CHECK,PAID
BIL-00451,POL-00155,CUST-00106,2025-03-31,4125.39,4125.39,2025-04-04,CARD,PAID
BIL-00452,POL-00155,CUST-00106,2025-05-31,4125.39,4125.39,2025-06-07,ONLINE,PAID
BIL-00453,POL-00156,CUST-00107,2024-12-19,10537.13,10537.13,2024-12-26,ACH,PAID
BIL-00454,POL-00156,CUST-00107,2025-04-19,10537.13,10537.13,2025-04-22,ONLINE,PAID
BIL-00455,POL-00157,CUST-00108,2024-07-30,21235.33,21235.33,2024-08-04,CARD,PAID
BIL-00456,POL-00157,CUST-00108,2025-01-28,21235.33,0,,,COLLECTIONS
BIL-00457,POL-00158,CUST-00108,2025-05-03,3469.14,0,,,PAST_DUE
BIL-00458,POL-00159,CUST-00109,2024-12-19,13531.27,13531.27,2024-12-25,CARD,PAID
BIL-00459,POL-00159,CUST-00109,2025-06-19,13531.27,13531.27,2025-06-19,ACH,PAID
BIL-00460,POL-00160,CUST-00110,2024-07-03,23277.12,23277.12,2024-07-08,ACH,PAID
BIL-00461,POL-00160,CUST-00110,2025-01-01,23277.12,23277.12,2025-01-13,ONLINE,PAID
BIL-00462,POL-00161,CUST-00110,2024-07-27,4680.17,4680.17,2024-07-28,ACH,PAID
BIL-00463,POL-00161,CUST-00110,2024-10-08,4680.17,4680.17,2024-10-23,ONLINE,PAID
BIL-00464,POL-00161,CUST-00110,2024-12-20,4680.17,4680.17,2024-12-22,CHECK,PAID
BIL-00465,POL-00161,CUST-00110,2025-03-03,4680.17,4680.17,2025-03-15,ACH,PAID
BIL-00466,POL-00161,CUST-00110,2025-05-15,4680.17,4680.17,2025-05-22,CHECK,PAID
BIL-00467,POL-00162,CUST-00111,2024-09-09,7889.44,7889.44,2024-09-11,ACH,PAID
BIL-00468,POL-00162,CUST-00111,2024-12-09,7889.44,7889.44,2024-12-17,ONLINE,PAID
BIL-00469,POL-00162,CUST-00111,2025-03-10,7889.44,7889.44,2025-03-14,CARD,PAID
BIL-00470,POL-00162,CUST-00111,2025-06-09,7889.44,7889.44,2025-06-22,CHECK,PAID
BIL-00471,POL-00163,CUST-00111,2025-05-04,13043.19,13043.19,2025-05-10,ACH,PAID
BIL-00472,POL-00164,CUST-00112,2025-06-07,834.05,834.05,2025-06-19,CARD,PAID
BIL-00473,POL-00165,CUST-00113,2025-01-16,18001.59,18001.59,2025-01-24,CHECK,PAID
BIL-00474,POL-00166,CUST-00114,2025-04-03,2872.44,2872.44,2025-04-05,CHECK,PAID
BIL-00475,POL-00166,CUST-00114,2025-06-02,2872.44,2872.44,2025-06-03,ONLINE,PAID
BIL-00476,POL-00167,CUST-00115,2025-03-27,6814.61,0,,,COLLECTIONS
BIL-00477,POL-00167,CUST-00115,2025-06-08,6814.61,6814.61,2025-06-21,CHECK,PAID
BIL-00478,POL-00168,CUST-00115,2024-11-14,8675.68,8675.68,2024-11-26,CHECK,PAID
BIL-00479,POL-00168,CUST-00115,2025-05-15,8675.68,8675.68,2025-05-17,ACH,PAID
BIL-00480,POL-00169,CUST-00116,2025-05-18,14634.1,0,,,COLLECTIONS
BIL-00481,POL-00170,CUST-00117,2024-11-11,10706.98,10706.98,2024-11-21,ACH,PAID
BIL-00482,POL-00170,CUST-00117,2025-05-12,10706.98,10706.98,2025-05-20,ONLINE,PAID
BIL-00483,POL-00171,CUST-00118,2025-01-27,8409.73,8409.73,2025-01-27,CHECK,PAID
BIL-00484,POL-00172,CUST-00119,2025-05-07,1459.59,1459.59,2025-05-20,ONLINE,PAID
BIL-00485,POL-00173,CUST-00120,2023-08-05,4976.52,4976.52,2023-08-09,ONLINE,PAID
BIL-00486,POL-00173,CUST-00120,2023-10-04,4976.52,4976.52,2023-10-16,CARD,PAID
BIL-00487,POL-00173,CUST-00120,2023-12-04,4976.52,4976.52,2023-12-18,ACH,PAID
BIL-00488,POL-00173,CUST-00120,2024-02-03,4976.52,4976.52,2024-02-16,ACH,PAID
BIL-00489,POL-00173,CUST-00120,2024-04-04,4976.52,4976.52,2024-04-19,ACH,PAID
BIL-00490,POL-00173,CUST-00120,2024-06-04,4976.52,4976.52,2024-06-15,ONLINE,PAID
BIL-00491,POL-00174,CUST-00120,2023-08-03,2224.26,2224.26,2023-08-05,ONLINE,PAID
BIL-00492,POL-00174,CUST-00120,2023-12-02,2224.26,0,,,PAST_DUE
BIL-00493,POL-00174,CUST-00120,2024-04-02,2224.26,2224.26,2024-04-09,CARD,PAID
BIL-00494,POL-00175,CUST-00121,2025-03-02,11534.52,0,,,GRACE
BIL-00495,POL-00176,CUST-00121,2024-08-09,8970.73,8970.73,2024-08-20,ONLINE,PAID
BIL-00496,POL-00176,CUST-00121,2024-12-08,8970.73,8970.73,2024-12-13,ONLINE,PAID
BIL-00497,POL-00176,CUST-00121,2025-04-09,8970.73,8970.73,2025-04-11,ACH,PAID
BIL-00498,POL-00177,CUST-00122,2024-10-01,6997.91,6997.91,2024-10-05,ACH,PAID
BIL-00499,POL-00177,CUST-00122,2024-11-30,6997.91,6997.91,2024-12-11,CHECK,PAID
BIL-00500,POL-00177,CUST-00122,2025-01-30,6997.91,6997.91,2025-02-02,ONLINE,PAID
BIL-00501,POL-00177,CUST-00122,2025-04-01,6997.91,6997.91,2025-04-10,ACH,PAID
BIL-00502,POL-00177,CUST-00122,2025-06-01,6997.91,6997.91,2025-06-05,ONLINE,PAID
BIL-00503,POL-00178,CUST-00122,2024-09-13,2677.64,2677.64,2024-09-18,ACH,PAID
BIL-00504,POL-00178,CUST-00122,2024-12-13,2677.64,2677.64,2024-12-17,CHECK,PAID
BIL-00505,POL-00178,CUST-00122,2025-03-14,2677.64,2677.64,2025-03-26,CARD,PAID
BIL-00506,POL-00178,CUST-00122,2025-06-13,2677.64,2677.64,2025-06-18,CARD,PAID
BIL-00507,POL-00179,CUST-00123,2024-06-01,15251.01,15251.01,2024-06-16,CHECK,PAID
BIL-00508,POL-00179,CUST-00123,2024-09-30,15251.01,15251.01,2024-10-02,ONLINE,PAID
BIL-00509,POL-00179,CUST-00123,2025-01-30,15251.01,15251.01,2025-02-07,CHECK,PAID
BIL-00510,POL-00180,CUST-00124,2024-11-07,6658.41,0,,,PAST_DUE
BIL-00511,POL-00180,CUST-00124,2025-02-06,6658.41,6658.41,2025-02-17,CHECK,PAID
BIL-00512,POL-00180,CUST-00124,2025-05-08,6658.41,6658.41,2025-05-09,CHECK,PAID
BIL-00513,POL-00181,CUST-00124,2025-05-08,865.16,865.16,2025-05-12,ACH,PAID
BIL-00514,POL-00182,CUST-00125,2024-08-20,8283.56,8283.56,2024-08-31,ONLINE,PAID
BIL-00515,POL-00182,CUST-00125,2024-10-19,8283.56,8283.56,2024-10-19,ACH,PAID
BIL-00516,POL-00182,CUST-00125,2024-12-19,8283.56,8283.56,2024-12-31,CARD,PAID
BIL-00517,POL-00182,CUST-00125,2025-02-18,8283.56,0,,,PAST_DUE
BIL-00518,POL-00182,CUST-00125,2025-04-20,8283.56,0,,,PAST_DUE
BIL-00519,POL-00182,CUST-00125,2025-06-20,8283.56,8283.56,2025-06-20,ONLINE,PAID
BIL-00520,POL-00183,CUST-00125,2025-02-27,4225.63,4225.63,2025-03-03,CHECK,PAID
BIL-00521,POL-00183,CUST-00125,2025-06-28,4225.63,0,,,GRACE
BIL-00522,POL-00184,CUST-00126,2024-05-19,3991.73,0,,,COLLECTIONS
BIL-00523,POL-00184,CUST-00126,2024-07-31,3991.73,3991.73,2024-08-10,CHECK,PAID
BIL-00524,POL-00184,CUST-00126,2024-10-12,3991.73,3991.73,2024-10-14,ONLINE,PAID
BIL-00525,POL-00184,CUST-00126,2024-12-24,3991.73,3991.73,2024-12-29,CARD,PAID
BIL-00526,POL-00184,CUST-00126,2025-03-07,3991.73,3991.73,2025-03-21,CARD,PAID
BIL-00527,POL-00185,CUST-00126,2024-05-25,3571.01,3571.01,2024-06-07,ACH,PAID
BIL-00528,POL-00185,CUST-00126,2024-11-23,3571.01,3571.01,2024-12-04,ACH,PAID
BIL-00529,POL-00186,CUST-00127,2024-03-03,10019.27,10019.27,2024-03-14,ACH,PAID
BIL-00530,POL-00186,CUST-00127,2024-05-15,10019.27,10019.27,2024-05-26,ACH,PAID
BIL-00531,POL-00186,CUST-00127,2024-07-27,10019.27,10019.27,2024-08-10,ACH,PAID
BIL-00532,POL-00186,CUST-00127,2024-10-08,10019.27,0,,,COLLECTIONS
BIL-00533,POL-00186,CUST-00127,2024-12-20,10019.27,10019.27,2024-12-30,CARD,PAID
BIL-00534,POL-00187,CUST-00127,2024-03-10,6198.47,6198.47,2024-03-11,CHECK,PAID
BIL-00535,POL-00187,CUST-00127,2024-05-22,6198.47,6198.47,2024-06-05,ACH,PAID
BIL-00536,POL-00187,CUST-00127,2024-08-03,6198.47,6198.47,2024-08-07,CARD,PAID
BIL-00537,POL-00187,CUST-00127,2024-10-15,6198.47,6198.47,2024-10-29,ACH,PAID
BIL-00538,POL-00187,CUST-00127,2024-12-27,6198.47,6198.47,2025-01-06,ACH,PAID
BIL-00539,POL-00188,CUST-00128,2024-09-15,9370.06,0,,,GRACE
BIL-00540,POL-00188,CUST-00128,2025-03-16,9370.06,9370.06,2025-03-18,CHECK,PAID
BIL-00541,POL-00189,CUST-00128,2024-11-24,2208.41,2208.41,2024-12-03,CARD,PAID
BIL-00542,POL-00190,CUST-00129,2024-09-09,6524.35,6524.35,2024-09-23,ONLINE,PAID
BIL-00543,POL-00190,CUST-00129,2025-01-08,6524.35,6524.35,2025-01-14,ONLINE,PAID
BIL-00544,POL-00190,CUST-00129,2025-05-10,6524.35,6524.35,2025-05-18,CHECK,PAID
BIL-00545,POL-00191,CUST-00130,2024-08-03,3499.2,3499.2,2024-08-16,ACH,PAID
BIL-00546,POL-00191,CUST-00130,2024-10-15,3499.2,0,,,GRACE
BIL-00547,POL-00191,CUST-00130,2024-12-27,3499.2,3499.2,2024-12-31,ONLINE,PAID
BIL-00548,POL-00191,CUST-00130,2025-03-10,3499.2,3499.2,2025-03-19,ACH,PAID
BIL-00549,POL-00191,CUST-00130,2025-05-22,3499.2,3499.2,2025-05-24,ACH,PAID
BIL-00550,POL-00192,CUST-00131,2025-04-04,6270.71,6270.71,2025-04-08,CHECK,PAID
BIL-00551,POL-00192,CUST-00131,2025-07-04,6270.71,0,,,GRACE
BIL-00552,POL-00193,CUST-00131,2024-11-13,6035.55,6035.55,2024-11-18,ACH,PAID
BIL-00553,POL-00193,CUST-00131,2025-01-12,6035.55,6035.55,2025-01-21,CARD,PAID
BIL-00554,POL-00193,CUST-00131,2025-03-14,6035.55,0,,,COLLECTIONS
BIL-00555,POL-00193,CUST-00131,2025-05-14,6035.55,6035.55,2025-05-25,ONLINE,PAID
BIL-00556,POL-00193,CUST-00131,2025-07-14,6035.55,6035.55,2025-07-13,CHECK,PAID
BIL-00557,POL-00194,CUST-00132,2025-03-06,17844.88,17844.88,2025-03-07,ONLINE,PAID
BIL-00558,POL-00194,CUST-00132,2025-07-05,17844.88,0,,,GRACE
BIL-00559,POL-00195,CUST-00132,2024-09-02,4344.2,4344.2,2024-09-15,ONLINE,PAID
BIL-00560,POL-00195,CUST-00132,2024-11-01,4344.2,4344.2,2024-11-08,CHECK,PAID
BIL-00561,POL-00195,CUST-00132,2025-01-01,4344.2,0,,,PAST_DUE
BIL-00562,POL-00195,CUST-00132,2025-03-03,4344.2,0,,,GRACE
BIL-00563,POL-00195,CUST-00132,2025-05-03,4344.2,4344.2,2025-05-12,CARD,PAID
BIL-00564,POL-00195,CUST-00132,2025-07-03,4344.2,4344.2,2025-07-02,ONLINE,PAID
BIL-00565,POL-00196,CUST-00133,2025-01-04,11093.57,11093.57,2025-01-08,ACH,PAID
BIL-00566,POL-00196,CUST-00133,2025-04-05,11093.57,11093.57,2025-04-06,ONLINE,PAID
BIL-00567,POL-00196,CUST-00133,2025-07-05,11093.57,0,,,GRACE
BIL-00568,POL-00197,CUST-00133,2025-04-18,3606.15,3606.15,2025-04-30,CHECK,PAID
BIL-00569,POL-00198,CUST-00134,2024-07-07,6594.63,6594.63,2024-07-18,ACH,PAID
BIL-00570,POL-00198,CUST-00134,2024-09-18,6594.63,6594.63,2024-09-30,CARD,PAID
BIL-00571,POL-00199,CUST-00134,2024-08-02,2059.56,2059.56,2024-08-02,ACH,PAID
BIL-00572,POL-00199,CUST-00134,2024-12-01,2059.56,2059.56,2024-12-11,CHECK,PAID
BIL-00573,POL-00199,CUST-00134,2025-04-02,2059.56,2059.56,2025-04-17,CHECK,PAID
BIL-00574,POL-00200,CUST-00135,2024-10-25,21486.35,21486.35,2024-10-28,CARD,PAID
BIL-00575,POL-00200,CUST-00135,2025-04-25,21486.35,21486.35,2025-04-27,ACH,PAID
BIL-00576,POL-00201,CUST-00136,2024-12-18,4406.51,4406.51,2024-12-30,ACH,PAID
BIL-00577,POL-00201,CUST-00136,2025-03-01,4406.51,4406.51,2025-03-01,CARD,PAID
BIL-00578,POL-00201,CUST-00136,2025-05-13,4406.51,4406.51,2025-05-22,ONLINE,PAID
BIL-00579,POL-00202,CUST-00136,2025-01-20,857.88,857.88,2025-01-25,CARD,PAID
BIL-00580,POL-00202,CUST-00136,2025-04-03,857.88,857.88,2025-04-15,CHECK,PAID
BIL-00581,POL-00202,CUST-00136,2025-06-15,857.88,0,,,GRACE
BIL-00582,POL-00203,CUST-00137,2025-06-07,11809.4,11809.4,2025-06-15,ACH,PAID
BIL-00583,POL-00204,CUST-00138,2025-01-18,11711.49,0,,,COLLECTIONS
BIL-00584,POL-00204,CUST-00138,2025-05-19,11711.49,0,,,PAST_DUE
BIL-00585,POL-00205,CUST-00139,2024-09-10,9674.85,9674.85,2024-09-20,CHECK,PAID
BIL-00586,POL-00205,CUST-00139,2025-01-09,9674.85,0,,,PAST_DUE
BIL-00587,POL-00205,CUST-00139,2025-05-11,9674.85,9674.85,2025-05-16,ONLINE,PAID
BIL-00588,POL-00206,CUST-00139,2024-09-01,9014.14,9014.14,2024-09-04,CHECK,PAID
BIL-00589,POL-00206,CUST-00139,2025-03-02,9014.14,9014.14,2025-03-07,CHECK,PAID
BIL-00590,POL-00207,CUST-00140,2025-02-12,8894.4,8894.4,2025-02-22,ACH,PAID
BIL-00591,POL-00207,CUST-00140,2025-04-13,8894.4,8894.4,2025-04-14,ONLINE,PAID
BIL-00592,POL-00208,CUST-00141,2025-03-19,2908.82,2908.82,2025-03-25,CARD,PAID
BIL-00593,POL-00209,CUST-00142,2025-02-02,7615.47,7615.47,2025-02-03,CHECK,PAID
BIL-00594,POL-00209,CUST-00142,2025-04-16,7615.47,7615.47,2025-04-27,ACH,PAID
BIL-00595,POL-00209,CUST-00142,2025-06-28,7615.47,0,,,GRACE
BIL-00596,POL-00210,CUST-00142,2025-06-10,1279.77,1279.77,2025-06-22,CHECK,PAID
BIL-00597,POL-00211,CUST-00143,2024-08-29,2668.6,2668.6,2024-09-07,ACH,PAID
BIL-00598,POL-00211,CUST-00143,2024-10-28,2668.6,2668.6,2024-10-31,ACH,PAID
BIL-00599,POL-00211,CUST-00143,2024-12-28,2668.6,2668.6,2025-01-01,ACH,PAID
BIL-00600,POL-00211,CUST-00143,2025-02-27,2668.6,0,,,PAST_DUE
BIL-00601,POL-00211,CUST-00143,2025-04-29,2668.6,2668.6,2025-05-08,ACH,PAID
BIL-00602,POL-00211,CUST-00143,2025-06-29,2668.6,2668.6,2025-06-27,ACH,PAID
BIL-00603,POL-00212,CUST-00144,2025-04-03,5689.98,0,,,COLLECTIONS
BIL-00604,POL-00213,CUST-00145,2025-03-15,3563.76,0,,,PAST_DUE
BIL-00605,POL-00213,CUST-00145,2025-06-14,3563.76,3563.76,2025-06-19,CHECK,PAID
BIL-00606,POL-00214,CUST-00146,2024-09-27,5603.09,5603.09,2024-10-04,CHECK,PAID
BIL-00607,POL-00214,CUST-00146,2024-12-27,5603.09,5603.09,2025-01-06,CARD,PAID
BIL-00608,POL-00214,CUST-00146,2025-03-28,5603.09,5603.09,2025-04-09,ACH,PAID
BIL-00609,POL-00214,CUST-00146,2025-06-27,5603.09,5603.09,2025-06-24,ONLINE,PAID
BIL-00610,POL-00215,CUST-00147,2025-02-23,4491.7,0,,,GRACE
BIL-00611,POL-00216,CUST-00148,2024-12-19,17934.97,17934.97,2024-12-31,ONLINE,PAID
BIL-00612,POL-00216,CUST-00148,2025-06-19,17934.97,0,,,GRACE
BIL-00613,POL-00217,CUST-00148,2024-07-27,851.33,851.33,2024-08-08,ONLINE,PAID
BIL-00614,POL-00217,CUST-00148,2024-09-25,851.33,851.33,2024-09-26,CARD,PAID
BIL-00615,POL-00217,CUST-00148,2024-11-25,851.33,0,,,COLLECTIONS
BIL-00616,POL-00217,CUST-00148,2025-01-25,851.33,851.33,2025-01-29,CARD,PAID
BIL-00617,POL-00217,CUST-00148,2025-03-27,851.33,851.33,2025-04-05,CHECK,PAID
BIL-00618,POL-00217,CUST-00148,2025-05-27,851.33,851.33,2025-06-07,CARD,PAID
BIL-00619,POL-00218,CUST-00149,2024-10-05,20538.49,20538.49,2024-10-20,ONLINE,PAID
BIL-00620,POL-00218,CUST-00149,2025-04-05,20538.49,20538.49,2025-04-10,CHECK,PAID
BIL-00621,POL-00219,CUST-00149,2025-01-23,3947.91,3947.91,2025-01-28,CHECK,PAID
BIL-00622,POL-00219,CUST-00149,2025-04-24,3947.91,3947.91,2025-04-26,ONLINE,PAID
BIL-00623,POL-00220,CUST-00149,2025-03-02,2371.02,0,,,COLLECTIONS
BIL-00624,POL-00220,CUST-00149,2025-07-01,2371.02,2371.02,2025-06-30,ONLINE,PAID
BIL-00625,POL-00221,CUST-00150,2024-11-08,13305.48,13305.48,2024-11-22,CHECK,PAID
BIL-00626,POL-00221,CUST-00150,2025-03-09,13305.48,13305.48,2025-03-10,CARD,PAID
BIL-00627,POL-00221,CUST-00150,2025-07-09,13305.48,0,,,GRACE
BIL-00628,POL-00222,CUST-00151,2025-01-16,5909.04,5909.04,2025-01-20,CARD,PAID
BIL-00629,POL-00222,CUST-00151,2025-03-17,5909.04,5909.04,2025-03-26,CHECK,PAID
BIL-00630,POL-00222,CUST-00151,2025-05-17,5909.04,0,,,PAST_DUE
BIL-00631,POL-00223,CUST-00151,2025-05-31,19477.18,19477.18,2025-06-01,ACH,PAID
BIL-00632,POL-00224,CUST-00152,2024-08-09,4231.79,4231.79,2024-08-10,CHECK,PAID
BIL-00633,POL-00224,CUST-00152,2024-10-21,4231.79,4231.79,2024-11-03,CHECK,PAID
BIL-00634,POL-00224,CUST-00152,2025-01-02,4231.79,4231.79,2025-01-06,ACH,PAID
BIL-00635,POL-00224,CUST-00152,2025-03-16,4231.79,4231.79,2025-03-28,ONLINE,PAID
BIL-00636,POL-00224,CUST-00152,2025-05-28,4231.79,4231.79,2025-06-01,ACH,PAID
BIL-00637,POL-00225,CUST-00152,2025-02-27,865.91,0,,,PAST_DUE
BIL-00638,POL-00225,CUST-00152,2025-05-29,865.91,865.91,2025-06-12,CHECK,PAID
BIL-00639,POL-00226,CUST-00153,2024-11-12,6975.63,6975.63,2024-11-26,CHECK,PAID
BIL-00640,POL-00226,CUST-00153,2025-01-11,6975.63,0,,,PAST_DUE
BIL-00641,POL-00226,CUST-00153,2025-03-13,6975.63,0,,,PAST_DUE
BIL-00642,POL-00226,CUST-00153,2025-05-13,6975.63,6975.63,2025-05-26,CHECK,PAID
BIL-00643,POL-00226,CUST-00153,2025-07-13,6975.63,6975.63,2025-07-13,CARD,PAID
BIL-00644,POL-00227,CUST-00154,2025-04-13,18203.46,18203.46,2025-04-18,ACH,PAID
BIL-00645,POL-00228,CUST-00154,2025-01-21,7161.91,7161.91,2025-02-01,CARD,PAID
BIL-00646,POL-00228,CUST-00154,2025-05-22,7161.91,7161.91,2025-06-05,ONLINE,PAID
BIL-00647,POL-00229,CUST-00155,2025-04-13,15556.22,15556.22,2025-04-17,ACH,PAID
BIL-00648,POL-00230,CUST-00156,2024-08-24,5197.39,5197.39,2024-09-04,CARD,PAID
BIL-00649,POL-00230,CUST-00156,2024-11-05,5197.39,5197.39,2024-11-05,CARD,PAID
BIL-00650,POL-00230,CUST-00156,2025-01-17,5197.39,5197.39,2025-01-22,ACH,PAID
BIL-00651,POL-00230,CUST-00156,2025-03-31,5197.39,5197.39,2025-04-05,ACH,PAID
BIL-00652,POL-00230,CUST-00156,2025-06-12,5197.39,5197.39,2025-06-15,ONLINE,PAID
BIL-00653,POL-00231,CUST-00156,2024-12-06,14616.45,14616.45,2024-12-09,ONLINE,PAID
BIL-00654,POL-00232,CUST-00157,2025-03-10,16213.65,16213.65,2025-03-23,CARD,PAID
BIL-00655,POL-00233,CUST-00157,2025-05-20,6181.07,6181.07,2025-05-22,CHECK,PAID
BIL-00656,POL-00234,CUST-00158,2024-05-14,5729.1,5729.1,2024-05-29,CARD,PAID
BIL-00657,POL-00234,CUST-00158,2024-07-13,5729.1,5729.1,2024-07-16,ONLINE,PAID
BIL-00658,POL-00234,CUST-00158,2024-09-12,5729.1,5729.1,2024-09-13,ACH,PAID
BIL-00659,POL-00234,CUST-00158,2024-11-12,5729.1,5729.1,2024-11-22,CARD,PAID
BIL-00660,POL-00234,CUST-00158,2025-01-12,5729.1,5729.1,2025-01-18,ACH,PAID
BIL-00661,POL-00234,CUST-00158,2025-03-14,5729.1,5729.1,2025-03-26,CARD,PAID
BIL-00662,POL-00235,CUST-00159,2025-04-14,8469.85,0,,,PAST_DUE
BIL-00663,POL-00235,CUST-00159,2025-06-13,8469.85,8469.85,2025-06-18,CHECK,PAID
BIL-00664,POL-00236,CUST-00159,2025-01-02,7459.52,0,,,GRACE
BIL-00665,POL-00236,CUST-00159,2025-04-03,7459.52,7459.52,2025-04-04,ACH,PAID
BIL-00666,POL-00237,CUST-00160,2024-07-24,6896.54,6896.54,2024-08-08,CARD,PAID
BIL-00667,POL-00237,CUST-00160,2024-09-22,6896.54,6896.54,2024-09-27,CARD,PAID
BIL-00668,POL-00237,CUST-00160,2024-11-22,6896.54,6896.54,2024-11-26,CARD,PAID
BIL-00669,POL-00237,CUST-00160,2025-01-22,6896.54,6896.54,2025-01-26,ACH,PAID
BIL-00670,POL-00237,CUST-00160,2025-03-24,6896.54,6896.54,2025-04-01,CHECK,PAID
BIL-00671,POL-00237,CUST-00160,2025-05-24,6896.54,6896.54,2025-06-01,CARD,PAID
BIL-00672,POL-00238,CUST-00160,2024-09-18,8209.79,0,,,PAST_DUE
BIL-00673,POL-00238,CUST-00160,2025-01-17,8209.79,0,,,PAST_DUE
BIL-00674,POL-00238,CUST-00160,2025-05-19,8209.79,8209.79,2025-05-21,ONLINE,PAID
BIL-00675,POL-00239,CUST-00161,2024-11-09,12891.25,12891.25,2024-11-15,ACH,PAID
BIL-00676,POL-00239,CUST-00161,2025-02-08,12891.25,12891.25,2025-02-08,CARD,PAID
BIL-00677,POL-00239,CUST-00161,2025-05-10,12891.25,12891.25,2025-05-16,ACH,PAID
BIL-00678,POL-00240,CUST-00162,2024-08-24,5391.96,0,,,GRACE
BIL-00679,POL-00240,CUST-00162,2024-11-23,5391.96,5391.96,2024-11-30,CARD,PAID
BIL-00680,POL-00240,CUST-00162,2025-02-22,5391.96,5391.96,2025-03-08,ONLINE,PAID
BIL-00681,POL-00240,CUST-00162,2025-05-24,5391.96,5391.96,2025-05-28,ACH,PAID
BIL-00682,POL-00241,CUST-00163,2024-09-17,8556.76,8556.76,2024-09-23,ACH,PAID
BIL-00683,POL-00241,CUST-00163,2025-01-16,8556.76,0,,,PAST_DUE
BIL-00684,POL-00241,CUST-00163,2025-05-18,8556.76,8556.76,2025-05-20,ONLINE,PAID
BIL-00685,POL-00242,CUST-00163,2025-02-27,6627.28,0,,,PAST_DUE
BIL-00686,POL-00242,CUST-00163,2025-05-29,6627.28,6627.28,2025-06-10,CARD,PAID
BIL-00687,POL-00243,CUST-00163,2024-12-08,2668.09,2668.09,2024-12-09,CHECK,PAID
BIL-00688,POL-00243,CUST-00163,2025-06-08,2668.09,2668.09,2025-06-15,ONLINE,PAID
BIL-00689,POL-00244,CUST-00164,2024-10-06,4413.16,4413.16,2024-10-18,ACH,PAID
BIL-00690,POL-00244,CUST-00164,2024-12-18,4413.16,4413.16,2024-12-25,CARD,PAID
BIL-00691,POL-00244,CUST-00164,2025-03-01,4413.16,4413.16,2025-03-01,CARD,PAID
BIL-00692,POL-00244,CUST-00164,2025-05-13,4413.16,0,,,COLLECTIONS
BIL-00693,POL-00245,CUST-00165,2025-05-13,8213.76,8213.76,2025-05-15,ONLINE,PAID
BIL-00694,POL-00246,CUST-00165,2024-07-26,1430.33,1430.33,2024-07-27,CARD,PAID
BIL-00695,POL-00246,CUST-00165,2024-10-25,1430.33,1430.33,2024-10-31,ACH,PAID
BIL-00696,POL-00246,CUST-00165,2025-01-24,1430.33,0,,,GRACE
BIL-00697,POL-00246,CUST-00165,2025-04-25,1430.33,1430.33,2025-05-02,CHECK,PAID
BIL-00698,POL-00247,CUST-00166,2024-06-18,11201.58,11201.58,2024-06-30,CARD,PAID
BIL-00699,POL-00248,CUST-00166,2024-08-10,1007.13,1007.13,2024-08-16,ACH,PAID
BIL-00700,POL-00248,CUST-00166,2024-12-09,1007.13,1007.13,2024-12-09,ACH,PAID
BIL-00701,POL-00248,CUST-00166,2025-04-10,1007.13,1007.13,2025-04-21,ONLINE,PAID
BIL-00702,POL-00249,CUST-00167,2024-08-21,7752.04,7752.04,2024-08-22,ONLINE,PAID
BIL-00703,POL-00249,CUST-00167,2024-11-02,7752.04,7752.04,2024-11-14,CARD,PAID
BIL-00704,POL-00249,CUST-00167,2025-01-14,7752.04,7752.04,2025-01-26,CHECK,PAID
BIL-00705,POL-00249,CUST-00167,2025-03-28,7752.04,7752.04,2025-04-06,CHECK,PAID
BIL-00706,POL-00250,CUST-00167,2025-01-18,2838.82,2838.82,2025-01-19,ONLINE,PAID
BIL-00707,POL-00250,CUST-00167,2025-04-19,2838.82,0,,,GRACE
BIL-00708,POL-00251,CUST-00168,2024-08-31,6620.93,0,,,COLLECTIONS
BIL-00709,POL-00251,CUST-00168,2024-11-12,6620.93,6620.93,2024-11-18,CARD,PAID
BIL-00710,POL-00251,CUST-00168,2025-01-24,6620.93,6620.93,2025-02-04,ACH,PAID
BIL-00711,POL-00251,CUST-00168,2025-04-07,6620.93,6620.93,2025-04-19,CARD,PAID
BIL-00712,POL-00251,CUST-00168,2025-06-19,6620.93,6620.93,2025-06-18,CARD,PAID
BIL-00713,POL-00252,CUST-00168,2024-10-11,6647.16,6647.16,2024-10-14,ACH,PAID
BIL-00714,POL-00252,CUST-00168,2024-12-23,6647.16,6647.16,2024-12-27,CHECK,PAID
BIL-00715,POL-00252,CUST-00168,2025-03-06,6647.16,6647.16,2025-03-19,CARD,PAID
BIL-00716,POL-00252,CUST-00168,2025-05-18,6647.16,0,,,PAST_DUE
BIL-00717,POL-00253,CUST-00169,2024-02-10,13690.87,0,,,GRACE
BIL-00718,POL-00253,CUST-00169,2024-05-11,13690.87,13690.87,2024-05-21,CHECK,PAID
BIL-00719,POL-00253,CUST-00169,2024-08-10,13690.87,13690.87,2024-08-13,ACH,PAID
BIL-00720,POL-00253,CUST-00169,2024-11-09,13690.87,13690.87,2024-11-24,ACH,PAID
BIL-00721,POL-00254,CUST-00169,2024-02-14,3820.27,0,,,GRACE
BIL-00722,POL-00254,CUST-00169,2024-04-14,3820.27,3820.27,2024-04-21,CHECK,PAID
BIL-00723,POL-00254,CUST-00169,2024-06-14,3820.27,0,,,PAST_DUE
BIL-00724,POL-00254,CUST-00169,2024-08-14,3820.27,3820.27,2024-08-26,CHECK,PAID
BIL-00725,POL-00254,CUST-00169,2024-10-14,3820.27,3820.27,2024-10-24,CARD,PAID
BIL-00726,POL-00254,CUST-00169,2024-12-14,3820.27,0,,,PAST_DUE
BIL-00727,POL-00255,CUST-00170,2024-09-19,12873.91,0,,,GRACE
BIL-00728,POL-00255,CUST-00170,2024-12-19,12873.91,0,,,COLLECTIONS
BIL-00729,POL-00256,CUST-00170,2025-01-25,6645.29,0,,,PAST_DUE
BIL-00730,POL-00256,CUST-00170,2025-05-26,6645.29,6645.29,2025-06-06,CARD,PAID
BIL-00731,POL-00257,CUST-00171,2024-07-27,12555.5,12555.5,2024-08-02,ACH,PAID
BIL-00732,POL-00257,CUST-00171,2024-11-25,12555.5,12555.5,2024-12-02,ACH,PAID
BIL-00733,POL-00257,CUST-00171,2025-03-27,12555.5,12555.5,2025-04-07,ONLINE,PAID
BIL-00734,POL-00258,CUST-00172,2025-05-26,9398.28,9398.28,2025-06-03,CHECK,PAID
BIL-00735,POL-00259,CUST-00173,2024-05-02,3005.13,3005.13,2024-05-14,CHECK,PAID
BIL-00736,POL-00259,CUST-00173,2024-07-14,3005.13,3005.13,2024-07-28,ONLINE,PAID
BIL-00737,POL-00259,CUST-00173,2024-09-25,3005.13,3005.13,2024-10-03,CHECK,PAID
BIL-00738,POL-00259,CUST-00173,2024-12-07,3005.13,0,,,GRACE
BIL-00739,POL-00259,CUST-00173,2025-02-18,3005.13,3005.13,2025-02-25,ONLINE,PAID
BIL-00740,POL-00260,CUST-00173,2024-04-15,9688.93,9688.93,2024-04-23,ONLINE,PAID
BIL-00741,POL-00260,CUST-00173,2024-07-15,9688.93,9688.93,2024-07-27,ACH,PAID
BIL-00742,POL-00260,CUST-00173,2024-10-14,9688.93,9688.93,2024-10-22,CARD,PAID
BIL-00743,POL-00260,CUST-00173,2025-01-13,9688.93,9688.93,2025-01-23,CHECK,PAID
BIL-00744,POL-00261,CUST-00174,2024-11-30,8481.78,8481.78,2024-11-30,CHECK,PAID
BIL-00745,POL-00261,CUST-00174,2025-03-01,8481.78,0,,,PAST_DUE
BIL-00746,POL-00261,CUST-00174,2025-05-31,8481.78,0,,,GRACE
BIL-00747,POL-00262,CUST-00174,2025-01-07,2312.81,2312.81,2025-01-17,CARD,PAID
BIL-00748,POL-00262,CUST-00174,2025-04-08,2312.81,2312.81,2025-04-12,CHECK,PAID
BIL-00749,POL-00263,CUST-00175,2025-03-05,6250.2,6250.2,2025-03-17,CHECK,PAID
BIL-00750,POL-00263,CUST-00175,2025-06-04,6250.2,6250.2,2025-06-09,ACH,PAID
BIL-00751,POL-00264,CUST-00176,2024-09-19,16118.03,16118.03,2024-09-27,CARD,PAID
BIL-00752,POL-00264,CUST-00176,2025-01-18,16118.03,16118.03,2025-01-21,CHECK,PAID
BIL-00753,POL-00264,CUST-00176,2025-05-20,16118.03,16118.03,2025-05-23,CHECK,PAID
BIL-00754,POL-00265,CUST-00177,2024-09-02,26728.94,0,,,COLLECTIONS
BIL-00755,POL-00265,CUST-00177,2025-03-03,26728.94,0,,,GRACE
BIL-00756,POL-00266,CUST-00177,2025-01-12,5445.95,5445.95,2025-01-19,CARD,PAID
BIL-00757,POL-00266,CUST-00177,2025-03-13,5445.95,0,,,GRACE
BIL-00758,POL-00266,CUST-00177,2025-05-13,5445.95,5445.95,2025-05-22,CHECK,PAID
BIL-00759,POL-00266,CUST-00177,2025-07-13,5445.95,0,,,GRACE
BIL-00760,POL-00267,CUST-00178,2025-06-12,16268.1,16268.1,2025-06-13,ONLINE,PAID
BIL-00761,POL-00268,CUST-00178,2025-05-18,793.55,793.55,2025-06-01,CARD,PAID
BIL-00762,POL-00269,CUST-00179,2024-06-05,14126.15,0,,,GRACE
BIL-00763,POL-00269,CUST-00179,2024-12-04,14126.15,14126.15,2024-12-04,ACH,PAID
BIL-00764,POL-00270,CUST-00179,2024-04-28,1931.77,1931.77,2024-05-01,ONLINE,PAID
BIL-00765,POL-00270,CUST-00179,2024-06-27,1931.77,0,,,GRACE
BIL-00766,POL-00270,CUST-00179,2024-08-27,1931.77,1931.77,2024-09-01,CARD,PAID
BIL-00767,POL-00270,CUST-00179,2024-10-27,1931.77,0,,,GRACE
BIL-00768,POL-00270,CUST-00179,2024-12-27,1931.77,1931.77,2025-01-10,ACH,PAID
BIL-00769,POL-00270,CUST-00179,2025-02-26,1931.77,0,,,PAST_DUE
BIL-00770,POL-00271,CUST-00180,2025-06-12,4572.61,4572.61,2025-06-17,CARD,PAID
BIL-00771,POL-00272,CUST-00181,2024-10-31,8487.42,8487.42,2024-11-08,CARD,PAID
BIL-00772,POL-00272,CUST-00181,2025-01-30,8487.42,8487.42,2025-02-13,CHECK,PAID
BIL-00773,POL-00272,CUST-00181,2025-05-01,8487.42,8487.42,2025-05-16,ACH,PAID
BIL-00774,POL-00273,CUST-00181,2025-02-15,11068.36,11068.36,2025-02-20,ACH,PAID
BIL-00775,POL-00274,CUST-00181,2024-11-06,1502.53,1502.53,2024-11-16,CARD,PAID
BIL-00776,POL-00274,CUST-00181,2025-01-05,1502.53,1502.53,2025-01-19,ONLINE,PAID
BIL-00777,POL-00274,CUST-00181,2025-03-07,1502.53,1502.53,2025-03-20,ONLINE,PAID
BIL-00778,POL-00274,CUST-00181,2025-05-07,1502.53,1502.53,2025-05-20,CARD,PAID
BIL-00779,POL-00274,CUST-00181,2025-07-07,1502.53,1502.53,2025-07-07,ACH,PAID
BIL-00780,POL-00275,CUST-00182,2024-12-30,11166.65,0,,,PAST_DUE
BIL-00781,POL-00275,CUST-00182,2025-03-31,11166.65,11166.65,2025-04-01,CHECK,PAID
BIL-00782,POL-00275,CUST-00182,2025-06-30,11166.65,0,,,GRACE
BIL-00783,POL-00276,CUST-00183,2023-11-06,8581.22,0,,,GRACE
BIL-00784,POL-00276,CUST-00183,2024-01-18,8581.22,8581.22,2024-01-29,CHECK,PAID
BIL-00785,POL-00276,CUST-00183,2024-03-31,8581.22,8581.22,2024-04-01,ACH,PAID
BIL-00786,POL-00276,CUST-00183,2024-06-12,8581.22,8581.22,2024-06-16,ONLINE,PAID
BIL-00787,POL-00276,CUST-00183,2024-08-24,8581.22,0,,,PAST_DUE
BIL-00788,POL-00277,CUST-00184,2024-08-11,13672.3,13672.3,2024-08-13,CHECK,PAID
BIL-00789,POL-00277,CUST-00184,2024-12-10,13672.3,13672.3,2024-12-24,CARD,PAID
BIL-00790,POL-00277,CUST-00184,2025-04-11,13672.3,13672.3,2025-04-11,CHECK,PAID
BIL-00791,POL-00278,CUST-00184,2024-03-19,11891.73,0,,,GRACE
BIL-00792,POL-00278,CUST-00184,2024-07-18,11891.73,11891.73,2024-07-21,CARD,PAID
BIL-00793,POL-00278,CUST-00184,2024-11-17,11891.73,11891.73,2024-11-19,ONLINE,PAID
BIL-00794,POL-00279,CUST-00185,2025-04-05,11126.42,0,,,PAST_DUE
BIL-00795,POL-00280,CUST-00185,2024-10-11,12568.1,12568.1,2024-10-23,CHECK,PAID
BIL-00796,POL-00280,CUST-00185,2025-02-09,12568.1,12568.1,2025-02-13,ONLINE,PAID
BIL-00797,POL-00280,CUST-00185,2025-06-11,12568.1,12568.1,2025-06-11,CARD,PAID
BIL-00798,POL-00281,CUST-00186,2024-08-26,4228.17,4228.17,2024-09-10,CARD,PAID
BIL-00799,POL-00281,CUST-00186,2024-10-25,4228.17,4228.17,2024-11-05,CHECK,PAID
BIL-00800,POL-00281,CUST-00186,2024-12-25,4228.17,4228.17,2024-12-31,CARD,PAID
BIL-00801,POL-00281,CUST-00186,2025-02-24,4228.17,4228.17,2025-02-28,ONLINE,PAID
BIL-00802,POL-00281,CUST-00186,2025-04-26,4228.17,4228.17,2025-05-02,CARD,PAID
BIL-00803,POL-00281,CUST-00186,2025-06-26,4228.17,4228.17,2025-06-24,ONLINE,PAID
BIL-00804,POL-00282,CUST-00187,2025-02-14,18084.38,18084.38,2025-02-21,CARD,PAID
BIL-00805,POL-00282,CUST-00187,2025-06-15,18084.38,18084.38,2025-06-12,ACH,PAID
BIL-00806,POL-00283,CUST-00188,2025-05-09,945.24,945.24,2025-05-10,ONLINE,PAID
BIL-00807,POL-00283,CUST-00188,2025-07-08,945.24,945.24,2025-07-08,ONLINE,PAID
BIL-00808,POL-00284,CUST-00189,2024-08-26,15052.58,15052.58,2024-09-07,ONLINE,PAID
BIL-00809,POL-00285,CUST-00190,2024-07-21,18070.59,18070.59,2024-07-26,CARD,PAID
BIL-00810,POL-00285,CUST-00190,2025-01-19,18070.59,18070.59,2025-01-22,ACH,PAID
BIL-00811,POL-00286,CUST-00190,2025-05-10,4448.16,4448.16,2025-05-22,ACH,PAID
BIL-00812,POL-00287,CUST-00191,2024-12-17,9453.7,9453.7,2024-12-24,CARD,PAID
BIL-00813,POL-00287,CUST-00191,2025-03-18,9453.7,9453.7,2025-04-02,ONLINE,PAID
BIL-00814,POL-00287,CUST-00191,2025-06-17,9453.7,0,,,GRACE
BIL-00815,POL-00288,CUST-00192,2024-04-12,4458.68,4458.68,2024-04-20,ONLINE,PAID
BIL-00816,POL-00288,CUST-00192,2024-07-12,4458.68,4458.68,2024-07-22,ONLINE,PAID
BIL-00817,POL-00288,CUST-00192,2024-10-11,4458.68,4458.68,2024-10-15,CARD,PAID
BIL-00818,POL-00288,CUST-00192,2025-01-10,4458.68,4458.68,2025-01-16,CARD,PAID
BIL-00819,POL-00289,CUST-00192,2024-03-14,5639.07,0,,,GRACE
BIL-00820,POL-00289,CUST-00192,2024-07-13,5639.07,0,,,PAST_DUE
BIL-00821,POL-00289,CUST-00192,2024-11-12,5639.07,5639.07,2024-11-15,CHECK,PAID
BIL-00822,POL-00290,CUST-00193,2025-05-08,9036.05,0,,,COLLECTIONS
BIL-00823,POL-00291,CUST-00194,2024-02-23,4858.74,4858.74,2024-02-27,CARD,PAID
BIL-00824,POL-00291,CUST-00194,2024-05-24,4858.74,4858.74,2024-06-04,ONLINE,PAID
BIL-00825,POL-00291,CUST-00194,2024-08-23,4858.74,4858.74,2024-08-28,CHECK,PAID
BIL-00826,POL-00291,CUST-00194,2024-11-22,4858.74,4858.74,2024-11-23,ONLINE,PAID
BIL-00827,POL-00292,CUST-00194,2024-02-21,7547.39,7547.39,2024-03-07,CARD,PAID
BIL-00828,POL-00292,CUST-00194,2024-06-21,7547.39,7547.39,2024-06-24,ACH,PAID
BIL-00829,POL-00292,CUST-00194,2024-10-21,7547.39,7547.39,2024-11-05,CHECK,PAID
BIL-00830,POL-00293,CUST-00194,2024-02-07,4068.55,4068.55,2024-02-07,ONLINE,PAID
BIL-00831,POL-00294,CUST-00195,2025-05-10,11824.88,11824.88,2025-05-19,ACH,PAID
BIL-00832,POL-00295,CUST-00196,2024-10-10,2778.27,2778.27,2024-10-10,ACH,PAID
BIL-00833,POL-00295,CUST-00196,2024-12-09,2778.27,2778.27,2024-12-21,CARD,PAID
BIL-00834,POL-00295,CUST-00196,2025-02-08,2778.27,2778.27,2025-02-09,CHECK,PAID
BIL-00835,POL-00295,CUST-00196,2025-04-10,2778.27,2778.27,2025-04-17,ONLINE,PAID
BIL-00836,POL-00295,CUST-00196,2025-06-10,2778.27,2778.27,2025-06-22,ACH,PAID
BIL-00837,POL-00296,CUST-00197,2024-08-27,4303.56,4303.56,2024-09-11,ACH,PAID
BIL-00838,POL-00296,CUST-00197,2024-11-26,4303.56,4303.56,2024-12-04,ACH,PAID
BIL-00839,POL-00296,CUST-00197,2025-02-25,4303.56,4303.56,2025-02-27,CHECK,PAID
BIL-00840,POL-00296,CUST-00197,2025-05-27,4303.56,4303.56,2025-06-04,ACH,PAID
BIL-00841,POL-00297,CUST-00197,2024-11-09,3086.32,3086.32,2024-11-19,CHECK,PAID
BIL-00842,POL-00297,CUST-00197,2025-05-10,3086.32,3086.32,2025-05-10,ACH,PAID
BIL-00843,POL-00298,CUST-00198,2025-02-17,5410.16,5410.16,2025-02-23,CHECK,PAID
BIL-00844,POL-00298,CUST-00198,2025-04-18,5410.16,5410.16,2025-05-03,CHECK,PAID
BIL-00845,POL-00298,CUST-00198,2025-06-18,5410.16,0,,,GRACE
BIL-00846,POL-00299,CUST-00199,2025-02-08,27318.78,27318.78,2025-02-08,CARD,PAID
BIL-00847,POL-00300,CUST-00200,2024-11-24,12384.89,12384.89,2024-12-07,CARD,PAID
BIL-00848,POL-00300,CUST-00200,2025-05-25,12384.89,12384.89,2025-05-27,ONLINE,PAID
BIL-00849,POL-00301,CUST-00200,2025-03-02,6145.67,6145.67,2025-03-04,CARD,PAID
BIL-00850,POL-00302,CUST-00201,2024-04-01,12439.71,12439.71,2024-04-07,CARD,PAID
BIL-00851,POL-00302,CUST-00201,2024-07-01,12439.71,12439.71,2024-07-14,ONLINE,PAID
BIL-00852,POL-00302,CUST-00201,2024-09-30,12439.71,12439.71,2024-10-14,ONLINE,PAID
BIL-00853,POL-00302,CUST-00201,2024-12-30,12439.71,12439.71,2025-01-14,CARD,PAID
BIL-00854,POL-00303,CUST-00201,2024-03-01,6565.68,6565.68,2024-03-16,ONLINE,PAID
BIL-00855,POL-00303,CUST-00201,2024-08-30,6565.68,6565.68,2024-09-04,CARD,PAID
BIL-00856,POL-00304,CUST-00202,2025-04-14,5439.51,5439.51,2025-04-14,ONLINE,PAID
BIL-00857,POL-00304,CUST-00202,2025-06-26,5439.51,0,,,GRACE
BIL-00858,POL-00305,CUST-00203,2025-05-29,8853.63,0,,,GRACE
BIL-00859,POL-00306,CUST-00203,2025-01-24,5802.56,5802.56,2025-02-06,CHECK,PAID
BIL-00860,POL-00306,CUST-00203,2025-03-25,5802.56,5802.56,2025-03-31,CHECK,PAID
BIL-00861,POL-00306,CUST-00203,2025-05-25,5802.56,5802.56,2025-05-27,ONLINE,PAID
BIL-00862,POL-00307,CUST-00204,2025-01-10,10349.26,10349.26,2025-01-10,CHECK,PAID
BIL-00863,POL-00307,CUST-00204,2025-04-11,10349.26,10349.26,2025-04-14,CARD,PAID
BIL-00864,POL-00307,CUST-00204,2025-07-11,10349.26,10349.26,2025-07-11,ACH,PAID
BIL-00865,POL-00308,CUST-00205,2025-02-25,12824.5,12824.5,2025-03-08,ONLINE,PAID
BIL-00866,POL-00308,CUST-00205,2025-05-27,12824.5,12824.5,2025-06-04,CHECK,PAID
BIL-00867,POL-00309,CUST-00206,2024-12-04,2880.79,2880.79,2024-12-13,ONLINE,PAID
BIL-00868,POL-00309,CUST-00206,2025-02-02,2880.79,2880.79,2025-02-03,ACH,PAID
BIL-00869,POL-00309,CUST-00206,2025-04-04,2880.79,2880.79,2025-04-18,ONLINE,PAID
BIL-00870,POL-00309,CUST-00206,2025-06-04,2880.79,2880.79,2025-06-17,ONLINE,PAID
BIL-00871,POL-00310,CUST-00207,2024-11-29,9152.1,9152.1,2024-12-13,ONLINE,PAID
BIL-00872,POL-00310,CUST-00207,2025-02-10,9152.1,0,,,PAST_DUE
BIL-00873,POL-00310,CUST-00207,2025-04-24,9152.1,0,,,PAST_DUE
BIL-00874,POL-00310,CUST-00207,2025-07-06,9152.1,9152.1,2025-07-05,ONLINE,PAID
BIL-00875,POL-00311,CUST-00208,2024-09-11,4605.37,4605.37,2024-09-12,CHECK,PAID
BIL-00876,POL-00311,CUST-00208,2024-12-11,4605.37,0,,,PAST_DUE
BIL-00877,POL-00311,CUST-00208,2025-03-12,4605.37,4605.37,2025-03-25,CARD,PAID
BIL-00878,POL-00311,CUST-00208,2025-06-11,4605.37,4605.37,2025-06-18,ONLINE,PAID
BIL-00879,POL-00312,CUST-00208,2025-02-07,9488.81,9488.81,2025-02-19,CHECK,PAID
BIL-00880,POL-00312,CUST-00208,2025-06-08,9488.81,9488.81,2025-06-13,ONLINE,PAID
BIL-00881,POL-00313,CUST-00209,2024-06-12,4430.28,4430.28,2024-06-23,CARD,PAID
BIL-00882,POL-00313,CUST-00209,2024-08-24,4430.28,4430.28,2024-09-05,CARD,PAID
BIL-00883,POL-00313,CUST-00209,2024-11-05,4430.28,4430.28,2024-11-06,CHECK,PAID
BIL-00884,POL-00313,CUST-00209,2025-01-17,4430.28,4430.28,2025-01-17,CARD,PAID
BIL-00885,POL-00313,CUST-00209,2025-03-31,4430.28,4430.28,2025-04-03,CARD,PAID
BIL-00886,POL-00314,CUST-00210,2024-09-06,8758.9,8758.9,2024-09-19,CARD,PAID
BIL-00887,POL-00314,CUST-00210,2024-11-05,8758.9,8758.9,2024-11-12,ACH,PAID
BIL-00888,POL-00314,CUST-00210,2025-01-05,8758.9,0,,,PAST_DUE
BIL-00889,POL-00314,CUST-00210,2025-03-07,8758.9,8758.9,2025-03-17,ONLINE,PAID
BIL-00890,POL-00314,CUST-00210,2025-05-07,8758.9,8758.9,2025-05-16,ONLINE,PAID
BIL-00891,POL-00314,CUST-00210,2025-07-07,8758.9,0,,,GRACE
BIL-00892,POL-00315,CUST-00210,2024-07-28,1182.68,1182.68,2024-08-07,CHECK,PAID
BIL-00893,POL-00315,CUST-00210,2024-11-26,1182.68,0,,,PAST_DUE
BIL-00894,POL-00315,CUST-00210,2025-03-28,1182.68,0,,,GRACE
BIL-00895,POL-00316,CUST-00211,2025-02-03,9284.08,9284.08,2025-02-12,CHECK,PAID
BIL-00896,POL-00316,CUST-00211,2025-05-05,9284.08,9284.08,2025-05-14,ACH,PAID
BIL-00897,POL-00317,CUST-00212,2024-04-13,752.83,752.83,2024-04-20,CARD,PAID
BIL-00898,POL-00317,CUST-00212,2024-06-25,752.83,752.83,2024-07-03,CHECK,PAID
BIL-00899,POL-00317,CUST-00212,2024-09-06,752.83,752.83,2024-09-15,CARD,PAID
BIL-00900,POL-00317,CUST-00212,2024-11-18,752.83,752.83,2024-11-26,ONLINE,PAID
BIL-00901,POL-00317,CUST-00212,2025-01-30,752.83,752.83,2025-02-04,CARD,PAID
BIL-00902,POL-00318,CUST-00213,2025-01-22,5951.91,5951.91,2025-02-01,ONLINE,PAID
BIL-00903,POL-00318,CUST-00213,2025-05-23,5951.91,5951.91,2025-06-07,CARD,PAID
BIL-00904,POL-00319,CUST-00214,2025-05-31,8783.2,8783.2,2025-06-08,ACH,PAID
BIL-00905,POL-00320,CUST-00215,2024-09-03,9174.74,9174.74,2024-09-03,ONLINE,PAID
BIL-00906,POL-00320,CUST-00215,2025-01-02,9174.74,9174.74,2025-01-07,ACH,PAID
BIL-00907,POL-00320,CUST-00215,2025-05-04,9174.74,0,,,PAST_DUE
BIL-00908,POL-00321,CUST-00216,2024-08-25,8368.72,8368.72,2024-09-03,CHECK,PAID
BIL-00909,POL-00321,CUST-00216,2025-02-23,8368.72,8368.72,2025-03-08,CHECK,PAID
BIL-00910,POL-00322,CUST-00216,2024-09-18,2032.83,2032.83,2024-09-22,CARD,PAID
BIL-00911,POL-00322,CUST-00216,2024-12-18,2032.83,2032.83,2024-12-18,ACH,PAID
BIL-00912,POL-00322,CUST-00216,2025-03-19,2032.83,2032.83,2025-04-01,CHECK,PAID
BIL-00913,POL-00322,CUST-00216,2025-06-18,2032.83,2032.83,2025-06-18,CARD,PAID
BIL-00914,POL-00323,CUST-00217,2024-12-29,6334.96,6334.96,2024-12-30,ACH,PAID
BIL-00915,POL-00323,CUST-00217,2025-02-27,6334.96,6334.96,2025-03-10,ACH,PAID
BIL-00916,POL-00323,CUST-00217,2025-04-29,6334.96,6334.96,2025-05-02,CARD,PAID
BIL-00917,POL-00323,CUST-00217,2025-06-29,6334.96,0,,,GRACE
BIL-00918,POL-00324,CUST-00218,2025-05-06,10660.87,10660.87,2025-05-18,CHECK,PAID
BIL-00919,POL-00325,CUST-00219,2025-04-12,4031.75,4031.75,2025-04-24,CARD,PAID
BIL-00920,POL-00325,CUST-00219,2025-06-11,4031.75,4031.75,2025-06-21,ONLINE,PAID
BIL-00921,POL-00326,CUST-00220,2025-03-23,14331.43,14331.43,2025-04-05,ACH,PAID
BIL-00922,POL-00327,CUST-00221,2023-08-29,5527.13,5527.13,2023-08-31,CHECK,PAID
BIL-00923,POL-00327,CUST-00221,2023-10-28,5527.13,5527.13,2023-11-06,CARD,PAID
BIL-00924,POL-00327,CUST-00221,2023-12-28,5527.13,5527.13,2024-01-07,ONLINE,PAID
BIL-00925,POL-00327,CUST-00221,2024-02-27,5527.13,5527.13,2024-02-29,ACH,PAID
BIL-00926,POL-00327,CUST-00221,2024-04-28,5527.13,5527.13,2024-05-09,ACH,PAID
BIL-00927,POL-00327,CUST-00221,2024-06-28,5527.13,0,,,PAST_DUE
BIL-00928,POL-00328,CUST-00222,2024-02-22,3989.32,0,,,PAST_DUE
BIL-00929,POL-00328,CUST-00222,2024-05-23,3989.32,3989.32,2024-06-05,CARD,PAID
BIL-00930,POL-00328,CUST-00222,2024-08-22,3989.32,0,,,GRACE
BIL-00931,POL-00328,CUST-00222,2024-11-21,3989.32,3989.32,2024-11-22,CARD,PAID
BIL-00932,POL-00329,CUST-00222,2024-02-26,7214.47,7214.47,2024-03-06,CARD,PAID
BIL-00933,POL-00329,CUST-00222,2024-06-26,7214.47,7214.47,2024-07-02,ACH,PAID
BIL-00934,POL-00329,CUST-00222,2024-10-26,7214.47,7214.47,2024-11-02,ONLINE,PAID
BIL-00935,POL-00330,CUST-00223,2025-05-23,6558.38,6558.38,2025-06-04,ACH,PAID
BIL-00936,POL-00331,CUST-00223,2024-10-28,11733.43,11733.43,2024-11-07,CARD,PAID
BIL-00937,POL-00331,CUST-00223,2025-04-28,11733.43,11733.43,2025-05-06,ONLINE,PAID
BIL-00938,POL-00332,CUST-00224,2023-08-06,8608.94,0,,,GRACE
BIL-00939,POL-00333,CUST-00224,2023-08-29,9827.38,0,,,PAST_DUE
BIL-00940,POL-00333,CUST-00224,2023-12-28,9827.38,9827.38,2024-01-12,ONLINE,PAID
BIL-00941,POL-00333,CUST-00224,2024-04-28,9827.38,0,,,PAST_DUE
BIL-00942,POL-00334,CUST-00225,2024-08-23,13461.97,13461.97,2024-08-29,ACH,PAID
BIL-00943,POL-00334,CUST-00225,2025-02-21,13461.97,13461.97,2025-03-03,ACH,PAID
BIL-00944,POL-00335,CUST-00226,2024-08-22,15853.16,15853.16,2024-09-02,ACH,PAID
BIL-00945,POL-00335,CUST-00226,2024-12-21,15853.16,15853.16,2024-12-29,ONLINE,PAID
BIL-00946,POL-00335,CUST-00226,2025-04-22,15853.16,15853.16,2025-04-27,ONLINE,PAID
BIL-00947,POL-00336,CUST-00226,2025-03-21,6149.77,6149.77,2025-03-26,CARD,PAID
BIL-00948,POL-00336,CUST-00226,2025-06-20,6149.77,6149.77,2025-06-16,CARD,PAID
BIL-00949,POL-00337,CUST-00227,2024-09-28,3139.84,3139.84,2024-09-28,CARD,PAID
BIL-00950,POL-00337,CUST-00227,2024-11-27,3139.84,3139.84,2024-12-07,ONLINE,PAID
BIL-00951,POL-00337,CUST-00227,2025-01-27,3139.84,3139.84,2025-01-30,CARD,PAID
BIL-00952,POL-00337,CUST-00227,2025-03-29,3139.84,3139.84,2025-03-29,CARD,PAID
BIL-00953,POL-00337,CUST-00227,2025-05-29,3139.84,3139.84,2025-06-04,CHECK,PAID
BIL-00954,POL-00338,CUST-00227,2025-03-08,7759.14,7759.14,2025-03-10,ACH,PAID
BIL-00955,POL-00338,CUST-00227,2025-05-20,7759.14,7759.14,2025-06-02,ONLINE,PAID
BIL-00956,POL-00339,CUST-00228,2024-10-26,8198.25,0,,,GRACE
BIL-00957,POL-00339,CUST-00228,2025-01-25,8198.25,8198.25,2025-02-07,CARD,PAID
BIL-00958,POL-00339,CUST-00228,2025-04-26,8198.25,8198.25,2025-05-07,CHECK,PAID
BIL-00959,POL-00340,CUST-00228,2024-11-06,12525.17,0,,,PAST_DUE
BIL-00960,POL-00340,CUST-00228,2025-03-07,12525.17,12525.17,2025-03-15,CHECK,PAID
BIL-00961,POL-00340,CUST-00228,2025-07-07,12525.17,12525.17,2025-07-07,CARD,PAID
BIL-00962,POL-00341,CUST-00229,2024-07-30,6054.23,6054.23,2024-08-07,ONLINE,PAID
BIL-00963,POL-00341,CUST-00229,2024-11-28,6054.23,6054.23,2024-11-28,CARD,PAID
BIL-00964,POL-00341,CUST-00229,2025-03-30,6054.23,6054.23,2025-04-03,ACH,PAID
BIL-00965,POL-00342,CUST-00230,2024-09-03,15589.3,15589.3,2024-09-17,ACH,PAID
BIL-00966,POL-00342,CUST-00230,2025-01-02,15589.3,0,,,GRACE
BIL-00967,POL-00342,CUST-00230,2025-05-04,15589.3,15589.3,2025-05-04,ACH,PAID
BIL-00968,POL-00343,CUST-00231,2023-12-31,9976.92,9976.92,2024-01-05,CARD,PAID
BIL-00969,POL-00343,CUST-00231,2024-03-13,9976.92,9976.92,2024-03-24,ACH,PAID
BIL-00970,POL-00343,CUST-00231,2024-05-25,9976.92,9976.92,2024-06-07,CHECK,PAID
BIL-00971,POL-00343,CUST-00231,2024-08-06,9976.92,9976.92,2024-08-20,ACH,PAID
BIL-00972,POL-00343,CUST-00231,2024-10-18,9976.92,9976.92,2024-11-02,ONLINE,PAID
BIL-00973,POL-00344,CUST-00232,2024-01-31,4637.12,4637.12,2024-02-13,ACH,PAID
BIL-00974,POL-00344,CUST-00232,2024-05-01,4637.12,4637.12,2024-05-06,CHECK,PAID
BIL-00975,POL-00344,CUST-00232,2024-07-31,4637.12,4637.12,2024-08-11,CARD,PAID
BIL-00976,POL-00344,CUST-00232,2024-10-30,4637.12,4637.12,2024-11-13,CARD,PAID
BIL-00977,POL-00345,CUST-00233,2024-02-23,8503.85,8503.85,2024-03-04,ACH,PAID
BIL-00978,POL-00345,CUST-00233,2024-05-06,8503.85,8503.85,2024-05-16,ACH,PAID
BIL-00979,POL-00345,CUST-00233,2024-07-18,8503.85,8503.85,2024-07-28,ONLINE,PAID
BIL-00980,POL-00345,CUST-00233,2024-09-29,8503.85,8503.85,2024-10-08,CHECK,PAID
BIL-00981,POL-00345,CUST-00233,2024-12-11,8503.85,0,,,PAST_DUE
BIL-00982,POL-00346,CUST-00233,2024-03-10,1727.59,0,,,GRACE
BIL-00983,POL-00347,CUST-00234,2025-01-26,5363.34,5363.34,2025-02-01,ONLINE,PAID
BIL-00984,POL-00347,CUST-00234,2025-04-09,5363.34,5363.34,2025-04-11,CARD,PAID
BIL-00985,POL-00347,CUST-00234,2025-06-21,5363.34,5363.34,2025-06-21,ACH,PAID
BIL-00986,POL-00348,CUST-00235,2024-07-20,20712.26,20712.26,2024-08-03,ACH,PAID
BIL-00987,POL-00348,CUST-00235,2025-01-18,20712.26,20712.26,2025-01-29,ONLINE,PAID
BIL-00988,POL-00349,CUST-00236,2025-02-25,2693.08,2693.08,2025-02-27,ONLINE,PAID
BIL-00989,POL-00349,CUST-00236,2025-04-26,2693.08,0,,,PAST_DUE
BIL-00990,POL-00349,CUST-00236,2025-06-26,2693.08,0,,,GRACE
BIL-00991,POL-00350,CUST-00237,2025-01-29,6189.44,6189.44,2025-01-30,CARD,PAID
BIL-00992,POL-00351,CUST-00237,2024-08-26,3209.22,3209.22,2024-08-29,CHECK,PAID
BIL-00993,POL-00351,CUST-00237,2024-10-25,3209.22,3209.22,2024-10-30,CHECK,PAID
BIL-00994,POL-00351,CUST-00237,2024-12-25,3209.22,3209.22,2024-12-28,ONLINE,PAID
BIL-00995,POL-00351,CUST-00237,2025-02-24,3209.22,3209.22,2025-03-01,CARD,PAID
BIL-00996,POL-00351,CUST-00237,2025-04-26,3209.22,0,,,PAST_DUE
BIL-00997,POL-00351,CUST-00237,2025-06-26,3209.22,0,,,GRACE
BIL-00998,POL-00352,CUST-00238,2025-06-05,9147.67,9147.67,2025-06-19,CARD,PAID
BIL-00999,POL-00353,CUST-00238,2024-07-23,1372.07,1372.07,2024-08-01,CARD,PAID
BIL-01000,POL-00353,CUST-00238,2024-11-21,1372.07,1372.07,2024-12-03,CARD,PAID
BIL-01001,POL-00353,CUST-00238,2025-03-23,1372.07,1372.07,2025-04-02,CHECK,PAID
BIL-01002,POL-00354,CUST-00239,2024-09-12,3937.43,0,,,PAST_DUE
BIL-01003,POL-00354,CUST-00239,2024-11-11,3937.43,3937.43,2024-11-17,CARD,PAID
BIL-01004,POL-00354,CUST-00239,2025-01-11,3937.43,3937.43,2025-01-11,CARD,PAID
BIL-01005,POL-00354,CUST-00239,2025-03-13,3937.43,3937.43,2025-03-22,CHECK,PAID
BIL-01006,POL-00354,CUST-00239,2025-05-13,3937.43,3937.43,2025-05-13,CHECK,PAID
BIL-01007,POL-00354,CUST-00239,2025-07-13,3937.43,3937.43,2025-07-09,ONLINE,PAID
BIL-01008,POL-00355,CUST-00240,2024-12-04,4316.39,4316.39,2024-12-14,ACH,PAID
BIL-01009,POL-00355,CUST-00240,2025-02-02,4316.39,4316.39,2025-02-02,CARD,PAID
BIL-01010,POL-00355,CUST-00240,2025-04-04,4316.39,4316.39,2025-04-15,ONLINE,PAID
BIL-01011,POL-00355,CUST-00240,2025-06-04,4316.39,4316.39,2025-06-15,ACH,PAID
BIL-01012,POL-00356,CUST-00240,2025-05-07,6049.78,6049.78,2025-05-17,CARD,PAID
BIL-01013,POL-00356,CUST-00240,2025-07-06,6049.78,0,,,GRACE
BIL-01014,POL-00357,CUST-00241,2024-11-27,7513.85,7513.85,2024-12-02,ONLINE,PAID
BIL-01015,POL-00357,CUST-00241,2025-02-08,7513.85,7513.85,2025-02-14,CARD,PAID
BIL-01016,POL-00357,CUST-00241,2025-04-22,7513.85,0,,,GRACE
BIL-01017,POL-00357,CUST-00241,2025-07-04,7513.85,7513.85,2025-07-02,ONLINE,PAID
BIL-01018,POL-00358,CUST-00242,2024-10-27,11118.74,11118.74,2024-11-10,ONLINE,PAID
BIL-01019,POL-00358,CUST-00242,2025-02-25,11118.74,11118.74,2025-03-02,CARD,PAID
BIL-01020,POL-00358,CUST-00242,2025-06-27,11118.74,0,,,GRACE
BIL-01021,POL-00359,CUST-00243,2025-02-10,8551.1,8551.1,2025-02-23,ACH,PAID
BIL-01022,POL-00359,CUST-00243,2025-04-11,8551.1,0,,,PAST_DUE
BIL-01023,POL-00359,CUST-00243,2025-06-11,8551.1,8551.1,2025-06-13,CARD,PAID
BIL-01024,POL-00360,CUST-00244,2024-11-24,3993.74,3993.74,2024-12-05,CARD,PAID
BIL-01025,POL-00360,CUST-00244,2025-01-23,3993.74,3993.74,2025-02-01,ACH,PAID
BIL-01026,POL-00361,CUST-00244,2025-05-04,14642.28,14642.28,2025-05-17,CARD,PAID
BIL-01027,POL-00362,CUST-00245,2024-04-14,4433.24,4433.24,2024-04-24,CHECK,PAID
BIL-01028,POL-00362,CUST-00245,2024-10-13,4433.24,4433.24,2024-10-25,CARD,PAID
BIL-01029,POL-00363,CUST-00246,2024-08-30,9674.59,9674.59,2024-09-03,ONLINE,PAID
BIL-01030,POL-00363,CUST-00246,2024-11-11,9674.59,9674.59,2024-11-20,CARD,PAID
BIL-01031,POL-00363,CUST-00246,2025-01-23,9674.59,9674.59,2025-02-04,ACH,PAID
BIL-01032,POL-00363,CUST-00246,2025-04-06,9674.59,9674.59,2025-04-14,ACH,PAID
BIL-01033,POL-00363,CUST-00246,2025-06-18,9674.59,0,,,GRACE
BIL-01034,POL-00364,CUST-00247,2024-09-03,4586.78,4586.78,2024-09-09,CARD,PAID
BIL-01035,POL-00364,CUST-00247,2024-11-02,4586.78,4586.78,2024-11-09,ACH,PAID
BIL-01036,POL-00364,CUST-00247,2025-01-02,4586.78,4586.78,2025-01-09,CARD,PAID
BIL-01037,POL-00364,CUST-00247,2025-03-04,4586.78,4586.78,2025-03-06,CARD,PAID
BIL-01038,POL-00364,CUST-00247,2025-05-04,4586.78,0,,,PAST_DUE
BIL-01039,POL-00364,CUST-00247,2025-07-04,4586.78,4586.78,2025-07-03,ACH,PAID
BIL-01040,POL-00365,CUST-00248,2024-12-21,4964.78,4964.78,2024-12-24,CHECK,PAID
BIL-01041,POL-00365,CUST-00248,2025-03-22,4964.78,4964.78,2025-04-04,ONLINE,PAID
BIL-01042,POL-00365,CUST-00248,2025-06-21,4964.78,4964.78,2025-06-18,CHECK,PAID
BIL-01043,POL-00366,CUST-00248,2024-11-27,7560.83,7560.83,2024-11-30,CHECK,PAID
BIL-01044,POL-00366,CUST-00248,2025-05-28,7560.83,7560.83,2025-05-29,ONLINE,PAID
BIL-01045,POL-00367,CUST-00248,2024-11-23,1448.96,0,,,COLLECTIONS
BIL-01046,POL-00367,CUST-00248,2025-02-22,1448.96,1448.96,2025-02-22,ACH,PAID
BIL-01047,POL-00367,CUST-00248,2025-05-24,1448.96,1448.96,2025-05-29,ONLINE,PAID
BIL-01048,POL-00368,CUST-00249,2023-08-11,5382.86,5382.86,2023-08-26,CARD,PAID
BIL-01049,POL-00368,CUST-00249,2023-10-23,5382.86,5382.86,2023-11-02,ONLINE,PAID
BIL-01050,POL-00368,CUST-00249,2024-01-04,5382.86,5382.86,2024-01-13,ONLINE,PAID
BIL-01051,POL-00368,CUST-00249,2024-03-17,5382.86,5382.86,2024-03-20,ONLINE,PAID
BIL-01052,POL-00368,CUST-00249,2024-05-29,5382.86,5382.86,2024-06-04,CHECK,PAID
BIL-01053,POL-00369,CUST-00250,2023-12-08,5439.5,5439.5,2023-12-12,ONLINE,PAID
BIL-01054,POL-00369,CUST-00250,2024-04-07,5439.5,5439.5,2024-04-12,ACH,PAID
BIL-01055,POL-00369,CUST-00250,2024-08-07,5439.5,5439.5,2024-08-07,CHECK,PAID
BIL-01056,POL-00370,CUST-00251,2024-02-28,11084.51,11084.51,2024-03-04,CHECK,PAID
BIL-01057,POL-00370,CUST-00251,2024-08-28,11084.51,11084.51,2024-08-31,CHECK,PAID
BIL-01058,POL-00371,CUST-00252,2024-04-16,7755.64,0,,,GRACE
BIL-01059,POL-00371,CUST-00252,2024-06-28,7755.64,0,,,PAST_DUE
BIL-01060,POL-00371,CUST-00252,2024-09-09,7755.64,7755.64,2024-09-12,ACH,PAID
BIL-01061,POL-00371,CUST-00252,2024-11-21,7755.64,7755.64,2024-12-05,CARD,PAID
BIL-01062,POL-00371,CUST-00252,2025-02-02,7755.64,7755.64,2025-02-15,CHECK,PAID
BIL-01063,POL-00372,CUST-00252,2024-03-25,516.49,516.49,2024-03-28,CARD,PAID
BIL-01064,POL-00372,CUST-00252,2024-05-24,516.49,516.49,2024-05-30,ACH,PAID
BIL-01065,POL-00372,CUST-00252,2024-07-24,516.49,516.49,2024-07-24,ACH,PAID
BIL-01066,POL-00372,CUST-00252,2024-09-23,516.49,516.49,2024-10-06,ONLINE,PAID
BIL-01067,POL-00372,CUST-00252,2024-11-23,516.49,516.49,2024-11-28,ACH,PAID
BIL-01068,POL-00372,CUST-00252,2025-01-23,516.49,516.49,2025-02-03,CARD,PAID
BIL-01069,POL-00373,CUST-00253,2024-07-29,12213.56,12213.56,2024-08-04,ONLINE,PAID
BIL-01070,POL-00373,CUST-00253,2024-11-27,12213.56,12213.56,2024-11-30,ACH,PAID
BIL-01071,POL-00373,CUST-00253,2025-03-29,12213.56,12213.56,2025-03-30,CHECK,PAID
BIL-01072,POL-00374,CUST-00254,2024-10-16,13063.67,13063.67,2024-10-23,ACH,PAID
BIL-01073,POL-00375,CUST-00254,2025-04-01,4123.32,4123.32,2025-04-06,ONLINE,PAID
BIL-01074,POL-00376,CUST-00255,2025-01-12,5336.04,5336.04,2025-01-13,ACH,PAID
BIL-01075,POL-00376,CUST-00255,2025-03-13,5336.04,5336.04,2025-03-26,CARD,PAID
BIL-01076,POL-00376,CUST-00255,2025-05-13,5336.04,5336.04,2025-05-26,CARD,PAID
BIL-01077,POL-00376,CUST-00255,2025-07-13,5336.04,0,,,GRACE
BIL-01078,POL-00377,CUST-00256,2025-05-06,16181.99,16181.99,2025-05-12,ONLINE,PAID
BIL-01079,POL-00378,CUST-00257,2025-02-07,12473.14,12473.14,2025-02-22,ONLINE,PAID
BIL-01080,POL-00378,CUST-00257,2025-06-08,12473.14,0,,,PAST_DUE
BIL-01081,POL-00379,CUST-00258,2024-02-08,22914.9,22914.9,2024-02-11,ONLINE,PAID
BIL-01082,POL-00379,CUST-00258,2024-08-08,22914.9,22914.9,2024-08-22,ACH,PAID
BIL-01083,POL-00380,CUST-00258,2024-02-04,12539.4,12539.4,2024-02-13,ACH,PAID
BIL-01084,POL-00380,CUST-00258,2024-06-04,12539.4,12539.4,2024-06-06,CARD,PAID
BIL-01085,POL-00380,CUST-00258,2024-10-04,12539.4,12539.4,2024-10-09,CARD,PAID
BIL-01086,POL-00381,CUST-00259,2025-02-06,9379.35,9379.35,2025-02-10,ACH,PAID
BIL-01087,POL-00382,CUST-00259,2025-05-24,3041.42,3041.42,2025-05-31,CHECK,PAID
BIL-01088,POL-00383,CUST-00260,2024-10-26,11277.46,11277.46,2024-10-28,ONLINE,PAID
BIL-01089,POL-00383,CUST-00260,2025-02-24,11277.46,11277.46,2025-02-24,ONLINE,PAID
BIL-01090,POL-00383,CUST-00260,2025-06-26,11277.46,0,,,GRACE
BIL-01091,POL-00384,CUST-00260,2025-04-23,1506.57,1506.57,2025-04-26,ACH,PAID
BIL-01092,POL-00384,CUST-00260,2025-07-05,1506.57,1506.57,2025-06-30,CHECK,PAID
BIL-01093,POL-00385,CUST-00261,2025-04-15,8172.95,8172.95,2025-04-18,CHECK,PAID
BIL-01094,POL-00385,CUST-00261,2025-06-14,8172.95,8172.95,2025-06-16,CARD,PAID
BIL-01095,POL-00386,CUST-00262,2024-09-12,8240.84,8240.84,2024-09-25,ACH,PAID
BIL-01096,POL-00386,CUST-00262,2024-11-24,8240.84,8240.84,2024-11-27,CHECK,PAID
BIL-01097,POL-00386,CUST-00262,2025-02-05,8240.84,0,,,GRACE
BIL-01098,POL-00386,CUST-00262,2025-04-19,8240.84,8240.84,2025-04-26,CHECK,PAID
BIL-01099,POL-00386,CUST-00262,2025-07-01,8240.84,8240.84,2025-06-28,CARD,PAID
BIL-01100,POL-00387,CUST-00263,2024-10-02,8729.67,0,,,COLLECTIONS
BIL-01101,POL-00387,CUST-00263,2025-04-02,8729.67,8729.67,2025-04-06,ONLINE,PAID
BIL-01102,POL-00388,CUST-00264,2024-08-06,4383.75,4383.75,2024-08-18,ONLINE,PAID
BIL-01103,POL-00388,CUST-00264,2024-10-18,4383.75,4383.75,2024-10-29,ACH,PAID
BIL-01104,POL-00388,CUST-00264,2024-12-30,4383.75,4383.75,2025-01-13,CARD,PAID
BIL-01105,POL-00388,CUST-00264,2025-03-13,4383.75,4383.75,2025-03-18,CHECK,PAID
BIL-01106,POL-00388,CUST-00264,2025-05-25,4383.75,4383.75,2025-06-02,ONLINE,PAID
BIL-01107,POL-00389,CUST-00264,2025-03-14,6322.43,6322.43,2025-03-23,CARD,PAID
BIL-01108,POL-00390,CUST-00265,2025-02-09,4996.86,0,,,PAST_DUE
BIL-01109,POL-00390,CUST-00265,2025-04-10,4996.86,4996.86,2025-04-18,ONLINE,PAID
BIL-01110,POL-00390,CUST-00265,2025-06-10,4996.86,4996.86,2025-06-23,ONLINE,PAID
BIL-01111,POL-00391,CUST-00266,2024-07-28,1933.34,0,,,COLLECTIONS
BIL-01112,POL-00391,CUST-00266,2024-09-26,1933.34,1933.34,2024-10-10,ONLINE,PAID
BIL-01113,POL-00391,CUST-00266,2024-11-26,1933.34,1933.34,2024-11-26,ONLINE,PAID
BIL-01114,POL-00391,CUST-00266,2025-01-26,1933.34,1933.34,2025-02-10,CHECK,PAID
BIL-01115,POL-00391,CUST-00266,2025-03-28,1933.34,1933.34,2025-04-06,ONLINE,PAID
BIL-01116,POL-00391,CUST-00266,2025-05-28,1933.34,1933.34,2025-06-03,CHECK,PAID
BIL-01117,POL-00392,CUST-00267,2024-09-11,14772.26,14772.26,2024-09-18,CHECK,PAID
BIL-01118,POL-00392,CUST-00267,2025-03-12,14772.26,14772.26,2025-03-22,CARD,PAID
BIL-01119,POL-00393,CUST-00267,2024-09-09,894.93,894.93,2024-09-12,ONLINE,PAID
BIL-01120,POL-00393,CUST-00267,2024-11-21,894.93,894.93,2024-11-21,CHECK,PAID
BIL-01121,POL-00393,CUST-00267,2025-02-02,894.93,894.93,2025-02-02,CARD,PAID
BIL-01122,POL-00393,CUST-00267,2025-04-16,894.93,894.93,2025-04-28,ACH,PAID
BIL-01123,POL-00393,CUST-00267,2025-06-28,894.93,894.93,2025-06-27,ACH,PAID
BIL-01124,POL-00394,CUST-00268,2025-04-17,8273.83,8273.83,2025-04-21,ONLINE,PAID
BIL-01125,POL-00395,CUST-00269,2025-04-23,19267.81,19267.81,2025-05-02,ACH,PAID
BIL-01126,POL-00396,CUST-00270,2025-03-25,11242.23,11242.23,2025-03-30,CHECK,PAID
BIL-01127,POL-00397,CUST-00271,2025-02-11,7373.03,7373.03,2025-02-22,ACH,PAID
BIL-01128,POL-00397,CUST-00271,2025-04-12,7373.03,7373.03,2025-04-12,CARD,PAID
BIL-01129,POL-00397,CUST-00271,2025-06-12,7373.03,0,,,PAST_DUE
BIL-01130,POL-00398,CUST-00272,2024-09-29,12186.06,12186.06,2024-10-08,CARD,PAID
BIL-01131,POL-00398,CUST-00272,2025-03-30,12186.06,12186.06,2025-04-14,CHECK,PAID
BIL-01132,POL-00399,CUST-00272,2025-03-24,3521.21,3521.21,2025-04-06,CARD,PAID
BIL-01133,POL-00400,CUST-00273,2023-12-16,26529.88,26529.88,2023-12-30,CHECK,PAID
BIL-01134,POL-00400,CUST-00273,2024-06-15,26529.88,0,,,PAST_DUE
BIL-01135,POL-00401,CUST-00274,2024-10-23,14422.05,14422.05,2024-10-24,CHECK,PAID
BIL-01136,POL-00401,CUST-00274,2025-04-23,14422.05,14422.05,2025-05-05,ACH,PAID
BIL-01137,POL-00402,CUST-00274,2025-03-13,2527.01,0,,,PAST_DUE
BIL-01138,POL-00402,CUST-00274,2025-05-12,2527.01,2527.01,2025-05-23,CARD,PAID
BIL-01139,POL-00402,CUST-00274,2025-07-12,2527.01,2527.01,2025-07-10,ONLINE,PAID
BIL-01140,POL-00403,CUST-00275,2024-08-17,2537.09,2537.09,2024-08-25,CARD,PAID
BIL-01141,POL-00403,CUST-00275,2024-11-16,2537.09,2537.09,2024-11-25,ONLINE,PAID
BIL-01142,POL-00403,CUST-00275,2025-02-15,2537.09,2537.09,2025-02-16,ONLINE,PAID
BIL-01143,POL-00403,CUST-00275,2025-05-17,2537.09,0,,,PAST_DUE
BIL-01144,POL-00404,CUST-00276,2024-11-29,12354.84,12354.84,2024-12-14,CARD,PAID
BIL-01145,POL-00405,CUST-00277,2025-05-10,6396.74,0,,,PAST_DUE
BIL-01146,POL-00406,CUST-00278,2025-06-15,14882.65,14882.65,2025-06-10,CARD,PAID
BIL-01147,POL-00407,CUST-00278,2024-10-03,2463.62,2463.62,2024-10-06,ACH,PAID
BIL-01148,POL-00407,CUST-00278,2024-12-15,2463.62,2463.62,2024-12-24,CHECK,PAID
BIL-01149,POL-00407,CUST-00278,2025-02-26,2463.62,0,,,GRACE
BIL-01150,POL-00407,CUST-00278,2025-05-10,2463.62,2463.62,2025-05-11,ONLINE,PAID
BIL-01151,POL-00408,CUST-00279,2024-08-05,5488.74,5488.74,2024-08-15,ONLINE,PAID
BIL-01152,POL-00408,CUST-00279,2024-10-17,5488.74,5488.74,2024-10-29,CHECK,PAID
BIL-01153,POL-00408,CUST-00279,2024-12-29,5488.74,5488.74,2024-12-30,ONLINE,PAID
BIL-01154,POL-00408,CUST-00279,2025-03-12,5488.74,5488.74,2025-03-16,ACH,PAID
BIL-01155,POL-00408,CUST-00279,2025-05-24,5488.74,5488.74,2025-06-04,ONLINE,PAID
BIL-01156,POL-00409,CUST-00279,2024-09-13,2495.84,2495.84,2024-09-26,CARD,PAID
BIL-01157,POL-00409,CUST-00279,2024-11-25,2495.84,2495.84,2024-11-30,ACH,PAID
BIL-01158,POL-00409,CUST-00279,2025-02-06,2495.84,2495.84,2025-02-16,CARD,PAID
BIL-01159,POL-00409,CUST-00279,2025-04-20,2495.84,2495.84,2025-04-29,ONLINE,PAID
BIL-01160,POL-00409,CUST-00279,2025-07-02,2495.84,0,,,GRACE
BIL-01161,POL-00410,CUST-00280,2024-03-22,4295.11,4295.11,2024-04-06,ONLINE,PAID
BIL-01162,POL-00410,CUST-00280,2024-06-21,4295.11,4295.11,2024-06-30,CHECK,PAID
BIL-01163,POL-00410,CUST-00280,2024-09-20,4295.11,4295.11,2024-09-27,ONLINE,PAID
BIL-01164,POL-00410,CUST-00280,2024-12-20,4295.11,4295.11,2024-12-23,CARD,PAID
BIL-01165,POL-00411,CUST-00281,2025-04-19,8127.79,8127.79,2025-04-19,ONLINE,PAID
BIL-01166,POL-00412,CUST-00282,2024-10-26,19303.06,0,,,GRACE
BIL-01167,POL-00412,CUST-00282,2025-04-26,19303.06,19303.06,2025-05-07,CARD,PAID
BIL-01168,POL-00413,CUST-00282,2024-12-10,6823.27,6823.27,2024-12-11,ACH,PAID
BIL-01169,POL-00413,CUST-00282,2025-06-10,6823.27,6823.27,2025-06-22,CARD,PAID
BIL-01170,POL-00414,CUST-00283,2024-12-15,12236.65,0,,,GRACE
BIL-01171,POL-00414,CUST-00283,2025-04-15,12236.65,0,,,GRACE
BIL-01172,POL-00415,CUST-00283,2024-12-15,14539.74,0,,,PAST_DUE
BIL-01173,POL-00415,CUST-00283,2025-06-15,14539.74,0,,,GRACE
BIL-01174,POL-00416,CUST-00284,2025-01-26,13438.93,0,,,PAST_DUE
BIL-01175,POL-00416,CUST-00284,2025-05-27,13438.93,13438.93,2025-06-10,ONLINE,PAID
BIL-01176,POL-00417,CUST-00284,2024-09-20,5774.34,5774.34,2024-09-28,CARD,PAID
BIL-01177,POL-00417,CUST-00284,2025-01-19,5774.34,5774.34,2025-01-29,CHECK,PAID
BIL-01178,POL-00417,CUST-00284,2025-05-21,5774.34,5774.34,2025-05-26,CARD,PAID
BIL-01179,POL-00418,CUST-00284,2025-04-25,934.93,934.93,2025-04-30,CHECK,PAID
BIL-01180,POL-00418,CUST-00284,2025-06-24,934.93,934.93,2025-06-22,ACH,PAID
BIL-01181,POL-00419,CUST-00285,2025-02-04,4404.44,4404.44,2025-02-14,ONLINE,PAID
BIL-01182,POL-00419,CUST-00285,2025-04-18,4404.44,4404.44,2025-04-20,ONLINE,PAID
BIL-01183,POL-00419,CUST-00285,2025-06-30,4404.44,4404.44,2025-06-28,ACH,PAID
BIL-01184,POL-00420,CUST-00286,2024-09-25,4239.84,0,,,PAST_DUE
BIL-01185,POL-00420,CUST-00286,2024-11-24,4239.84,4239.84,2024-12-03,ACH,PAID
BIL-01186,POL-00420,CUST-00286,2025-01-24,4239.84,4239.84,2025-02-07,CHECK,PAID
BIL-01187,POL-00420,CUST-00286,2025-03-26,4239.84,4239.84,2025-04-02,CHECK,PAID
BIL-01188,POL-00420,CUST-00286,2025-05-26,4239.84,4239.84,2025-06-06,CARD,PAID
BIL-01189,POL-00421,CUST-00287,2024-08-06,5777.09,5777.09,2024-08-15,ACH,PAID
BIL-01190,POL-00421,CUST-00287,2024-11-05,5777.09,5777.09,2024-11-19,ACH,PAID
BIL-01191,POL-00421,CUST-00287,2025-02-04,5777.09,5777.09,2025-02-13,ONLINE,PAID
BIL-01192,POL-00421,CUST-00287,2025-05-06,5777.09,5777.09,2025-05-15,CARD,PAID
BIL-01193,POL-00422,CUST-00288,2024-08-03,16748.83,16748.83,2024-08-18,ACH,PAID
BIL-01194,POL-00422,CUST-00288,2025-02-01,16748.83,16748.83,2025-02-04,CARD,PAID
BIL-01195,POL-00423,CUST-00289,2024-12-22,6804.82,6804.82,2024-12-24,CARD,PAID
BIL-01196,POL-00423,CUST-00289,2025-03-05,6804.82,6804.82,2025-03-10,ONLINE,PAID
BIL-01197,POL-00423,CUST-00289,2025-05-17,6804.82,0,,,GRACE
BIL-01198,POL-00424,CUST-00290,2024-11-21,3633.42,3633.42,2024-11-26,ACH,PAID
BIL-01199,POL-00424,CUST-00290,2025-01-20,3633.42,3633.42,2025-01-25,ONLINE,PAID
BIL-01200,POL-00424,CUST-00290,2025-03-22,3633.42,3633.42,2025-03-28,ACH,PAID
BIL-01201,POL-00424,CUST-00290,2025-05-22,3633.42,3633.42,2025-06-04,CARD,PAID
BIL-01202,POL-00425,CUST-00291,2024-09-02,11230.11,11230.11,2024-09-12,CARD,PAID
BIL-01203,POL-00425,CUST-00291,2024-12-02,11230.11,11230.11,2024-12-11,ONLINE,PAID
BIL-01204,POL-00425,CUST-00291,2025-03-03,11230.11,11230.11,2025-03-09,CHECK,PAID
BIL-01205,POL-00425,CUST-00291,2025-06-02,11230.11,11230.11,2025-06-17,ACH,PAID
BIL-01206,POL-00426,CUST-00291,2024-09-20,2402.14,2402.14,2024-09-23,CHECK,PAID
BIL-01207,POL-00426,CUST-00291,2025-03-21,2402.14,2402.14,2025-04-05,CARD,PAID
BIL-01208,POL-00427,CUST-00292,2024-12-05,11190.52,11190.52,2024-12-17,ONLINE,PAID
BIL-01209,POL-00428,CUST-00293,2024-11-22,13286.98,13286.98,2024-12-06,ONLINE,PAID
BIL-01210,POL-00428,CUST-00293,2025-05-23,13286.98,0,,,GRACE
BIL-01211,POL-00429,CUST-00293,2025-01-03,3757.57,3757.57,2025-01-05,CHECK,PAID
BIL-01212,POL-00429,CUST-00293,2025-03-04,3757.57,3757.57,2025-03-16,CARD,PAID
BIL-01213,POL-00429,CUST-00293,2025-05-04,3757.57,3757.57,2025-05-12,ONLINE,PAID
BIL-01214,POL-00429,CUST-00293,2025-07-04,3757.57,0,,,GRACE
BIL-01215,POL-00430,CUST-00294,2023-09-05,7260.07,7260.07,2023-09-15,ACH,PAID
BIL-01216,POL-00430,CUST-00294,2023-11-17,7260.07,7260.07,2023-11-17,ACH,PAID
BIL-01217,POL-00430,CUST-00294,2024-01-29,7260.07,7260.07,2024-02-08,ONLINE,PAID
BIL-01218,POL-00430,CUST-00294,2024-04-11,7260.07,7260.07,2024-04-11,CARD,PAID
BIL-01219,POL-00430,CUST-00294,2024-06-23,7260.07,7260.07,2024-07-03,CARD,PAID
BIL-01220,POL-00431,CUST-00295,2024-10-21,5050.06,5050.06,2024-11-03,CHECK,PAID
BIL-01221,POL-00431,CUST-00295,2025-04-21,5050.06,0,,,PAST_DUE
BIL-01222,POL-00432,CUST-00296,2025-04-06,13485.56,13485.56,2025-04-18,CHECK,PAID
BIL-01223,POL-00433,CUST-00297,2024-10-17,4166.27,4166.27,2024-10-26,ONLINE,PAID
BIL-01224,POL-00433,CUST-00297,2024-12-16,4166.27,4166.27,2024-12-30,CARD,PAID
BIL-01225,POL-00433,CUST-00297,2025-02-15,4166.27,4166.27,2025-02-26,ONLINE,PAID
BIL-01226,POL-00433,CUST-00297,2025-04-17,4166.27,4166.27,2025-04-28,CARD,PAID
BIL-01227,POL-00433,CUST-00297,2025-06-17,4166.27,0,,,GRACE
BIL-01228,POL-00434,CUST-00298,2025-02-06,24768.76,24768.76,2025-02-07,CARD,PAID
BIL-01229,POL-00435,CUST-00299,2024-09-06,8906.43,8906.43,2024-09-20,ACH,PAID
BIL-01230,POL-00435,CUST-00299,2025-01-05,8906.43,8906.43,2025-01-14,CARD,PAID
BIL-01231,POL-00435,CUST-00299,2025-05-07,8906.43,8906.43,2025-05-21,ACH,PAID
BIL-01232,POL-00436,CUST-00300,2025-04-20,7001.72,7001.72,2025-04-30,CHECK,PAID
BIL-01233,POL-00436,CUST-00300,2025-07-02,7001.72,0,,,GRACE
BIL-01234,POL-00437,CUST-00301,2024-09-22,10570.24,0,,,PAST_DUE
BIL-01235,POL-00437,CUST-00301,2024-12-22,10570.24,10570.24,2024-12-30,CARD,PAID
BIL-01236,POL-00437,CUST-00301,2025-03-23,10570.24,10570.24,2025-03-28,ONLINE,PAID
BIL-01237,POL-00437,CUST-00301,2025-06-22,10570.24,0,,,GRACE
BIL-01238,POL-00438,CUST-00301,2024-09-13,2959.82,2959.82,2024-09-19,ACH,PAID
BIL-01239,POL-00438,CUST-00301,2025-03-14,2959.82,2959.82,2025-03-24,ONLINE,PAID
BIL-01240,POL-00439,CUST-00302,2024-11-24,8018.36,8018.36,2024-11-26,CARD,PAID
BIL-01241,POL-00439,CUST-00302,2025-01-23,8018.36,8018.36,2025-02-07,ACH,PAID
BIL-01242,POL-00439,CUST-00302,2025-03-25,8018.36,8018.36,2025-04-04,ACH,PAID
BIL-01243,POL-00439,CUST-00302,2025-05-25,8018.36,0,,,PAST_DUE
BIL-01244,POL-00440,CUST-00303,2025-02-01,9981.14,9981.14,2025-02-06,ACH,PAID
BIL-01245,POL-00441,CUST-00304,2025-04-27,9364.42,9364.42,2025-04-28,CHECK,PAID
BIL-01246,POL-00441,CUST-00304,2025-07-09,9364.42,9364.42,2025-07-05,ONLINE,PAID
BIL-01247,POL-00442,CUST-00305,2025-03-24,5362.34,5362.34,2025-03-31,CHECK,PAID
BIL-01248,POL-00442,CUST-00305,2025-06-05,5362.34,5362.34,2025-06-15,ACH,PAID
BIL-01249,POL-00443,CUST-00306,2024-12-12,4768.17,0,,,GRACE
BIL-01250,POL-00443,CUST-00306,2025-02-23,4768.17,4768.17,2025-03-05,CARD,PAID
BIL-01251,POL-00443,CUST-00306,2025-05-07,4768.17,4768.17,2025-05-19,ACH,PAID
BIL-01252,POL-00444,CUST-00307,2024-08-27,13397.59,13397.59,2024-09-03,ACH,PAID
BIL-01253,POL-00444,CUST-00307,2025-02-25,13397.59,13397.59,2025-03-01,ONLINE,PAID
BIL-01254,POL-00445,CUST-00308,2024-05-11,13711.17,13711.17,2024-05-21,CHECK,PAID
BIL-01255,POL-00445,CUST-00308,2024-08-10,13711.17,13711.17,2024-08-23,ACH,PAID
BIL-01256,POL-00445,CUST-00308,2024-11-09,13711.17,13711.17,2024-11-19,ACH,PAID
BIL-01257,POL-00445,CUST-00308,2025-02-08,13711.17,0,,,PAST_DUE
BIL-01258,POL-00446,CUST-00308,2024-05-05,13807.03,13807.03,2024-05-15,ACH,PAID
BIL-01259,POL-00446,CUST-00308,2024-11-03,13807.03,0,,,PAST_DUE
BIL-01260,POL-00447,CUST-00309,2024-08-03,7548.72,7548.72,2024-08-17,CARD,PAID
BIL-01261,POL-00447,CUST-00309,2024-11-02,7548.72,7548.72,2024-11-12,ONLINE,PAID
BIL-01262,POL-00447,CUST-00309,2025-02-01,7548.72,7548.72,2025-02-13,CARD,PAID
BIL-01263,POL-00447,CUST-00309,2025-05-03,7548.72,0,,,PAST_DUE
BIL-01264,POL-00448,CUST-00310,2024-01-27,24299.54,24299.54,2024-02-07,ONLINE,PAID
BIL-01265,POL-00448,CUST-00310,2024-07-27,24299.54,24299.54,2024-08-02,CHECK,PAID
BIL-01266,POL-00449,CUST-00311,2024-09-15,11765.55,11765.55,2024-09-16,ACH,PAID
BIL-01267,POL-00449,CUST-00311,2025-01-14,11765.55,11765.55,2025-01-24,ONLINE,PAID
BIL-01268,POL-00449,CUST-00311,2025-05-16,11765.55,11765.55,2025-05-25,ONLINE,PAID
BIL-01269,POL-00450,CUST-00311,2024-09-21,11312.51,11312.51,2024-10-01,ONLINE,PAID
BIL-01270,POL-00450,CUST-00311,2025-01-20,11312.51,11312.51,2025-01-27,ONLINE,PAID
BIL-01271,POL-00450,CUST-00311,2025-05-22,11312.51,11312.51,2025-06-02,CHECK,PAID
BIL-01272,POL-00451,CUST-00312,2023-12-29,21847.6,21847.6,2024-01-07,CARD,PAID
BIL-01273,POL-00451,CUST-00312,2024-06-28,21847.6,21847.6,2024-06-29,CARD,PAID
BIL-01274,POL-00452,CUST-00313,2025-02-19,5983.72,0,,,PAST_DUE
BIL-01275,POL-00452,CUST-00313,2025-04-20,5983.72,5983.72,2025-04-25,ONLINE,PAID
BIL-01276,POL-00452,CUST-00313,2025-06-20,5983.72,5983.72,2025-06-19,ONLINE,PAID
BIL-01277,POL-00453,CUST-00313,2025-05-20,1249.98,1249.98,2025-05-30,CARD,PAID
BIL-01278,POL-00454,CUST-00314,2024-10-09,4748.76,4748.76,2024-10-11,ONLINE,PAID
BIL-01279,POL-00454,CUST-00314,2025-01-08,4748.76,4748.76,2025-01-16,ACH,PAID
BIL-01280,POL-00454,CUST-00314,2025-04-09,4748.76,4748.76,2025-04-22,ACH,PAID
BIL-01281,POL-00454,CUST-00314,2025-07-09,4748.76,4748.76,2025-07-09,ONLINE,PAID
BIL-01282,POL-00455,CUST-00315,2024-12-15,3960.99,3960.99,2024-12-21,CHECK,PAID
BIL-01283,POL-00455,CUST-00315,2025-03-16,3960.99,3960.99,2025-03-25,ONLINE,PAID
BIL-01284,POL-00455,CUST-00315,2025-06-15,3960.99,0,,,GRACE
BIL-01285,POL-00456,CUST-00316,2025-01-13,17165.6,0,,,COLLECTIONS
BIL-01286,POL-00456,CUST-00316,2025-07-14,17165.6,0,,,GRACE
BIL-01287,POL-00457,CUST-00316,2025-01-08,9129.33,9129.33,2025-01-08,CARD,PAID
BIL-01288,POL-00457,CUST-00316,2025-07-09,9129.33,9129.33,2025-07-08,ACH,PAID
BIL-01289,POL-00458,CUST-00317,2025-01-22,8455.06,8455.06,2025-02-04,CARD,PAID
BIL-01290,POL-00458,CUST-00317,2025-04-23,8455.06,8455.06,2025-04-26,CHECK,PAID
BIL-01291,POL-00459,CUST-00318,2025-02-17,3951.97,3951.97,2025-03-03,ACH,PAID
BIL-01292,POL-00459,CUST-00318,2025-05-19,3951.97,3951.97,2025-05-26,CHECK,PAID
BIL-01293,POL-00460,CUST-00319,2024-08-01,7803.89,0,,,PAST_DUE
BIL-01294,POL-00460,CUST-00319,2024-11-30,7803.89,7803.89,2024-12-01,ONLINE,PAID
BIL-01295,POL-00460,CUST-00319,2025-04-01,7803.89,7803.89,2025-04-09,ACH,PAID
BIL-01296,POL-00461,CUST-00320,2025-01-12,4295.89,4295.89,2025-01-20,ONLINE,PAID
BIL-01297,POL-00461,CUST-00320,2025-03-13,4295.89,4295.89,2025-03-23,CHECK,PAID
BIL-01298,POL-00462,CUST-00321,2025-05-26,15370.84,0,,,PAST_DUE
BIL-01299,POL-00463,CUST-00322,2025-02-04,15913.77,15913.77,2025-02-14,ONLINE,PAID
BIL-01300,POL-00463,CUST-00322,2025-06-05,15913.77,15913.77,2025-06-20,ACH,PAID
BIL-01301,POL-00464,CUST-00322,2024-09-03,4564.99,4564.99,2024-09-09,ACH,PAID
BIL-01302,POL-00464,CUST-00322,2024-11-15,4564.99,4564.99,2024-11-28,ACH,PAID
BIL-01303,POL-00464,CUST-00322,2025-01-27,4564.99,4564.99,2025-02-08,CHECK,PAID
BIL-01304,POL-00464,CUST-00322,2025-04-10,4564.99,4564.99,2025-04-11,CARD,PAID
BIL-01305,POL-00464,CUST-00322,2025-06-22,4564.99,4564.99,2025-06-21,ACH,PAID
BIL-01306,POL-00465,CUST-00323,2024-08-26,3569.45,3569.45,2024-09-10,ONLINE,PAID
BIL-01307,POL-00465,CUST-00323,2024-10-25,3569.45,3569.45,2024-11-05,CARD,PAID
BIL-01308,POL-00465,CUST-00323,2024-12-25,3569.45,3569.45,2024-12-31,ONLINE,PAID
BIL-01309,POL-00465,CUST-00323,2025-02-24,3569.45,3569.45,2025-03-11,ONLINE,PAID
BIL-01310,POL-00465,CUST-00323,2025-04-26,3569.45,3569.45,2025-05-04,ACH,PAID
BIL-01311,POL-00465,CUST-00323,2025-06-26,3569.45,3569.45,2025-06-26,ACH,PAID
BIL-01312,POL-00466,CUST-00323,2024-12-28,820.38,0,,,PAST_DUE
BIL-01313,POL-00466,CUST-00323,2025-02-26,820.38,0,,,GRACE
BIL-01314,POL-00466,CUST-00323,2025-04-28,820.38,820.38,2025-05-11,ACH,PAID
BIL-01315,POL-00466,CUST-00323,2025-06-28,820.38,820.38,2025-06-27,ONLINE,PAID
BIL-01316,POL-00467,CUST-00324,2025-05-09,6480.41,6480.41,2025-05-14,ACH,PAID
BIL-01317,POL-00468,CUST-00324,2025-01-13,8682.33,8682.33,2025-01-18,CARD,PAID
BIL-01318,POL-00468,CUST-00324,2025-04-14,8682.33,0,,,PAST_DUE
BIL-01319,POL-00468,CUST-00324,2025-07-14,8682.33,0,,,GRACE
BIL-01320,POL-00469,CUST-00325,2025-06-04,9060.27,9060.27,2025-06-08,ACH,PAID
BIL-01321,POL-00470,CUST-00326,2025-02-26,12801.03,12801.03,2025-02-28,ACH,PAID
BIL-01322,POL-00470,CUST-00326,2025-05-28,12801.03,12801.03,2025-06-12,CHECK,PAID
BIL-01323,POL-00471,CUST-00327,2023-08-11,19572.34,19572.34,2023-08-16,CHECK,PAID
BIL-01324,POL-00471,CUST-00327,2024-02-09,19572.34,19572.34,2024-02-16,ACH,PAID
BIL-01325,POL-00472,CUST-00327,2023-09-05,12295.36,12295.36,2023-09-14,ACH,PAID
BIL-01326,POL-00472,CUST-00327,2024-03-05,12295.36,0,,,GRACE
BIL-01327,POL-00473,CUST-00328,2024-08-25,15643.71,15643.71,2024-09-02,ONLINE,PAID
BIL-01328,POL-00473,CUST-00328,2024-12-24,15643.71,15643.71,2025-01-08,CARD,PAID
BIL-01329,POL-00473,CUST-00328,2025-04-25,15643.71,15643.71,2025-05-03,ONLINE,PAID
BIL-01330,POL-00474,CUST-00328,2025-05-02,1369.19,1369.19,2025-05-13,ACH,PAID
BIL-01331,POL-00475,CUST-00329,2024-10-27,6447.57,6447.57,2024-10-31,CARD,PAID
BIL-01332,POL-00475,CUST-00329,2025-01-08,6447.57,6447.57,2025-01-16,CARD,PAID
BIL-01333,POL-00475,CUST-00329,2025-03-22,6447.57,6447.57,2025-03-25,ACH,PAID
BIL-01334,POL-00475,CUST-00329,2025-06-03,6447.57,6447.57,2025-06-04,ACH,PAID
BIL-01335,POL-00476,CUST-00330,2025-06-05,14859.45,14859.45,2025-06-18,ACH,PAID
BIL-01336,POL-00477,CUST-00331,2024-07-23,9844.6,9844.6,2024-08-07,ACH,PAID
BIL-01337,POL-00477,CUST-00331,2024-10-04,9844.6,9844.6,2024-10-16,ONLINE,PAID
BIL-01338,POL-00477,CUST-00331,2024-12-16,9844.6,9844.6,2024-12-21,ACH,PAID
BIL-01339,POL-00477,CUST-00331,2025-02-27,9844.6,0,,,GRACE
BIL-01340,POL-00477,CUST-00331,2025-05-11,9844.6,9844.6,2025-05-12,ACH,PAID
BIL-01341,POL-00478,CUST-00331,2024-08-02,2668.33,2668.33,2024-08-09,ONLINE,PAID
BIL-01342,POL-00478,CUST-00331,2024-10-01,2668.33,0,,,PAST_DUE
BIL-01343,POL-00478,CUST-00331,2024-12-01,2668.33,2668.33,2024-12-05,ACH,PAID
BIL-01344,POL-00478,CUST-00331,2025-01-31,2668.33,2668.33,2025-02-06,ONLINE,PAID
BIL-01345,POL-00478,CUST-00331,2025-04-02,2668.33,0,,,GRACE
BIL-01346,POL-00478,CUST-00331,2025-06-02,2668.33,2668.33,2025-06-02,CHECK,PAID
BIL-01347,POL-00479,CUST-00332,2025-05-26,3807.17,3807.17,2025-06-05,ACH,PAID
BIL-01348,POL-00480,CUST-00332,2025-02-18,9911.92,9911.92,2025-02-25,CARD,PAID
BIL-01349,POL-00481,CUST-00333,2024-11-02,7303.45,0,,,GRACE
BIL-01350,POL-00481,CUST-00333,2025-02-01,7303.45,7303.45,2025-02-01,ACH,PAID
BIL-01351,POL-00481,CUST-00333,2025-05-03,7303.45,7303.45,2025-05-09,ONLINE,PAID
BIL-01352,POL-00482,CUST-00333,2024-07-23,11659.28,11659.28,2024-07-24,ONLINE,PAID
BIL-01353,POL-00482,CUST-00333,2025-01-21,11659.28,11659.28,2025-01-23,ACH,PAID
BIL-01354,POL-00483,CUST-00334,2024-10-08,15088.08,15088.08,2024-10-20,ACH,PAID
BIL-01355,POL-00483,CUST-00334,2025-02-06,15088.08,15088.08,2025-02-21,ACH,PAID
BIL-01356,POL-00483,CUST-00334,2025-06-08,15088.08,15088.08,2025-06-23,CARD,PAID
BIL-01357,POL-00484,CUST-00334,2025-04-30,1300.43,1300.43,2025-05-08,CHECK,PAID
BIL-01358,POL-00485,CUST-00335,2024-05-23,7753.08,7753.08,2024-05-26,ONLINE,PAID
BIL-01359,POL-00485,CUST-00335,2024-08-22,7753.08,7753.08,2024-08-27,ACH,PAID
BIL-01360,POL-00485,CUST-00335,2024-11-21,7753.08,7753.08,2024-11-21,ONLINE,PAID
BIL-01361,POL-00485,CUST-00335,2025-02-20,7753.08,7753.08,2025-02-27,ONLINE,PAID
BIL-01362,POL-00486,CUST-00335,2024-05-20,3019.52,0,,,COLLECTIONS
BIL-01363,POL-00486,CUST-00335,2024-11-18,3019.52,3019.52,2024-11-25,CHECK,PAID
BIL-01364,POL-00487,CUST-00336,2025-01-01,13263.09,0,,,PAST_DUE
BIL-01365,POL-00487,CUST-00336,2025-04-02,13263.09,0,,,GRACE
BIL-01366,POL-00487,CUST-00336,2025-07-02,13263.09,13263.09,2025-06-30,CARD,PAID
BIL-01367,POL-00488,CUST-00337,2025-02-28,22745.76,22745.76,2025-02-28,CARD,PAID
BIL-01368,POL-00489,CUST-00337,2025-03-19,5611.57,5611.57,2025-03-27,ACH,PAID
BIL-01369,POL-00489,CUST-00337,2025-06-18,5611.57,5611.57,2025-06-13,ACH,PAID
BIL-01370,POL-00490,CUST-00338,2023-12-11,3229.28,3229.28,2023-12-25,ONLINE,PAID
BIL-01371,POL-00490,CUST-00338,2024-02-09,3229.28,0,,,PAST_DUE
BIL-01372,POL-00490,CUST-00338,2024-04-10,3229.28,3229.28,2024-04-10,CARD,PAID
BIL-01373,POL-00490,CUST-00338,2024-06-10,3229.28,3229.28,2024-06-23,CHECK,PAID
BIL-01374,POL-00490,CUST-00338,2024-08-10,3229.28,3229.28,2024-08-17,CARD,PAID
BIL-01375,POL-00490,CUST-00338,2024-10-10,3229.28,3229.28,2024-10-12,ONLINE,PAID
BIL-01376,POL-00491,CUST-00339,2025-05-29,3324.58,3324.58,2025-05-29,CARD,PAID
BIL-01377,POL-00492,CUST-00340,2025-02-21,5331.73,0,,,GRACE
BIL-01378,POL-00492,CUST-00340,2025-05-23,5331.73,5331.73,2025-06-03,CHECK,PAID
BIL-01379,POL-00493,CUST-00340,2024-11-15,19530.96,19530.96,2024-11-19,ACH,PAID
BIL-01380,POL-00493,CUST-00340,2025-05-16,19530.96,19530.96,2025-05-19,CHECK,PAID
BIL-01381,POL-00494,CUST-00341,2024-09-12,2950.97,2950.97,2024-09-14,CARD,PAID
BIL-01382,POL-00494,CUST-00341,2024-11-11,2950.97,2950.97,2024-11-23,CHECK,PAID
BIL-01383,POL-00494,CUST-00341,2025-01-11,2950.97,2950.97,2025-01-24,CHECK,PAID
BIL-01384,POL-00494,CUST-00341,2025-03-13,2950.97,2950.97,2025-03-26,ONLINE,PAID
BIL-01385,POL-00494,CUST-00341,2025-05-13,2950.97,2950.97,2025-05-27,ONLINE,PAID
BIL-01386,POL-00494,CUST-00341,2025-07-13,2950.97,0,,,GRACE
BIL-01387,POL-00495,CUST-00342,2025-04-03,10016.66,10016.66,2025-04-11,CHECK,PAID
BIL-01388,POL-00496,CUST-00343,2024-09-03,3504.02,3504.02,2024-09-10,ONLINE,PAID
BIL-01389,POL-00496,CUST-00343,2024-11-15,3504.02,3504.02,2024-11-17,ACH,PAID
BIL-01390,POL-00496,CUST-00343,2025-01-27,3504.02,3504.02,2025-02-11,CHECK,PAID
BIL-01391,POL-00496,CUST-00343,2025-04-10,3504.02,3504.02,2025-04-14,ACH,PAID
BIL-01392,POL-00496,CUST-00343,2025-06-22,3504.02,3504.02,2025-06-22,ACH,PAID
BIL-01393,POL-00497,CUST-00344,2024-11-30,10477.0,10477.0,2024-12-06,ONLINE,PAID
BIL-01394,POL-00497,CUST-00344,2025-02-11,10477.0,10477.0,2025-02-15,CARD,PAID
BIL-01395,POL-00497,CUST-00344,2025-04-25,10477.0,10477.0,2025-05-02,CHECK,PAID
BIL-01396,POL-00497,CUST-00344,2025-07-07,10477.0,10477.0,2025-07-03,ONLINE,PAID
BIL-01397,POL-00498,CUST-00345,2025-02-20,5368.85,5368.85,2025-02-21,CARD,PAID
BIL-01398,POL-00498,CUST-00345,2025-05-22,5368.85,5368.85,2025-06-04,CHECK,PAID
BIL-01399,POL-00499,CUST-00345,2025-02-20,7215.35,7215.35,2025-02-24,ACH,PAID
BIL-01400,POL-00499,CUST-00345,2025-05-22,7215.35,7215.35,2025-05-27,CARD,PAID
BIL-01401,POL-00500,CUST-00345,2025-01-22,1469.84,1469.84,2025-01-26,ACH,PAID
BIL-01402,POL-00500,CUST-00345,2025-04-05,1469.84,1469.84,2025-04-15,ACH,PAID
BIL-01403,POL-00500,CUST-00345,2025-06-17,1469.84,0,,,GRACE
BIL-01404,POL-00501,CUST-00346,2024-10-09,8403.79,8403.79,2024-10-09,ACH,PAID
BIL-01405,POL-00501,CUST-00346,2025-02-07,8403.79,8403.79,2025-02-19,CARD,PAID
BIL-01406,POL-00501,CUST-00346,2025-06-09,8403.79,8403.79,2025-06-21,ONLINE,PAID
BIL-01407,POL-00502,CUST-00347,2024-09-10,10686.86,10686.86,2024-09-10,ACH,PAID
BIL-01408,POL-00502,CUST-00347,2025-01-09,10686.86,10686.86,2025-01-11,ACH,PAID
BIL-01409,POL-00502,CUST-00347,2025-05-11,10686.86,10686.86,2025-05-23,ACH,PAID
BIL-01410,POL-00503,CUST-00348,2024-09-05,10214.36,10214.36,2024-09-07,ONLINE,PAID
BIL-01411,POL-00503,CUST-00348,2025-03-06,10214.36,10214.36,2025-03-10,CARD,PAID
BIL-01412,POL-00504,CUST-00349,2024-09-04,6889.45,6889.45,2024-09-10,ONLINE,PAID
BIL-01413,POL-00504,CUST-00349,2025-01-03,6889.45,6889.45,2025-01-17,ACH,PAID
BIL-01414,POL-00504,CUST-00349,2025-05-05,6889.45,6889.45,2025-05-15,CHECK,PAID
BIL-01415,POL-00505,CUST-00350,2025-03-23,3611.69,0,,,COLLECTIONS
BIL-01416,POL-00505,CUST-00350,2025-05-22,3611.69,0,,,GRACE
BIL-01417,POL-00506,CUST-00351,2025-01-24,6564.44,6564.44,2025-02-01,ONLINE,PAID
BIL-01418,POL-00506,CUST-00351,2025-03-25,6564.44,6564.44,2025-03-26,ACH,PAID
BIL-01419,POL-00506,CUST-00351,2025-05-25,6564.44,0,,,PAST_DUE
BIL-01420,POL-00507,CUST-00352,2025-01-13,5620.03,5620.03,2025-01-20,CARD,PAID
BIL-01421,POL-00507,CUST-00352,2025-03-14,5620.03,5620.03,2025-03-17,CARD,PAID
BIL-01422,POL-00507,CUST-00352,2025-05-14,5620.03,0,,,GRACE
BIL-01423,POL-00507,CUST-00352,2025-07-14,5620.03,5620.03,2025-07-14,ACH,PAID
BIL-01424,POL-00508,CUST-00353,2024-08-19,4418.15,4418.15,2024-08-30,CHECK,PAID
BIL-01425,POL-00508,CUST-00353,2024-11-18,4418.15,4418.15,2024-11-22,CHECK,PAID
BIL-01426,POL-00508,CUST-00353,2025-02-17,4418.15,4418.15,2025-02-17,CARD,PAID
BIL-01427,POL-00508,CUST-00353,2025-05-19,4418.15,4418.15,2025-05-19,ACH,PAID
BIL-01428,POL-00509,CUST-00353,2025-03-20,7345.64,7345.64,2025-03-27,CHECK,PAID
BIL-01429,POL-00509,CUST-00353,2025-06-19,7345.64,7345.64,2025-06-19,ONLINE,PAID
BIL-01430,POL-00510,CUST-00354,2025-03-30,8047.41,8047.41,2025-04-07,CHECK,PAID
BIL-01431,POL-00511,CUST-00355,2025-02-17,7644.39,0,,,PAST_DUE
BIL-01432,POL-00511,CUST-00355,2025-04-18,7644.39,7644.39,2025-04-30,ONLINE,PAID
BIL-01433,POL-00511,CUST-00355,2025-06-18,7644.39,7644.39,2025-06-13,ACH,PAID
BIL-01434,POL-00512,CUST-00356,2024-08-13,22585.01,22585.01,2024-08-17,CHECK,PAID
BIL-01435,POL-00512,CUST-00356,2025-02-11,22585.01,0,,,PAST_DUE
BIL-01436,POL-00513,CUST-00357,2024-09-13,9271.46,9271.46,2024-09-15,CARD,PAID
BIL-01437,POL-00513,CUST-00357,2025-03-14,9271.46,0,,,PAST_DUE
BIL-01438,POL-00514,CUST-00358,2025-02-07,13536.87,13536.87,2025-02-16,ACH,PAID
BIL-01439,POL-00514,CUST-00358,2025-06-08,13536.87,13536.87,2025-06-20,CARD,PAID
BIL-01440,POL-00515,CUST-00359,2024-10-09,14984.42,14984.42,2024-10-11,ONLINE,PAID
BIL-01441,POL-00515,CUST-00359,2025-04-09,14984.42,14984.42,2025-04-19,CARD,PAID
BIL-01442,POL-00516,CUST-00360,2025-05-28,3862.38,3862.38,2025-06-08,CARD,PAID
BIL-01443,POL-00517,CUST-00360,2025-05-30,1316.84,1316.84,2025-06-06,CHECK,PAID
BIL-01444,POL-00518,CUST-00361,2024-09-21,9817.86,9817.86,2024-09-30,ACH,PAID
BIL-01445,POL-00518,CUST-00361,2024-12-03,9817.86,9817.86,2024-12-06,CARD,PAID
BIL-01446,POL-00518,CUST-00361,2025-02-14,9817.86,9817.86,2025-02-24,ACH,PAID
BIL-01447,POL-00518,CUST-00361,2025-04-28,9817.86,9817.86,2025-05-11,ACH,PAID
BIL-01448,POL-00518,CUST-00361,2025-07-10,9817.86,0,,,GRACE
BIL-01449,POL-00519,CUST-00362,2024-12-29,9419.3,9419.3,2024-12-29,CHECK,PAID
BIL-01450,POL-00519,CUST-00362,2025-03-30,9419.3,9419.3,2025-04-11,ACH,PAID
BIL-01451,POL-00519,CUST-00362,2025-06-29,9419.3,0,,,GRACE
BIL-01452,POL-00520,CUST-00362,2025-02-06,1085.12,1085.12,2025-02-11,CARD,PAID
BIL-01453,POL-00521,CUST-00363,2025-02-01,11873.07,11873.07,2025-02-14,ACH,PAID
BIL-01454,POL-00522,CUST-00364,2024-04-30,10941.16,10941.16,2024-05-07,CARD,PAID
BIL-01455,POL-00522,CUST-00364,2024-10-29,10941.16,10941.16,2024-10-29,ACH,PAID
BIL-01456,POL-00523,CUST-00365,2024-11-20,17188.95,17188.95,2024-11-24,ONLINE,PAID
BIL-01457,POL-00523,CUST-00365,2025-03-21,17188.95,17188.95,2025-03-23,CARD,PAID
BIL-01458,POL-00524,CUST-00366,2024-12-12,10055.02,10055.02,2024-12-20,CHECK,PAID
BIL-01459,POL-00524,CUST-00366,2025-06-12,10055.02,10055.02,2025-06-25,ONLINE,PAID
BIL-01460,POL-00525,CUST-00367,2024-08-14,9354.85,9354.85,2024-08-22,CHECK,PAID
BIL-01461,POL-00525,CUST-00367,2024-11-13,9354.85,9354.85,2024-11-14,CHECK,PAID
BIL-01462,POL-00525,CUST-00367,2025-02-12,9354.85,9354.85,2025-02-16,ONLINE,PAID
BIL-01463,POL-00525,CUST-00367,2025-05-14,9354.85,9354.85,2025-05-21,CHECK,PAID
BIL-01464,POL-00526,CUST-00368,2025-01-16,2798.19,2798.19,2025-01-16,ACH,PAID
BIL-01465,POL-00526,CUST-00368,2025-03-30,2798.19,2798.19,2025-04-09,CARD,PAID
BIL-01466,POL-00526,CUST-00368,2025-06-11,2798.19,2798.19,2025-06-26,CARD,PAID
BIL-01467,POL-00527,CUST-00369,2024-10-05,1918.16,1918.16,2024-10-09,CHECK,PAID
BIL-01468,POL-00527,CUST-00369,2025-01-04,1918.16,1918.16,2025-01-17,ACH,PAID
BIL-01469,POL-00527,CUST-00369,2025-04-05,1918.16,1918.16,2025-04-18,CARD,PAID
BIL-01470,POL-00527,CUST-00369,2025-07-05,1918.16,1918.16,2025-07-03,ACH,PAID
BIL-01471,POL-00528,CUST-00370,2025-02-11,5493.01,5493.01,2025-02-16,ONLINE,PAID
BIL-01472,POL-00528,CUST-00370,2025-06-12,5493.01,5493.01,2025-06-12,ONLINE,PAID
BIL-01473,POL-00529,CUST-00371,2024-11-23,4488.46,4488.46,2024-12-05,CHECK,PAID
BIL-01474,POL-00529,CUST-00371,2025-02-04,4488.46,0,,,GRACE
BIL-01475,POL-00529,CUST-00371,2025-04-18,4488.46,4488.46,2025-04-22,CARD,PAID
BIL-01476,POL-00529,CUST-00371,2025-06-30,4488.46,4488.46,2025-06-30,ONLINE,PAID
BIL-01477,POL-00530,CUST-00372,2024-12-11,9413.8,0,,,PAST_DUE
BIL-01478,POL-00530,CUST-00372,2025-02-22,9413.8,9413.8,2025-03-02,CHECK,PAID
BIL-01479,POL-00530,CUST-00372,2025-05-06,9413.8,9413.8,2025-05-08,CARD,PAID
BIL-01480,POL-00531,CUST-00372,2025-02-09,6457.12,6457.12,2025-02-15,CHECK,PAID
BIL-01481,POL-00531,CUST-00372,2025-04-10,6457.12,6457.12,2025-04-23,ACH,PAID
BIL-01482,POL-00531,CUST-00372,2025-06-10,6457.12,6457.12,2025-06-19,ONLINE,PAID
BIL-01483,POL-00532,CUST-00373,2024-11-22,4798.07,0,,,COLLECTIONS
BIL-01484,POL-00532,CUST-00373,2025-02-21,4798.07,4798.07,2025-03-03,CHECK,PAID
BIL-01485,POL-00532,CUST-00373,2025-05-23,4798.07,4798.07,2025-06-01,ACH,PAID
BIL-01486,POL-00533,CUST-00374,2024-11-03,12116.14,12116.14,2024-11-15,CARD,PAID
BIL-01487,POL-00533,CUST-00374,2025-02-02,12116.14,0,,,GRACE
BIL-01488,POL-00533,CUST-00374,2025-05-04,12116.14,12116.14,2025-05-14,ONLINE,PAID
BIL-01489,POL-00534,CUST-00375,2025-04-01,9218.81,9218.81,2025-04-12,CARD,PAID
BIL-01490,POL-00534,CUST-00375,2025-07-01,9218.81,9218.81,2025-06-27,CARD,PAID
BIL-01491,POL-00535,CUST-00376,2025-04-08,21772.24,0,,,GRACE
BIL-01492,POL-00536,CUST-00377,2025-04-03,12509.69,12509.69,2025-04-05,ACH,PAID
BIL-01493,POL-00537,CUST-00378,2023-07-26,16619.31,16619.31,2023-08-10,CARD,PAID
BIL-01494,POL-00537,CUST-00378,2024-01-24,16619.31,16619.31,2024-01-26,CARD,PAID
BIL-01495,POL-00538,CUST-00379,2024-11-29,9685.92,9685.92,2024-12-12,CARD,PAID
BIL-01496,POL-00538,CUST-00379,2025-02-10,9685.92,9685.92,2025-02-20,CHECK,PAID
BIL-01497,POL-00538,CUST-00379,2025-04-24,9685.92,9685.92,2025-04-29,ACH,PAID
BIL-01498,POL-00538,CUST-00379,2025-07-06,9685.92,9685.92,2025-07-04,ONLINE,PAID
BIL-01499,POL-00539,CUST-00380,2024-10-16,7866.09,7866.09,2024-10-28,ONLINE,PAID
BIL-01500,POL-00539,CUST-00380,2024-12-15,7866.09,7866.09,2024-12-15,CHECK,PAID
BIL-01501,POL-00539,CUST-00380,2025-02-14,7866.09,7866.09,2025-02-17,ACH,PAID
BIL-01502,POL-00539,CUST-00380,2025-04-16,7866.09,7866.09,2025-04-21,CHECK,PAID
BIL-01503,POL-00539,CUST-00380,2025-06-16,7866.09,7866.09,2025-06-11,CHECK,PAID
BIL-01504,POL-00540,CUST-00381,2025-03-05,9314.69,9314.69,2025-03-10,CARD,PAID
BIL-01505,POL-00541,CUST-00381,2025-04-28,6223.52,6223.52,2025-05-10,ACH,PAID
BIL-01506,POL-00542,CUST-00382,2023-09-19,3767.29,3767.29,2023-10-02,ACH,PAID
BIL-01507,POL-00542,CUST-00382,2023-12-19,3767.29,3767.29,2023-12-26,ONLINE,PAID
BIL-01508,POL-00543,CUST-00382,2023-11-12,2476.96,2476.96,2023-11-24,ACH,PAID
BIL-01509,POL-00543,CUST-00382,2024-03-12,2476.96,0,,,COLLECTIONS
BIL-01510,POL-00543,CUST-00382,2024-07-12,2476.96,2476.96,2024-07-13,CARD,PAID
BIL-01511,POL-00544,CUST-00383,2024-12-06,24941.94,24941.94,2024-12-07,ACH,PAID
BIL-01512,POL-00545,CUST-00383,2025-03-31,18195.08,18195.08,2025-04-01,ACH,PAID
BIL-01513,POL-00546,CUST-00384,2024-12-19,9155.54,9155.54,2025-01-03,ACH,PAID
BIL-01514,POL-00546,CUST-00384,2025-04-19,9155.54,9155.54,2025-05-04,ACH,PAID
BIL-01515,POL-00547,CUST-00385,2024-09-08,8633.33,8633.33,2024-09-21,ACH,PAID
BIL-01516,POL-00547,CUST-00385,2024-11-07,8633.33,8633.33,2024-11-10,ONLINE,PAID
BIL-01517,POL-00547,CUST-00385,2025-01-07,8633.33,0,,,PAST_DUE
BIL-01518,POL-00547,CUST-00385,2025-03-09,8633.33,8633.33,2025-03-20,ACH,PAID
BIL-01519,POL-00548,CUST-00386,2024-07-23,5771.79,5771.79,2024-08-01,ONLINE,PAID
BIL-01520,POL-00548,CUST-00386,2024-09-21,5771.79,5771.79,2024-10-01,CHECK,PAID
BIL-01521,POL-00548,CUST-00386,2024-11-21,5771.79,0,,,PAST_DUE
BIL-01522,POL-00548,CUST-00386,2025-01-21,5771.79,5771.79,2025-01-23,CARD,PAID
BIL-01523,POL-00548,CUST-00386,2025-03-23,5771.79,0,,,GRACE
BIL-01524,POL-00548,CUST-00386,2025-05-23,5771.79,5771.79,2025-06-02,CARD,PAID
BIL-01525,POL-00549,CUST-00386,2025-01-02,6481.7,6481.7,2025-01-07,ONLINE,PAID
BIL-01526,POL-00549,CUST-00386,2025-07-03,6481.7,6481.7,2025-07-03,ONLINE,PAID
BIL-01527,POL-00550,CUST-00387,2024-08-16,6806.34,6806.34,2024-08-17,CARD,PAID
BIL-01528,POL-00550,CUST-00387,2024-12-15,6806.34,6806.34,2024-12-28,ACH,PAID
BIL-01529,POL-00550,CUST-00387,2025-04-16,6806.34,6806.34,2025-04-19,ONLINE,PAID
BIL-01530,POL-00551,CUST-00388,2025-05-25,14120.7,14120.7,2025-05-31,ONLINE,PAID
BIL-01531,POL-00552,CUST-00389,2024-12-19,11142.57,11142.57,2024-12-22,CARD,PAID
BIL-01532,POL-00552,CUST-00389,2025-03-20,11142.57,11142.57,2025-03-27,ACH,PAID
BIL-01533,POL-00552,CUST-00389,2025-06-19,11142.57,11142.57,2025-06-16,ACH,PAID
BIL-01534,POL-00553,CUST-00390,2024-09-28,17667.49,17667.49,2024-10-07,ACH,PAID
BIL-01535,POL-00553,CUST-00390,2025-03-29,17667.49,17667.49,2025-04-09,CHECK,PAID
BIL-01536,POL-00554,CUST-00391,2024-08-25,5562.48,0,,,PAST_DUE
BIL-01537,POL-00554,CUST-00391,2024-11-06,5562.48,5562.48,2024-11-06,CARD,PAID
BIL-01538,POL-00554,CUST-00391,2025-01-18,5562.48,5562.48,2025-01-27,CARD,PAID
BIL-01539,POL-00554,CUST-00391,2025-04-01,5562.48,5562.48,2025-04-05,CARD,PAID
BIL-01540,POL-00554,CUST-00391,2025-06-13,5562.48,0,,,PAST_DUE
BIL-01541,POL-00555,CUST-00392,2025-02-01,18125.36,18125.36,2025-02-04,ONLINE,PAID
BIL-01542,POL-00556,CUST-00392,2025-01-19,2446.31,2446.31,2025-01-31,ONLINE,PAID
BIL-01543,POL-00556,CUST-00392,2025-03-20,2446.31,2446.31,2025-04-03,CHECK,PAID
BIL-01544,POL-00556,CUST-00392,2025-05-20,2446.31,2446.31,2025-06-04,ACH,PAID
BIL-01545,POL-00557,CUST-00393,2024-09-02,10522.18,10522.18,2024-09-13,ACH,PAID
BIL-01546,POL-00557,CUST-00393,2024-11-14,10522.18,10522.18,2024-11-17,CARD,PAID
BIL-01547,POL-00557,CUST-00393,2025-01-26,10522.18,10522.18,2025-02-06,CARD,PAID
BIL-01548,POL-00557,CUST-00393,2025-04-09,10522.18,10522.18,2025-04-10,ACH,PAID
BIL-01549,POL-00557,CUST-00393,2025-06-21,10522.18,0,,,GRACE
BIL-01550,POL-00558,CUST-00394,2025-02-21,11421.26,11421.26,2025-03-05,ACH,PAID
BIL-01551,POL-00558,CUST-00394,2025-05-23,11421.26,11421.26,2025-05-23,CARD,PAID
BIL-01552,POL-00559,CUST-00394,2025-03-14,12355.5,12355.5,2025-03-22,CARD,PAID
BIL-01553,POL-00559,CUST-00394,2025-07-13,12355.5,12355.5,2025-07-12,ACH,PAID
BIL-01554,POL-00560,CUST-00395,2024-08-28,6075.07,6075.07,2024-09-04,CARD,PAID
BIL-01555,POL-00560,CUST-00395,2024-10-27,6075.07,6075.07,2024-11-05,ACH,PAID
BIL-01556,POL-00560,CUST-00395,2024-12-27,6075.07,6075.07,2024-12-27,CHECK,PAID
BIL-01557,POL-00560,CUST-00395,2025-02-26,6075.07,0,,,PAST_DUE
BIL-01558,POL-00560,CUST-00395,2025-04-28,6075.07,6075.07,2025-04-30,ACH,PAID
BIL-01559,POL-00560,CUST-00395,2025-06-28,6075.07,6075.07,2025-06-27,ACH,PAID
BIL-01560,POL-00561,CUST-00396,2025-05-28,11639.56,11639.56,2025-05-30,ONLINE,PAID
BIL-01561,POL-00562,CUST-00397,2023-09-28,3539.2,3539.2,2023-10-10,CHECK,PAID
BIL-01562,POL-00562,CUST-00397,2023-12-10,3539.2,3539.2,2023-12-17,CARD,PAID
BIL-01563,POL-00562,CUST-00397,2024-02-21,3539.2,3539.2,2024-03-02,CARD,PAID
BIL-01564,POL-00562,CUST-00397,2024-05-04,3539.2,3539.2,2024-05-06,ACH,PAID
BIL-01565,POL-00562,CUST-00397,2024-07-16,3539.2,3539.2,2024-07-16,ACH,PAID
BIL-01566,POL-00563,CUST-00397,2024-09-07,8268.45,0,,,PAST_DUE
BIL-01567,POL-00563,CUST-00397,2024-12-07,8268.45,8268.45,2024-12-11,ONLINE,PAID
BIL-01568,POL-00563,CUST-00397,2025-03-08,8268.45,8268.45,2025-03-21,ACH,PAID
BIL-01569,POL-00563,CUST-00397,2025-06-07,8268.45,8268.45,2025-06-14,CHECK,PAID
BIL-01570,POL-00564,CUST-00397,2023-09-17,2363.22,2363.22,2023-09-20,CARD,PAID
BIL-01571,POL-00564,CUST-00397,2023-12-17,2363.22,2363.22,2023-12-19,ONLINE,PAID
BIL-01572,POL-00564,CUST-00397,2024-03-17,2363.22,0,,,PAST_DUE
BIL-01573,POL-00564,CUST-00397,2024-06-16,2363.22,2363.22,2024-06-19,CARD,PAID
BIL-01574,POL-00565,CUST-00398,2024-11-03,13362.85,13362.85,2024-11-18,ACH,PAID
BIL-01575,POL-00565,CUST-00398,2025-03-04,13362.85,13362.85,2025-03-12,CARD,PAID
BIL-01576,POL-00565,CUST-00398,2025-07-04,13362.85,13362.85,2025-06-29,ACH,PAID
BIL-01577,POL-00566,CUST-00399,2025-05-13,8927.84,8927.84,2025-05-20,ONLINE,PAID
BIL-01578,POL-00566,CUST-00399,2025-07-12,8927.84,8927.84,2025-07-10,CHECK,PAID
BIL-01579,POL-00567,CUST-00399,2024-07-22,1264.58,1264.58,2024-08-02,CHECK,PAID
BIL-01580,POL-00567,CUST-00399,2024-10-03,1264.58,1264.58,2024-10-17,ONLINE,PAID
BIL-01581,POL-00567,CUST-00399,2024-12-15,1264.58,1264.58,2024-12-26,ACH,PAID
BIL-01582,POL-00567,CUST-00399,2025-02-26,1264.58,1264.58,2025-02-26,ONLINE,PAID
BIL-01583,POL-00567,CUST-00399,2025-05-10,1264.58,1264.58,2025-05-24,ACH,PAID
BIL-01584,POL-00568,CUST-00400,2024-11-09,6727.29,6727.29,2024-11-17,ONLINE,PAID
BIL-01585,POL-00568,CUST-00400,2025-02-08,6727.29,6727.29,2025-02-15,ONLINE,PAID
BIL-01586,POL-00568,CUST-00400,2025-05-10,6727.29,6727.29,2025-05-11,CARD,PAID
BIL-01587,POL-00569,CUST-00401,2025-02-23,21157.62,21157.62,2025-03-04,CARD,PAID
BIL-01588,POL-00570,CUST-00402,2024-11-29,6747.29,6747.29,2024-12-04,ONLINE,PAID
BIL-01589,POL-00570,CUST-00402,2025-01-28,6747.29,6747.29,2025-01-30,CHECK,PAID
BIL-01590,POL-00570,CUST-00402,2025-03-30,6747.29,6747.29,2025-04-09,ONLINE,PAID
BIL-01591,POL-00570,CUST-00402,2025-05-30,6747.29,6747.29,2025-06-11,ACH,PAID
BIL-01592,POL-00571,CUST-00402,2025-04-03,708.54,708.54,2025-04-13,CHECK,PAID
BIL-01593,POL-00572,CUST-00403,2023-08-14,5823.53,5823.53,2023-08-26,CARD,PAID
BIL-01594,POL-00572,CUST-00403,2023-10-26,5823.53,0,,,PAST_DUE
BIL-01595,POL-00572,CUST-00403,2024-01-07,5823.53,5823.53,2024-01-16,ACH,PAID
BIL-01596,POL-00572,CUST-00403,2024-03-20,5823.53,5823.53,2024-04-02,CHECK,PAID
BIL-01597,POL-00573,CUST-00403,2023-08-08,7217.76,7217.76,2023-08-20,CARD,PAID
BIL-01598,POL-00573,CUST-00403,2023-12-07,7217.76,7217.76,2023-12-09,CARD,PAID
BIL-01599,POL-00573,CUST-00403,2024-04-07,7217.76,0,,,GRACE
BIL-01600,POL-00574,CUST-00404,2024-08-24,16648.08,16648.08,2024-09-05,ONLINE,PAID
BIL-01601,POL-00574,CUST-00404,2024-12-23,16648.08,16648.08,2024-12-27,CHECK,PAID
BIL-01602,POL-00574,CUST-00404,2025-04-24,16648.08,16648.08,2025-04-30,ONLINE,PAID
BIL-01603,POL-00575,CUST-00404,2024-11-16,4380.81,4380.81,2024-11-17,ONLINE,PAID
BIL-01604,POL-00575,CUST-00404,2025-01-15,4380.81,0,,,PAST_DUE
BIL-01605,POL-00575,CUST-00404,2025-03-17,4380.81,4380.81,2025-03-25,ONLINE,PAID
BIL-01606,POL-00575,CUST-00404,2025-05-17,4380.81,4380.81,2025-05-24,CARD,PAID
BIL-01607,POL-00576,CUST-00405,2025-03-02,26363.99,26363.99,2025-03-13,CARD,PAID
BIL-01608,POL-00577,CUST-00406,2025-03-30,9500.69,9500.69,2025-03-30,CARD,PAID
BIL-01609,POL-00577,CUST-00406,2025-06-29,9500.69,9500.69,2025-06-25,ONLINE,PAID
BIL-01610,POL-00578,CUST-00407,2025-05-28,22767.85,0,,,GRACE
BIL-01611,POL-00579,CUST-00408,2024-12-15,4649.47,4649.47,2024-12-29,ONLINE,PAID
BIL-01612,POL-00579,CUST-00408,2025-03-16,4649.47,0,,,GRACE
BIL-01613,POL-00579,CUST-00408,2025-06-15,4649.47,0,,,GRACE
BIL-01614,POL-00580,CUST-00409,2023-11-07,8711.91,8711.91,2023-11-17,ONLINE,PAID
BIL-01615,POL-00580,CUST-00409,2024-02-06,8711.91,8711.91,2024-02-21,ONLINE,PAID
BIL-01616,POL-00580,CUST-00409,2024-05-07,8711.91,8711.91,2024-05-17,CHECK,PAID
BIL-01617,POL-00580,CUST-00409,2024-08-06,8711.91,8711.91,2024-08-19,ACH,PAID
BIL-01618,POL-00581,CUST-00410,2024-01-19,6048.7,6048.7,2024-01-19,CARD,PAID
BIL-01619,POL-00581,CUST-00410,2024-03-19,6048.7,6048.7,2024-03-27,CARD,PAID
BIL-01620,POL-00581,CUST-00410,2024-05-19,6048.7,6048.7,2024-06-03,CARD,PAID
BIL-01621,POL-00581,CUST-00410,2024-07-19,6048.7,0,,,PAST_DUE
BIL-01622,POL-00581,CUST-00410,2024-09-18,6048.7,6048.7,2024-09-22,ONLINE,PAID
BIL-01623,POL-00581,CUST-00410,2024-11-18,6048.7,6048.7,2024-11-23,ACH,PAID
BIL-01624,POL-00582,CUST-00411,2024-09-11,13851.59,13851.59,2024-09-15,ONLINE,PAID
BIL-01625,POL-00582,CUST-00411,2025-01-10,13851.59,13851.59,2025-01-12,ONLINE,PAID
BIL-01626,POL-00582,CUST-00411,2025-05-12,13851.59,13851.59,2025-05-27,ONLINE,PAID
BIL-01627,POL-00583,CUST-00412,2024-11-02,7087.48,7087.48,2024-11-17,ACH,PAID
BIL-01628,POL-00583,CUST-00412,2025-01-01,7087.48,7087.48,2025-01-02,CHECK,PAID
BIL-01629,POL-00583,CUST-00412,2025-03-03,7087.48,7087.48,2025-03-14,ACH,PAID
BIL-01630,POL-00583,CUST-00412,2025-05-03,7087.48,7087.48,2025-05-15,CARD,PAID
BIL-01631,POL-00583,CUST-00412,2025-07-03,7087.48,7087.48,2025-07-02,ACH,PAID
BIL-01632,POL-00584,CUST-00412,2024-08-29,2119.14,0,,,GRACE
BIL-01633,POL-00584,CUST-00412,2024-11-10,2119.14,2119.14,2024-11-15,CARD,PAID
BIL-01634,POL-00584,CUST-00412,2025-01-22,2119.14,2119.14,2025-01-27,ONLINE,PAID
BIL-01635,POL-00584,CUST-00412,2025-04-05,2119.14,0,,,COLLECTIONS
BIL-01636,POL-00584,CUST-00412,2025-06-17,2119.14,0,,,GRACE
BIL-01637,POL-00585,CUST-00413,2025-03-07,3634.75,3634.75,2025-03-15,CARD,PAID
BIL-01638,POL-00585,CUST-00413,2025-05-06,3634.75,3634.75,2025-05-14,ONLINE,PAID
BIL-01639,POL-00585,CUST-00413,2025-07-06,3634.75,0,,,GRACE
BIL-01640,POL-00586,CUST-00414,2024-11-14,5239.34,5239.34,2024-11-14,ACH,PAID
BIL-01641,POL-00586,CUST-00414,2025-05-15,5239.34,5239.34,2025-05-15,CARD,PAID
BIL-01642,POL-00587,CUST-00415,2025-02-13,13871.35,13871.35,2025-02-19,ONLINE,PAID
BIL-01643,POL-00588,CUST-00415,2024-10-24,2298.85,0,,,PAST_DUE
BIL-01644,POL-00588,CUST-00415,2025-04-24,2298.85,2298.85,2025-04-25,CHECK,PAID
BIL-01645,POL-00589,CUST-00416,2024-12-11,2628.08,2628.08,2024-12-16,ONLINE,PAID
BIL-01646,POL-00589,CUST-00416,2025-02-09,2628.08,2628.08,2025-02-14,CHECK,PAID
BIL-01647,POL-00589,CUST-00416,2025-04-11,2628.08,0,,,PAST_DUE
BIL-01648,POL-00589,CUST-00416,2025-06-11,2628.08,2628.08,2025-06-18,ACH,PAID
BIL-01649,POL-00590,CUST-00417,2024-08-10,9829.01,9829.01,2024-08-18,ONLINE,PAID
BIL-01650,POL-00590,CUST-00417,2024-10-22,9829.01,9829.01,2024-10-29,ACH,PAID
BIL-01651,POL-00590,CUST-00417,2025-01-03,9829.01,9829.01,2025-01-04,ONLINE,PAID
BIL-01652,POL-00590,CUST-00417,2025-03-17,9829.01,9829.01,2025-03-27,CHECK,PAID
BIL-01653,POL-00590,CUST-00417,2025-05-29,9829.01,9829.01,2025-06-09,CHECK,PAID
BIL-01654,POL-00591,CUST-00418,2023-09-12,24729.58,24729.58,2023-09-19,CARD,PAID
BIL-01655,POL-00591,CUST-00418,2024-03-12,24729.58,24729.58,2024-03-17,ONLINE,PAID
BIL-01656,POL-00592,CUST-00419,2025-06-11,15385.02,15385.02,2025-06-13,CARD,PAID
BIL-01657,POL-00593,CUST-00419,2025-03-28,6017.47,6017.47,2025-04-09,CARD,PAID
BIL-01658,POL-00593,CUST-00419,2025-05-27,6017.47,6017.47,2025-05-28,CHECK,PAID
BIL-01659,POL-00594,CUST-00420,2024-07-25,3313.19,3313.19,2024-07-26,CARD,PAID
BIL-01660,POL-00594,CUST-00420,2024-09-23,3313.19,3313.19,2024-10-06,ONLINE,PAID
BIL-01661,POL-00594,CUST-00420,2024-11-23,3313.19,3313.19,2024-12-03,CARD,PAID
BIL-01662,POL-00594,CUST-00420,2025-01-23,3313.19,3313.19,2025-01-28,CHECK,PAID
BIL-01663,POL-00594,CUST-00420,2025-03-25,3313.19,3313.19,2025-03-31,ONLINE,PAID
BIL-01664,POL-00594,CUST-00420,2025-05-25,3313.19,3313.19,2025-06-05,ACH,PAID
BIL-01665,POL-00595,CUST-00420,2024-09-17,1260.38,1260.38,2024-09-30,CHECK,PAID
BIL-01666,POL-00595,CUST-00420,2024-11-29,1260.38,1260.38,2024-12-12,ONLINE,PAID
BIL-01667,POL-00595,CUST-00420,2025-02-10,1260.38,0,,,COLLECTIONS
BIL-01668,POL-00595,CUST-00420,2025-04-24,1260.38,1260.38,2025-04-24,CARD,PAID
BIL-01669,POL-00595,CUST-00420,2025-07-06,1260.38,1260.38,2025-07-06,ACH,PAID
BIL-01670,POL-00596,CUST-00421,2025-05-15,7007.73,0,,,GRACE
BIL-01671,POL-00596,CUST-00421,2025-07-14,7007.73,0,,,GRACE
BIL-01672,POL-00597,CUST-00422,2024-07-31,8984.82,8984.82,2024-08-05,ACH,PAID
BIL-01673,POL-00597,CUST-00422,2024-09-29,8984.82,0,,,PAST_DUE
BIL-01674,POL-00597,CUST-00422,2024-11-29,8984.82,8984.82,2024-12-08,CARD,PAID
BIL-01675,POL-00597,CUST-00422,2025-01-29,8984.82,8984.82,2025-02-06,CHECK,PAID
BIL-01676,POL-00597,CUST-00422,2025-03-31,8984.82,8984.82,2025-04-01,CARD,PAID
BIL-01677,POL-00597,CUST-00422,2025-05-31,8984.82,8984.82,2025-06-05,CHECK,PAID
BIL-01678,POL-00598,CUST-00422,2025-02-24,7456.15,7456.15,2025-03-01,ACH,PAID
BIL-01679,POL-00598,CUST-00422,2025-06-25,7456.15,0,,,GRACE
BIL-01680,POL-00599,CUST-00423,2025-05-15,8752.66,8752.66,2025-05-16,CARD,PAID
BIL-01681,POL-00600,CUST-00423,2024-09-01,2953.03,0,,,PAST_DUE
BIL-01682,POL-00600,CUST-00423,2024-12-01,2953.03,2953.03,2024-12-12,ACH,PAID
BIL-01683,POL-00600,CUST-00423,2025-03-02,2953.03,2953.03,2025-03-09,CHECK,PAID
BIL-01684,POL-00600,CUST-00423,2025-06-01,2953.03,2953.03,2025-06-02,CARD,PAID
BIL-01685,POL-00601,CUST-00424,2025-01-03,2395.27,2395.27,2025-01-12,CARD,PAID
BIL-01686,POL-00601,CUST-00424,2025-03-17,2395.27,2395.27,2025-03-24,CARD,PAID
BIL-01687,POL-00601,CUST-00424,2025-05-29,2395.27,0,,,PAST_DUE
BIL-01688,POL-00602,CUST-00425,2025-01-02,11199.69,11199.69,2025-01-14,CARD,PAID
BIL-01689,POL-00602,CUST-00425,2025-04-03,11199.69,11199.69,2025-04-07,ACH,PAID
BIL-01690,POL-00602,CUST-00425,2025-07-03,11199.69,0,,,GRACE
BIL-01691,POL-00603,CUST-00425,2025-02-11,18199.62,18199.62,2025-02-18,ACH,PAID
BIL-01692,POL-00604,CUST-00426,2024-10-29,5326.4,5326.4,2024-11-06,CHECK,PAID
BIL-01693,POL-00604,CUST-00426,2025-02-27,5326.4,5326.4,2025-02-28,ONLINE,PAID
BIL-01694,POL-00604,CUST-00426,2025-06-29,5326.4,0,,,GRACE
BIL-01695,POL-00605,CUST-00426,2024-11-28,3663.76,3663.76,2024-12-02,ACH,PAID
BIL-01696,POL-00605,CUST-00426,2025-01-27,3663.76,3663.76,2025-02-03,ONLINE,PAID
BIL-01697,POL-00605,CUST-00426,2025-03-29,3663.76,3663.76,2025-03-31,ONLINE,PAID
BIL-01698,POL-00605,CUST-00426,2025-05-29,3663.76,3663.76,2025-06-09,CHECK,PAID
BIL-01699,POL-00606,CUST-00427,2025-01-07,6042.23,6042.23,2025-01-07,ONLINE,PAID
BIL-01700,POL-00606,CUST-00427,2025-05-08,6042.23,6042.23,2025-05-16,ACH,PAID
BIL-01701,POL-00607,CUST-00427,2024-12-19,1496.12,1496.12,2025-01-02,CHECK,PAID
BIL-01702,POL-00607,CUST-00427,2025-02-17,1496.12,1496.12,2025-02-20,CARD,PAID
BIL-01703,POL-00607,CUST-00427,2025-04-19,1496.12,1496.12,2025-05-03,ACH,PAID
BIL-01704,POL-00607,CUST-00427,2025-06-19,1496.12,0,,,GRACE
BIL-01705,POL-00608,CUST-00428,2024-08-26,20815.78,20815.78,2024-09-02,ONLINE,PAID
BIL-01706,POL-00608,CUST-00428,2025-02-24,20815.78,20815.78,2025-03-09,CHECK,PAID
BIL-01707,POL-00609,CUST-00429,2025-01-09,4731.23,4731.23,2025-01-21,CHECK,PAID
BIL-01708,POL-00609,CUST-00429,2025-03-23,4731.23,4731.23,2025-03-27,ACH,PAID
BIL-01709,POL-00609,CUST-00429,2025-06-04,4731.23,0,,,PAST_DUE
BIL-01710,POL-00610,CUST-00429,2025-04-14,6104.35,6104.35,2025-04-21,ACH,PAID
BIL-01711,POL-00610,CUST-00429,2025-06-26,6104.35,6104.35,2025-06-22,CARD,PAID
BIL-01712,POL-00611,CUST-00430,2024-09-04,8969.54,0,,,PAST_DUE
BIL-01713,POL-00611,CUST-00430,2024-11-03,8969.54,8969.54,2024-11-07,CHECK,PAID
BIL-01714,POL-00611,CUST-00430,2025-01-03,8969.54,8969.54,2025-01-08,ACH,PAID
BIL-01715,POL-00611,CUST-00430,2025-03-05,8969.54,8969.54,2025-03-12,CHECK,PAID
BIL-01716,POL-00611,CUST-00430,2025-05-05,8969.54,8969.54,2025-05-15,ACH,PAID
BIL-01717,POL-00611,CUST-00430,2025-07-05,8969.54,8969.54,2025-06-30,CARD,PAID
BIL-01718,POL-00612,CUST-00431,2025-01-23,25814.76,25814.76,2025-01-26,CHECK,PAID
BIL-01719,POL-00613,CUST-00431,2025-01-02,5277.11,5277.11,2025-01-03,ONLINE,PAID
BIL-01720,POL-00613,CUST-00431,2025-05-03,5277.11,5277.11,2025-05-17,CARD,PAID
BIL-01721,POL-00614,CUST-00432,2025-01-06,9382.98,9382.98,2025-01-10,CHECK,PAID
BIL-01722,POL-00614,CUST-00432,2025-04-07,9382.98,9382.98,2025-04-15,CARD,PAID
BIL-01723,POL-00614,CUST-00432,2025-07-07,9382.98,9382.98,2025-07-07,CARD,PAID
BIL-01724,POL-00615,CUST-00433,2025-05-27,12754.31,12754.31,2025-06-06,ACH,PAID
BIL-01725,POL-00616,CUST-00433,2025-04-20,5623.07,5623.07,2025-04-20,CHECK,PAID
BIL-01726,POL-00616,CUST-00433,2025-06-19,5623.07,0,,,GRACE
BIL-01727,POL-00617,CUST-00434,2025-01-27,6860.42,6860.42,2025-02-09,ONLINE,PAID
BIL-01728,POL-00617,CUST-00434,2025-04-10,6860.42,6860.42,2025-04-16,CARD,PAID
BIL-01729,POL-00617,CUST-00434,2025-06-22,6860.42,0,,,GRACE
BIL-01730,POL-00618,CUST-00435,2025-01-15,12570.42,12570.42,2025-01-28,CHECK,PAID
BIL-01731,POL-00618,CUST-00435,2025-05-16,12570.42,12570.42,2025-05-17,CARD,PAID
BIL-01732,POL-00619,CUST-00436,2025-03-09,10756.46,10756.46,2025-03-18,ONLINE,PAID
BIL-01733,POL-00619,CUST-00436,2025-06-08,10756.46,10756.46,2025-06-18,CHECK,PAID
BIL-01734,POL-00620,CUST-00437,2024-10-30,7671.98,7671.98,2024-11-04,CHECK,PAID
BIL-01735,POL-00620,CUST-00437,2024-12-29,7671.98,7671.98,2025-01-13,CARD,PAID
BIL-01736,POL-00620,CUST-00437,2025-02-28,7671.98,7671.98,2025-03-05,ACH,PAID
BIL-01737,POL-00620,CUST-00437,2025-04-30,7671.98,7671.98,2025-05-08,ONLINE,PAID
BIL-01738,POL-00621,CUST-00438,2025-03-24,6237.78,6237.78,2025-03-29,CHECK,PAID
BIL-01739,POL-00621,CUST-00438,2025-06-05,6237.78,6237.78,2025-06-11,CHECK,PAID
BIL-01740,POL-00622,CUST-00439,2024-08-29,6902.69,6902.69,2024-09-10,CARD,PAID
BIL-01741,POL-00622,CUST-00439,2024-11-28,6902.69,6902.69,2024-12-03,CARD,PAID
BIL-01742,POL-00622,CUST-00439,2025-02-27,6902.69,0,,,PAST_DUE
BIL-01743,POL-00622,CUST-00439,2025-05-29,6902.69,6902.69,2025-06-01,CARD,PAID
BIL-01744,POL-00623,CUST-00440,2024-07-24,10977.77,10977.77,2024-08-05,CARD,PAID
BIL-01745,POL-00623,CUST-00440,2024-10-23,10977.77,10977.77,2024-11-01,ONLINE,PAID
BIL-01746,POL-00623,CUST-00440,2025-01-22,10977.77,10977.77,2025-02-04,CARD,PAID
BIL-01747,POL-00623,CUST-00440,2025-04-23,10977.77,10977.77,2025-05-01,CARD,PAID
BIL-01748,POL-00624,CUST-00440,2024-12-22,2749.78,2749.78,2024-12-27,CARD,PAID
BIL-01749,POL-00624,CUST-00440,2025-06-22,2749.78,2749.78,2025-06-20,ACH,PAID
BIL-01750,POL-00625,CUST-00441,2024-06-29,5299.84,5299.84,2024-07-04,ACH,PAID
BIL-01751,POL-00625,CUST-00441,2024-09-28,5299.84,5299.84,2024-10-11,ONLINE,PAID
BIL-01752,POL-00625,CUST-00441,2024-12-28,5299.84,5299.84,2025-01-11,ACH,PAID
BIL-01753,POL-00625,CUST-00441,2025-03-29,5299.84,5299.84,2025-04-10,ACH,PAID
BIL-01754,POL-00626,CUST-00442,2023-11-25,6682.64,0,,,PAST_DUE
BIL-01755,POL-00626,CUST-00442,2024-02-24,6682.64,0,,,PAST_DUE
BIL-01756,POL-00626,CUST-00442,2024-05-25,6682.64,6682.64,2024-05-26,CHECK,PAID
BIL-01757,POL-00626,CUST-00442,2024-08-24,6682.64,6682.64,2024-08-29,ACH,PAID
BIL-01758,POL-00627,CUST-00443,2024-11-25,7004.67,7004.67,2024-11-26,ACH,PAID
BIL-01759,POL-00627,CUST-00443,2025-02-06,7004.67,7004.67,2025-02-08,ACH,PAID
BIL-01760,POL-00627,CUST-00443,2025-04-20,7004.67,7004.67,2025-04-22,CARD,PAID
BIL-01761,POL-00627,CUST-00443,2025-07-02,7004.67,7004.67,2025-07-01,CARD,PAID
BIL-01762,POL-00628,CUST-00443,2024-07-24,3568.46,3568.46,2024-08-07,ACH,PAID
BIL-01763,POL-00628,CUST-00443,2024-11-22,3568.46,3568.46,2024-11-29,ONLINE,PAID
BIL-01764,POL-00628,CUST-00443,2025-03-24,3568.46,0,,,PAST_DUE
BIL-01765,POL-00629,CUST-00444,2025-01-22,11755.57,11755.57,2025-01-22,CARD,PAID
BIL-01766,POL-00630,CUST-00444,2025-02-04,2959.18,2959.18,2025-02-05,CHECK,PAID
BIL-01767,POL-00630,CUST-00444,2025-04-18,2959.18,2959.18,2025-04-30,ACH,PAID
BIL-01768,POL-00630,CUST-00444,2025-06-30,2959.18,0,,,GRACE
BIL-01769,POL-00631,CUST-00445,2024-08-02,10741.88,10741.88,2024-08-03,ONLINE,PAID
BIL-01770,POL-00631,CUST-00445,2024-10-14,10741.88,0,,,COLLECTIONS
BIL-01771,POL-00631,CUST-00445,2024-12-26,10741.88,0,,,PAST_DUE
BIL-01772,POL-00631,CUST-00445,2025-03-09,10741.88,10741.88,2025-03-15,CHECK,PAID
BIL-01773,POL-00631,CUST-00445,2025-05-21,10741.88,10741.88,2025-05-31,CARD,PAID
BIL-01774,POL-00632,CUST-00446,2024-12-13,10093.22,10093.22,2024-12-21,ONLINE,PAID
BIL-01775,POL-00632,CUST-00446,2025-02-24,10093.22,10093.22,2025-03-09,CARD,PAID
BIL-01776,POL-00632,CUST-00446,2025-05-08,10093.22,0,,,PAST_DUE
BIL-01777,POL-00633,CUST-00447,2025-03-15,13698.03,13698.03,2025-03-21,ONLINE,PAID
BIL-01778,POL-00634,CUST-00448,2024-09-01,10805.15,10805.15,2024-09-09,CHECK,PAID
BIL-01779,POL-00634,CUST-00448,2025-03-02,10805.15,10805.15,2025-03-15,CHECK,PAID
BIL-01780,POL-00635,CUST-00448,2025-04-22,11906.92,0,,,GRACE
BIL-01781,POL-00636,CUST-00449,2025-03-26,15128.42,15128.42,2025-04-03,CHECK,PAID
BIL-01782,POL-00637,CUST-00450,2025-05-29,15849.74,0,,,PAST_DUE
BIL-01783,POL-00638,CUST-00450,2025-03-03,2526.92,2526.92,2025-03-17,ONLINE,PAID
BIL-01784,POL-00638,CUST-00450,2025-07-02,2526.92,0,,,GRACE
BIL-01785,POL-00639,CUST-00451,2025-02-15,3114.75,3114.75,2025-03-02,ONLINE,PAID
BIL-01786,POL-00639,CUST-00451,2025-04-29,3114.75,0,,,PAST_DUE
BIL-01787,POL-00639,CUST-00451,2025-07-11,3114.75,0,,,GRACE
BIL-01788,POL-00640,CUST-00451,2024-08-31,5344.67,0,,,PAST_DUE
BIL-01789,POL-00640,CUST-00451,2024-11-12,5344.67,5344.67,2024-11-20,CHECK,PAID
BIL-01790,POL-00640,CUST-00451,2025-01-24,5344.67,5344.67,2025-01-25,CHECK,PAID
BIL-01791,POL-00640,CUST-00451,2025-04-07,5344.67,0,,,PAST_DUE
BIL-01792,POL-00640,CUST-00451,2025-06-19,5344.67,0,,,GRACE
BIL-01793,POL-00641,CUST-00452,2025-03-18,6459.9,6459.9,2025-03-28,ACH,PAID
BIL-01794,POL-00641,CUST-00452,2025-05-30,6459.9,6459.9,2025-06-13,ACH,PAID
BIL-01795,POL-00642,CUST-00452,2024-08-07,5945.15,5945.15,2024-08-22,CARD,PAID
BIL-01796,POL-00642,CUST-00452,2025-02-05,5945.15,5945.15,2025-02-10,ACH,PAID
BIL-01797,POL-00643,CUST-00453,2024-09-02,12509.49,12509.49,2024-09-09,ONLINE,PAID
BIL-01798,POL-00643,CUST-00453,2025-01-01,12509.49,12509.49,2025-01-09,ACH,PAID
BIL-01799,POL-00643,CUST-00453,2025-05-03,12509.49,12509.49,2025-05-08,CARD,PAID
BIL-01800,POL-00644,CUST-00453,2024-12-11,1772.68,1772.68,2024-12-21,CARD,PAID
BIL-01801,POL-00644,CUST-00453,2025-03-12,1772.68,1772.68,2025-03-24,CHECK,PAID
BIL-01802,POL-00644,CUST-00453,2025-06-11,1772.68,1772.68,2025-06-11,CARD,PAID
BIL-01803,POL-00645,CUST-00454,2024-07-28,9260.24,0,,,PAST_DUE
BIL-01804,POL-00645,CUST-00454,2024-10-27,9260.24,9260.24,2024-11-07,CARD,PAID
BIL-01805,POL-00645,CUST-00454,2025-01-26,9260.24,9260.24,2025-01-30,ONLINE,PAID
BIL-01806,POL-00645,CUST-00454,2025-04-27,9260.24,9260.24,2025-04-28,CHECK,PAID
BIL-01807,POL-00646,CUST-00454,2024-07-03,4410.68,4410.68,2024-07-16,CHECK,PAID
BIL-01808,POL-00646,CUST-00454,2024-09-14,4410.68,4410.68,2024-09-14,ACH,PAID
BIL-01809,POL-00646,CUST-00454,2024-11-26,4410.68,4410.68,2024-12-03,CHECK,PAID
BIL-01810,POL-00646,CUST-00454,2025-02-07,4410.68,4410.68,2025-02-17,ONLINE,PAID
BIL-01811,POL-00646,CUST-00454,2025-04-21,4410.68,4410.68,2025-04-29,CARD,PAID
BIL-01812,POL-00647,CUST-00455,2025-04-06,9228.91,9228.91,2025-04-14,CARD,PAID
BIL-01813,POL-00648,CUST-00456,2025-04-02,7184.54,7184.54,2025-04-02,ACH,PAID
BIL-01814,POL-00649,CUST-00457,2024-07-27,3872.08,3872.08,2024-08-11,ACH,PAID
BIL-01815,POL-00649,CUST-00457,2024-09-25,3872.08,3872.08,2024-10-08,ACH,PAID
BIL-01816,POL-00649,CUST-00457,2024-11-25,3872.08,3872.08,2024-12-08,ACH,PAID
BIL-01817,POL-00649,CUST-00457,2025-01-25,3872.08,3872.08,2025-02-08,CHECK,PAID
BIL-01818,POL-00649,CUST-00457,2025-03-27,3872.08,3872.08,2025-04-10,ACH,PAID
BIL-01819,POL-00649,CUST-00457,2025-05-27,3872.08,3872.08,2025-06-08,ACH,PAID
BIL-01820,POL-00650,CUST-00458,2025-04-15,5761.2,5761.2,2025-04-26,ONLINE,PAID
BIL-01821,POL-00650,CUST-00458,2025-06-14,5761.2,5761.2,2025-06-27,ONLINE,PAID
BIL-01822,POL-00651,CUST-00459,2025-02-20,14170.68,14170.68,2025-03-04,CARD,PAID
BIL-01823,POL-00652,CUST-00459,2024-08-20,6519.91,6519.91,2024-08-22,CHECK,PAID
BIL-01824,POL-00652,CUST-00459,2024-11-01,6519.91,6519.91,2024-11-03,CHECK,PAID
BIL-01825,POL-00652,CUST-00459,2025-01-13,6519.91,6519.91,2025-01-14,ACH,PAID
BIL-01826,POL-00652,CUST-00459,2025-03-27,6519.91,6519.91,2025-04-11,CARD,PAID
BIL-01827,POL-00652,CUST-00459,2025-06-08,6519.91,6519.91,2025-06-11,ACH,PAID
BIL-01828,POL-00653,CUST-00460,2025-03-12,2707.32,2707.32,2025-03-13,ONLINE,PAID
BIL-01829,POL-00653,CUST-00460,2025-05-11,2707.32,2707.32,2025-05-23,ACH,PAID
BIL-01830,POL-00653,CUST-00460,2025-07-11,2707.32,2707.32,2025-07-10,CHECK,PAID
BIL-01831,POL-00654,CUST-00460,2024-12-14,7706.08,7706.08,2024-12-27,ACH,PAID
BIL-01832,POL-00654,CUST-00460,2025-02-25,7706.08,7706.08,2025-02-26,CARD,PAID
BIL-01833,POL-00654,CUST-00460,2025-05-09,7706.08,7706.08,2025-05-23,CHECK,PAID
BIL-01834,POL-00655,CUST-00461,2025-05-25,7717.53,7717.53,2025-06-01,CARD,PAID
BIL-01835,POL-00656,CUST-00461,2024-10-16,9794.48,9794.48,2024-10-30,CARD,PAID
BIL-01836,POL-00656,CUST-00461,2025-04-16,9794.48,9794.48,2025-04-28,ONLINE,PAID
BIL-01837,POL-00657,CUST-00462,2024-12-03,21196.97,21196.97,2024-12-07,CARD,PAID
BIL-01838,POL-00658,CUST-00463,2024-12-03,13417.32,13417.32,2024-12-18,CHECK,PAID
BIL-01839,POL-00658,CUST-00463,2025-04-03,13417.32,13417.32,2025-04-03,ONLINE,PAID
BIL-01840,POL-00659,CUST-00463,2024-09-06,4013.06,4013.06,2024-09-19,CHECK,PAID
BIL-01841,POL-00659,CUST-00463,2024-11-05,4013.06,4013.06,2024-11-15,ACH,PAID
BIL-01842,POL-00659,CUST-00463,2025-01-05,4013.06,4013.06,2025-01-11,ONLINE,PAID
BIL-01843,POL-00659,CUST-00463,2025-03-07,4013.06,4013.06,2025-03-12,ONLINE,PAID
BIL-01844,POL-00659,CUST-00463,2025-05-07,4013.06,0,,,COLLECTIONS
BIL-01845,POL-00659,CUST-00463,2025-07-07,4013.06,4013.06,2025-07-05,CHECK,PAID
BIL-01846,POL-00660,CUST-00464,2024-10-31,23116.7,23116.7,2024-11-09,CARD,PAID
BIL-01847,POL-00660,CUST-00464,2025-05-01,23116.7,23116.7,2025-05-04,ONLINE,PAID
BIL-01848,POL-00661,CUST-00464,2024-09-14,13475.75,13475.75,2024-09-27,ACH,PAID
BIL-01849,POL-00661,CUST-00464,2025-03-15,13475.75,13475.75,2025-03-27,ONLINE,PAID
BIL-01850,POL-00662,CUST-00465,2024-12-28,24571.1,24571.1,2025-01-03,CARD,PAID
BIL-01851,POL-00662,CUST-00465,2025-06-28,24571.1,0,,,GRACE
BIL-01852,POL-00663,CUST-00466,2025-03-16,16636.1,16636.1,2025-03-21,ACH,PAID
BIL-01853,POL-00664,CUST-00467,2025-04-17,4829.86,4829.86,2025-04-22,ACH,PAID
BIL-01854,POL-00664,CUST-00467,2025-06-29,4829.86,0,,,GRACE
BIL-01855,POL-00665,CUST-00467,2025-06-03,6560.65,6560.65,2025-06-08,ONLINE,PAID
BIL-01856,POL-00666,CUST-00468,2025-05-29,18369.69,18369.69,2025-06-11,CHECK,PAID
BIL-01857,POL-00667,CUST-00469,2024-11-24,11328.34,11328.34,2024-12-01,ONLINE,PAID
BIL-01858,POL-00667,CUST-00469,2025-03-25,11328.34,11328.34,2025-03-25,ONLINE,PAID
BIL-01859,POL-00668,CUST-00469,2024-08-23,6778.15,6778.15,2024-08-28,ONLINE,PAID
BIL-01860,POL-00668,CUST-00469,2024-11-22,6778.15,6778.15,2024-11-27,ACH,PAID
BIL-01861,POL-00668,CUST-00469,2025-02-21,6778.15,6778.15,2025-02-28,ACH,PAID
BIL-01862,POL-00668,CUST-00469,2025-05-23,6778.15,6778.15,2025-05-30,CHECK,PAID
BIL-01863,POL-00669,CUST-00470,2025-05-16,10764.74,10764.74,2025-05-16,ACH,PAID
BIL-01864,POL-00670,CUST-00470,2025-06-11,7494.34,7494.34,2025-06-24,ONLINE,PAID
BIL-01865,POL-00671,CUST-00471,2023-08-05,16995.19,0,,,COLLECTIONS
BIL-01866,POL-00671,CUST-00471,2024-02-03,16995.19,16995.19,2024-02-05,CHECK,PAID
BIL-01867,POL-00672,CUST-00472,2025-05-12,5899.12,5899.12,2025-05-12,CHECK,PAID
BIL-01868,POL-00672,CUST-00472,2025-07-11,5899.12,5899.12,2025-07-07,CARD,PAID
BIL-01869,POL-00673,CUST-00472,2024-11-16,1349.23,1349.23,2024-11-24,CARD,PAID
BIL-01870,POL-00673,CUST-00472,2025-02-15,1349.23,1349.23,2025-02-19,ACH,PAID
BIL-01871,POL-00673,CUST-00472,2025-05-17,1349.23,1349.23,2025-05-20,ONLINE,PAID
BIL-01872,POL-00674,CUST-00473,2025-02-05,9245.06,9245.06,2025-02-05,ONLINE,PAID
BIL-01873,POL-00674,CUST-00473,2025-04-19,9245.06,9245.06,2025-04-27,CARD,PAID
BIL-01874,POL-00674,CUST-00473,2025-07-01,9245.06,0,,,GRACE
BIL-01875,POL-00675,CUST-00473,2025-02-10,7048.27,0,,,PAST_DUE
BIL-01876,POL-00675,CUST-00473,2025-05-12,7048.27,7048.27,2025-05-13,ACH,PAID
BIL-01877,POL-00676,CUST-00474,2024-10-04,4930.72,4930.72,2024-10-12,CARD,PAID
BIL-01878,POL-00676,CUST-00474,2024-12-16,4930.72,0,,,PAST_DUE
BIL-01879,POL-00676,CUST-00474,2025-02-27,4930.72,4930.72,2025-03-01,CHECK,PAID
BIL-01880,POL-00676,CUST-00474,2025-05-11,4930.72,4930.72,2025-05-25,ACH,PAID
BIL-01881,POL-00677,CUST-00475,2024-11-26,20328.0,20328.0,2024-11-30,ONLINE,PAID
BIL-01882,POL-00677,CUST-00475,2025-05-27,20328.0,20328.0,2025-05-28,ONLINE,PAID
BIL-01883,POL-00678,CUST-00475,2024-09-14,18756.66,18756.66,2024-09-15,ACH,PAID
BIL-01884,POL-00678,CUST-00475,2025-03-15,18756.66,18756.66,2025-03-27,CARD,PAID
BIL-01885,POL-00679,CUST-00476,2024-08-19,7089.68,7089.68,2024-09-01,CARD,PAID
BIL-01886,POL-00679,CUST-00476,2024-10-18,7089.68,7089.68,2024-10-27,CHECK,PAID
BIL-01887,POL-00679,CUST-00476,2024-12-18,7089.68,7089.68,2024-12-28,ACH,PAID
BIL-01888,POL-00679,CUST-00476,2025-02-17,7089.68,7089.68,2025-02-17,ONLINE,PAID
BIL-01889,POL-00679,CUST-00476,2025-04-19,7089.68,7089.68,2025-04-29,CARD,PAID
BIL-01890,POL-00679,CUST-00476,2025-06-19,7089.68,0,,,GRACE
BIL-01891,POL-00680,CUST-00477,2025-04-04,4822.74,4822.74,2025-04-06,ACH,PAID
BIL-01892,POL-00681,CUST-00478,2024-09-08,7782.08,7782.08,2024-09-21,ACH,PAID
BIL-01893,POL-00681,CUST-00478,2024-11-20,7782.08,7782.08,2024-12-02,ACH,PAID
BIL-01894,POL-00681,CUST-00478,2025-02-01,7782.08,7782.08,2025-02-16,ONLINE,PAID
BIL-01895,POL-00681,CUST-00478,2025-04-15,7782.08,7782.08,2025-04-15,ACH,PAID
BIL-01896,POL-00681,CUST-00478,2025-06-27,7782.08,7782.08,2025-06-27,CARD,PAID
BIL-01897,POL-00682,CUST-00478,2024-07-31,3272.38,3272.38,2024-08-01,CARD,PAID
BIL-01898,POL-00682,CUST-00478,2024-09-29,3272.38,0,,,COLLECTIONS
BIL-01899,POL-00682,CUST-00478,2024-11-29,3272.38,3272.38,2024-12-07,CHECK,PAID
BIL-01900,POL-00682,CUST-00478,2025-01-29,3272.38,3272.38,2025-02-08,ONLINE,PAID
BIL-01901,POL-00682,CUST-00478,2025-03-31,3272.38,3272.38,2025-04-05,CHECK,PAID
BIL-01902,POL-00682,CUST-00478,2025-05-31,3272.38,3272.38,2025-06-15,ACH,PAID
BIL-01903,POL-00683,CUST-00479,2024-08-18,15332.6,15332.6,2024-08-27,CARD,PAID
BIL-01904,POL-00683,CUST-00479,2025-02-16,15332.6,15332.6,2025-02-27,CARD,PAID
BIL-01905,POL-00684,CUST-00480,2024-09-07,7566.83,7566.83,2024-09-09,CARD,PAID
BIL-01906,POL-00684,CUST-00480,2024-11-19,7566.83,0,,,GRACE
BIL-01907,POL-00684,CUST-00480,2025-01-31,7566.83,7566.83,2025-02-07,ACH,PAID
BIL-01908,POL-00684,CUST-00480,2025-04-14,7566.83,7566.83,2025-04-22,ONLINE,PAID
BIL-01909,POL-00684,CUST-00480,2025-06-26,7566.83,7566.83,2025-06-21,ACH,PAID
BIL-01910,POL-00685,CUST-00481,2024-11-04,11527.46,11527.46,2024-11-18,ACH,PAID
BIL-01911,POL-00685,CUST-00481,2025-03-05,11527.46,11527.46,2025-03-14,CARD,PAID
BIL-01912,POL-00685,CUST-00481,2025-07-05,11527.46,11527.46,2025-07-04,CHECK,PAID
BIL-01913,POL-00686,CUST-00481,2024-09-12,6843.75,6843.75,2024-09-19,ONLINE,PAID
BIL-01914,POL-00686,CUST-00481,2025-03-13,6843.75,6843.75,2025-03-15,ONLINE,PAID
BIL-01915,POL-00687,CUST-00482,2024-07-28,4864.32,4864.32,2024-08-05,ACH,PAID
BIL-01916,POL-00687,CUST-00482,2024-10-27,4864.32,0,,,COLLECTIONS
BIL-01917,POL-00688,CUST-00482,2024-06-29,5709.87,5709.87,2024-07-07,CARD,PAID
BIL-01918,POL-00688,CUST-00482,2024-09-10,5709.87,5709.87,2024-09-24,ONLINE,PAID
BIL-01919,POL-00688,CUST-00482,2024-11-22,5709.87,5709.87,2024-12-03,CHECK,PAID
BIL-01920,POL-00688,CUST-00482,2025-02-03,5709.87,0,,,GRACE
BIL-01921,POL-00688,CUST-00482,2025-04-17,5709.87,5709.87,2025-04-21,CARD,PAID
BIL-01922,POL-00689,CUST-00483,2024-09-11,17885.33,17885.33,2024-09-12,ONLINE,PAID
BIL-01923,POL-00689,CUST-00483,2025-01-10,17885.33,17885.33,2025-01-24,ONLINE,PAID
BIL-01924,POL-00689,CUST-00483,2025-05-12,17885.33,17885.33,2025-05-14,CARD,PAID
BIL-01925,POL-00690,CUST-00484,2024-11-19,4995.63,4995.63,2024-12-04,CARD,PAID
BIL-01926,POL-00690,CUST-00484,2025-02-18,4995.63,4995.63,2025-02-19,CHECK,PAID
BIL-01927,POL-00690,CUST-00484,2025-05-20,4995.63,4995.63,2025-06-01,CARD,PAID
BIL-01928,POL-00691,CUST-00485,2025-01-21,2008.99,0,,,GRACE
BIL-01929,POL-00691,CUST-00485,2025-05-22,2008.99,2008.99,2025-05-26,ACH,PAID
BIL-01930,POL-00692,CUST-00486,2024-12-03,4203.08,4203.08,2024-12-05,ONLINE,PAID
BIL-01931,POL-00692,CUST-00486,2025-02-14,4203.08,0,,,GRACE
BIL-01932,POL-00692,CUST-00486,2025-04-28,4203.08,4203.08,2025-05-11,CARD,PAID
BIL-01933,POL-00692,CUST-00486,2025-07-10,4203.08,4203.08,2025-07-08,ONLINE,PAID
BIL-01934,POL-00693,CUST-00487,2024-11-29,4647.2,0,,,COLLECTIONS
BIL-01935,POL-00693,CUST-00487,2025-01-28,4647.2,0,,,PAST_DUE
BIL-01936,POL-00693,CUST-00487,2025-03-30,4647.2,0,,,GRACE
BIL-01937,POL-00693,CUST-00487,2025-05-30,4647.2,4647.2,2025-06-03,CARD,PAID
BIL-01938,POL-00694,CUST-00488,2025-01-06,15507.6,15507.6,2025-01-21,ONLINE,PAID
BIL-01939,POL-00694,CUST-00488,2025-05-07,15507.6,15507.6,2025-05-21,ONLINE,PAID
BIL-01940,POL-00695,CUST-00489,2025-02-11,3194.21,3194.21,2025-02-22,ONLINE,PAID
BIL-01941,POL-00696,CUST-00489,2024-12-02,10833.05,10833.05,2024-12-09,CHECK,PAID
BIL-01942,POL-00696,CUST-00489,2025-06-02,10833.05,10833.05,2025-06-03,CHECK,PAID
BIL-01943,POL-00697,CUST-00490,2024-10-13,3499.64,3499.64,2024-10-16,CHECK,PAID
BIL-01944,POL-00697,CUST-00490,2024-12-12,3499.64,3499.64,2024-12-18,ACH,PAID
BIL-01945,POL-00698,CUST-00491,2025-03-13,10085.92,0,,,COLLECTIONS
BIL-01946,POL-00698,CUST-00491,2025-07-12,10085.92,10085.92,2025-07-12,ACH,PAID
BIL-01947,POL-00699,CUST-00491,2025-03-15,2846.35,2846.35,2025-03-16,ONLINE,PAID
BIL-01948,POL-00700,CUST-00492,2025-03-02,4488.16,4488.16,2025-03-04,CHECK,PAID
BIL-01949,POL-00700,CUST-00492,2025-05-14,4488.16,4488.16,2025-05-21,ACH,PAID
BIL-01950,POL-00701,CUST-00492,2025-04-11,7157.09,7157.09,2025-04-13,CARD,PAID
BIL-01951,POL-00701,CUST-00492,2025-07-11,7157.09,7157.09,2025-07-11,CARD,PAID
BIL-01952,POL-00702,CUST-00493,2024-08-06,3802.57,3802.57,2024-08-21,CHECK,PAID
BIL-01953,POL-00702,CUST-00493,2024-10-05,3802.57,3802.57,2024-10-20,CARD,PAID
BIL-01954,POL-00702,CUST-00493,2024-12-05,3802.57,3802.57,2024-12-18,CHECK,PAID
BIL-01955,POL-00702,CUST-00493,2025-02-04,3802.57,3802.57,2025-02-16,CHECK,PAID
BIL-01956,POL-00702,CUST-00493,2025-04-06,3802.57,3802.57,2025-04-10,CHECK,PAID
BIL-01957,POL-00702,CUST-00493,2025-06-06,3802.57,0,,,PAST_DUE
BIL-01958,POL-00703,CUST-00494,2024-08-21,12304.07,12304.07,2024-08-25,ACH,PAID
BIL-01959,POL-00703,CUST-00494,2024-11-20,12304.07,12304.07,2024-11-27,CHECK,PAID
BIL-01960,POL-00703,CUST-00494,2025-02-19,12304.07,12304.07,2025-02-19,ONLINE,PAID
BIL-01961,POL-00703,CUST-00494,2025-05-21,12304.07,0,,,COLLECTIONS
BIL-01962,POL-00704,CUST-00494,2024-08-26,1434.03,1434.03,2024-08-29,CHECK,PAID
BIL-01963,POL-00704,CUST-00494,2024-11-07,1434.03,1434.03,2024-11-19,CARD,PAID
BIL-01964,POL-00704,CUST-00494,2025-01-19,1434.03,0,,,PAST_DUE
BIL-01965,POL-00704,CUST-00494,2025-04-02,1434.03,1434.03,2025-04-03,CHECK,PAID
BIL-01966,POL-00704,CUST-00494,2025-06-14,1434.03,1434.03,2025-06-18,ACH,PAID
BIL-01967,POL-00705,CUST-00495,2024-10-26,8345.47,8345.47,2024-11-06,CARD,PAID
BIL-01968,POL-00706,CUST-00496,2024-09-22,18001.01,18001.01,2024-10-05,ONLINE,PAID
BIL-01969,POL-00706,CUST-00496,2025-03-23,18001.01,18001.01,2025-04-05,CHECK,PAID
BIL-01970,POL-00707,CUST-00496,2024-11-19,6509.79,6509.79,2024-11-28,ACH,PAID
BIL-01971,POL-00707,CUST-00496,2025-01-31,6509.79,6509.79,2025-02-09,ONLINE,PAID
BIL-01972,POL-00707,CUST-00496,2025-04-14,6509.79,6509.79,2025-04-19,CHECK,PAID
BIL-01973,POL-00707,CUST-00496,2025-06-26,6509.79,6509.79,2025-06-26,CARD,PAID
BIL-01974,POL-00708,CUST-00497,2024-11-16,3790.65,3790.65,2024-11-26,ONLINE,PAID
BIL-01975,POL-00708,CUST-00497,2025-01-28,3790.65,3790.65,2025-01-29,ONLINE,PAID
BIL-01976,POL-00708,CUST-00497,2025-04-11,3790.65,3790.65,2025-04-17,CARD,PAID
BIL-01977,POL-00708,CUST-00497,2025-06-23,3790.65,3790.65,2025-06-21,ACH,PAID
BIL-01978,POL-00709,CUST-00498,2023-10-26,13512.72,13512.72,2023-10-31,ACH,PAID
BIL-01979,POL-00709,CUST-00498,2024-02-24,13512.72,13512.72,2024-03-05,ACH,PAID
BIL-01980,POL-00709,CUST-00498,2024-06-25,13512.72,13512.72,2024-07-10,CARD,PAID
BIL-01981,POL-00710,CUST-00498,2023-09-16,9824.05,9824.05,2023-09-22,CHECK,PAID
BIL-01982,POL-00710,CUST-00498,2024-01-15,9824.05,9824.05,2024-01-24,CHECK,PAID
BIL-01983,POL-00710,CUST-00498,2024-05-16,9824.05,9824.05,2024-05-30,CHECK,PAID
BIL-01984,POL-00711,CUST-00498,2023-09-30,1012.2,1012.2,2023-10-08,ONLINE,PAID
BIL-01985,POL-00711,CUST-00498,2023-11-29,1012.2,1012.2,2023-12-13,ONLINE,PAID
BIL-01986,POL-00711,CUST-00498,2024-01-29,1012.2,0,,,PAST_DUE
BIL-01987,POL-00711,CUST-00498,2024-03-30,1012.2,1012.2,2024-04-09,ACH,PAID
BIL-01988,POL-00711,CUST-00498,2024-05-30,1012.2,0,,,PAST_DUE
BIL-01989,POL-00711,CUST-00498,2024-07-30,1012.2,0,,,PAST_DUE
BIL-01990,POL-00712,CUST-00499,2025-04-25,1537.27,1537.27,2025-04-27,ACH,PAID
BIL-01991,POL-00712,CUST-00499,2025-07-07,1537.27,0,,,GRACE
BIL-01992,POL-00713,CUST-00500,2024-09-06,1881.86,0,,,COLLECTIONS
BIL-01993,POL-00713,CUST-00500,2025-03-07,1881.86,1881.86,2025-03-18,ACH,PAID
BIL-01994,POL-00714,CUST-00001,2025-01-16,11475.0,11475.0,2025-01-19,ACH,PAID
BIL-01995,POL-00714,CUST-00001,2025-04-16,11475.0,11475.0,2025-04-19,ACH,PAID
BIL-01996,POL-00714,CUST-00001,2025-06-15,11475.0,0,,,GRACE
BIL-01997,POL-00715,CUST-00002,2025-06-30,5500.0,5500.0,2025-07-03,CARD,PAID
