INTERACTION_ID,PARTY_ID,CHANNEL,DIRECTION,INTERACTION_DATE,DURATION_SECONDS,TOPIC,TRANSCRIPT_TEXT,SUMMARY,SENTIMENT,SENTIMENT_SCORE,RESOLUTION,RELATED_POLICY_ID,RELATED_CLAIM_ID
INT-000013,CUST-00004,PHONE,INBOUND,2025-07-12 05:30:00,158,POLICY_CHANGE,"Hi, calling to update my address. Everything's been great with my coverage. The claim I had last year was handled beautifully.","Hi, calling to update my address. Everything's been great with my coverage. The claim I had last year was handled beautifully.",POSITIVE,0.8128,RESOLVED,POL-00006,
INT-000014,CUST-00004,WEB,INBOUND,2025-05-17 02:30:00,55,CANCELLATION_PAGE,,Web session: viewed cancellation page page,,,,,
INT-000015,CUST-00005,PHONE,INBOUND,2025-07-09 05:30:00,144,BILLING_INQUIRY,"Hello, I noticed my payment of 4,212 didn't go through for POL-00007. I want to make sure my coverage isn't affected.","Hello, I noticed my payment of 4,212 didn't go through for POL-00007. I want to make sure my coverage isn't affected.",NEUTRAL,0.4058,RESOLVED,POL-00007,
INT-000016,CUST-00005,PHONE,INBOUND,2025-04-25 05:30:00,212,POLICY_CHANGE,"Hello, calling to ask about my coverage limits. I want to make sure I have adequate protection. Can someone review my policy?","Hello, calling to ask about my coverage limits. I want to make sure I have adequate protection. Can someone review my policy?",NEUTRAL,0.5431,RESOLVED,POL-00007,
INT-000017,CUST-00005,WEB,INBOUND,2025-06-21 20:30:00,411,BILLING_VIEW,,Web session: viewed billing view page,,,,,
INT-000018,CUST-00006,PHONE,INBOUND,2025-05-02 04:30:00,60,POLICY_CHANGE,I'm calling about bundling my policies. I have auto and I'm interested in home coverage. Very happy with the service so far.,I'm calling about bundling my policies. I have auto and I'm interested in home coverage. Very happy with the service so far.,POSITIVE,0.9139,RESOLVED,POL-00009,
INT-000019,CUST-00006,WEB,INBOUND,2025-07-10 23:30:00,186,POLICY_VIEW,,Web session: viewed policy view page,,,,,
INT-000020,CUST-00007,PHONE,INBOUND,2025-07-11 07:30:00,204,BILLING_INQUIRY,"I've been trying to resolve a billing issue for POL-00010 for weeks. I keep getting different answers. My payment was 5,229 and now you say I owe more.","I've been trying to resolve a billing issue for POL-00010 for weeks. I keep getting different answers. My payment was 5,229 and now you say I owe...",NEGATIVE,0.2328,FOLLOW_UP,POL-00010,
INT-000021,CUST-00008,PHONE,INBOUND,2025-05-19 07:30:00,166,POLICY_CHANGE,"Hi, calling to update my address. Everything's been great with my coverage. The claim I had last year was handled beautifully.","Hi, calling to update my address. Everything's been great with my coverage. The claim I had last year was handled beautifully.",POSITIVE,0.8599,RESOLVED,POL-00011,
INT-000022,CUST-00008,WEB,INBOUND,2025-06-09 09:30:00,595,POLICY_VIEW,,Web session: viewed policy view page,,,,,
INT-000023,CUST-00008,EMAIL,INBOUND,2025-06-22 10:30:00,,BILLING_INQUIRY,,Email inquiry about billing inquiry,NEUTRAL,0.428,RESOLVED,POL-00011,
INT-000024,CUST-00009,PHONE,INBOUND,2025-06-28 08:30:00,255,CLAIM_STATUS,This is my second call about claim CLM-00011. It's been 62 days with no resolution. Every time I call I get told it's under review. What's the holdup?,This is my second call about claim CLM-00011. It's been 62 days with no resolution. Every time I call I get told it's under review. What's the holdup?,NEGATIVE,0.2696,ESCALATED,,CLM-00011
INT-000025,CUST-00009,PHONE,INBOUND,2025-05-05 07:30:00,62,POLICY_CHANGE,"Hello, calling to ask about my coverage limits. I want to make sure I have adequate protection. Can someone review my policy?","Hello, calling to ask about my coverage limits. I want to make sure I have adequate protection. Can someone review my policy?",NEUTRAL,0.536,RESOLVED,POL-00012,
INT-000026,CUST-00009,WEB,INBOUND,2025-05-18 06:30:00,338,POLICY_VIEW,,Web session: viewed policy view page,,,,,
INT-000027,CUST-00009,WEB,INBOUND,2025-06-12 10:30:00,310,COVERAGE_REVIEW,,Web session: viewed coverage review page,,,,,
INT-000028,CUST-00009,EMAIL,INBOUND,2025-07-06 10:30:00,,POLICY_CHANGE,,Email inquiry about policy change,NEUTRAL,0.48,FOLLOW_UP,POL-00012,
INT-000029,CUST-00010,PHONE,INBOUND,2025-06-26 10:30:00,293,CLAIM_STATUS,"Hi, I'm calling about claim CLM-00078. It's been 487 days since I filed and I haven't heard much. Can you give me an update?","Hi, I'm calling about claim CLM-00078. It's been 487 days since I filed and I haven't heard much. Can you give me an update?",NEUTRAL,0.3828,FOLLOW_UP,,CLM-00078
INT-000030,CUST-00010,PHONE,INBOUND,2025-07-05 08:30:00,419,CLAIM_STATUS,"I'm getting really frustrated with claim CLM-00078. 487 days, no updates, no communication. When is someone going to handle this?","I'm getting really frustrated with claim CLM-00078. 487 days, no updates, no communication. When is someone going to handle this?",NEGATIVE,0.2195,FOLLOW_UP,,CLM-00078
INT-000031,CUST-00010,PHONE,INBOUND,2025-07-12 06:30:00,408,CLAIM_STATUS,"Claim CLM-00078 has been open for 487 days. I've called multiple times, been transferred, promised callbacks that never happen. I'm at my wit's end.","Claim CLM-00078 has been open for 487 days. I've called multiple times, been transferred, promised callbacks that never happen. I'm at my wit's end.",NEGATIVE,0.0974,UNRESOLVED,,CLM-00078
INT-000032,CUST-00011,PHONE,INBOUND,2025-04-19 05:30:00,213,ADDRESS_CHANGE,"Hi, calling to update my address. Everything's been great with my coverage. The claim I had last year was handled beautifully.","Hi, calling to update my address. Everything's been great with my coverage. The claim I had last year was handled beautifully.",POSITIVE,0.8986,RESOLVED,POL-00015,
INT-000033,CUST-00012,PHONE,INBOUND,2025-06-20 08:30:00,323,PREMIUM_INQUIRY,"Hi, I just got my renewal for POL-00017 and the new premium of 32,572 caught me off guard. It was 27,098 before. Can you review my account?","Hi, I just got my renewal for POL-00017 and the new premium of 32,572 caught me off guard. It was 27,098 before. Can you review my account?",NEUTRAL,0.3726,FOLLOW_UP,POL-00017,
INT-000034,CUST-00012,PHONE,INBOUND,2025-07-04 04:30:00,380,COMPLAINT,"I need to talk to someone about my renewal for POL-00017. A 20 percent increase from 27,098 to 32,572 is unacceptable. I have no claims and nothing has changed. Why are my rates going up this much?","I need to talk to someone about my renewal for POL-00017. A 20 percent increase from 27,098 to 32,572 is unacceptable. I have no claims and nothing...",NEGATIVE,0.2647,ESCALATED,POL-00017,
INT-000035,CUST-00012,PHONE,INBOUND,2025-07-10 04:30:00,230,COMPLAINT,"I'm furious about my renewal notice. Policy POL-00017, you're asking 32,572 when I was paying 27,098? A 20 percent jump after 0 years and not a single claim? I want to speak to a supervisor.","I'm furious about my renewal notice. Policy POL-00017, you're asking 32,572 when I was paying 27,098? A 20 percent jump after 0 years and not a...",NEGATIVE,0.1243,ESCALATED,POL-00017,
INT-000036,CUST-00012,PHONE,INBOUND,2025-06-23 07:30:00,153,BILLING_INQUIRY,"Why is my account past due when I made a payment of 14,114 for POL-00016? I have the confirmation. Someone on your end messed up.","Why is my account past due when I made a payment of 14,114 for POL-00016? I have the confirmation. Someone on your end messed up.",NEGATIVE,0.3132,RESOLVED,POL-00016,
INT-000037,CUST-00012,PHONE,INBOUND,2025-05-31 03:30:00,151,POLICY_CHANGE,"Hello, I need to add a new vehicle. By the way, your claims team did an excellent job last time. Very smooth process.","Hello, I need to add a new vehicle. By the way, your claims team did an excellent job last time. Very smooth process.",POSITIVE,0.8696,RESOLVED,POL-00016,
INT-000038,CUST-00012,WEB,INBOUND,2025-05-22 10:30:00,159,RATE_COMPARISON,,Web session: viewed rate comparison page,,,,,
INT-000039,CUST-00012,WEB,INBOUND,2025-05-23 05:30:00,250,COVERAGE_REVIEW,,Web session: viewed coverage review page,,,,,
INT-000040,CUST-00012,EMAIL,INBOUND,2025-06-30 10:30:00,,GENERAL_INQUIRY,,Email inquiry about general inquiry,NEUTRAL,0.425,FOLLOW_UP,POL-00017,
INT-000041,CUST-00013,PHONE,INBOUND,2025-06-29 09:30:00,291,BILLING_INQUIRY,"Hi, I'm calling about a billing issue on policy POL-00018. I see a charge that doesn't match what I expected. Can you help?","Hi, I'm calling about a billing issue on policy POL-00018. I see a charge that doesn't match what I expected. Can you help?",NEUTRAL,0.3651,RESOLVED,POL-00018,
INT-000042,CUST-00013,WEB,INBOUND,2025-06-03 07:30:00,261,POLICY_VIEW,,Web session: viewed policy view page,,,,,
INT-000043,CUST-00014,PHONE,INBOUND,2025-06-21 04:30:00,208,GENERAL_INQUIRY,"Hi, calling to update my address. Everything's been great with my coverage. The claim I had last year was handled beautifully.","Hi, calling to update my address. Everything's been great with my coverage. The claim I had last year was handled beautifully.",POSITIVE,0.8087,RESOLVED,POL-00019,
INT-000044,CUST-00014,EMAIL,INBOUND,2025-06-23 10:30:00,,POLICY_CHANGE,,Email inquiry about policy change,NEGATIVE,0.475,RESOLVED,POL-00019,
INT-000045,CUST-00015,PHONE,INBOUND,2025-06-15 05:30:00,60,POLICY_CHANGE,"Hi, I need to update vehicle information on my auto policy. I recently purchased a new car and want the right coverage.","Hi, I need to update vehicle information on my auto policy. I recently purchased a new car and want the right coverage.",NEUTRAL,0.5227,RESOLVED,POL-00020,
INT-000046,CUST-00015,WEB,INBOUND,2025-07-01 08:30:00,114,COVERAGE_REVIEW,,Web session: viewed coverage review page,,,,,
INT-000047,CUST-00015,WEB,INBOUND,2025-06-20 00:30:00,506,CANCELLATION_PAGE,,Web session: viewed cancellation page page,,,,,
INT-000048,CUST-00016,PHONE,INBOUND,2025-07-03 03:30:00,193,BILLING_INQUIRY,"Hello, I noticed my payment of 7,072 didn't go through for POL-00021. I want to make sure my coverage isn't affected.","Hello, I noticed my payment of 7,072 didn't go through for POL-00021. I want to make sure my coverage isn't affected.",NEUTRAL,0.3831,FOLLOW_UP,POL-00021,
INT-000049,CUST-00017,PHONE,INBOUND,2025-07-04 03:30:00,231,GENERAL_INQUIRY,"Hi, I need to update vehicle information on my auto policy. I recently purchased a new car and want the right coverage.","Hi, I need to update vehicle information on my auto policy. I recently purchased a new car and want the right coverage.",NEUTRAL,0.5178,RESOLVED,POL-00022,
INT-000050,CUST-00017,WEB,INBOUND,2025-06-17 23:30:00,89,BILLING_VIEW,,Web session: viewed billing view page,,,,,
INT-000051,CUST-00018,PHONE,INBOUND,2025-06-26 03:30:00,133,CLAIM_STATUS,"Hello, I'd like to check on claim CLM-00120. I filed it 150 days ago for theft and I'm wondering when to expect a resolution.","Hello, I'd like to check on claim CLM-00120. I filed it 150 days ago for theft and I'm wondering when to expect a resolution.",NEUTRAL,0.3567,FOLLOW_UP,,CLM-00120
INT-000052,CUST-00018,PHONE,INBOUND,2025-07-03 02:30:00,478,CLAIM_STATUS,This is my second call about claim CLM-00120. It's been 150 days with no resolution. Every time I call I get told it's under review. What's the holdup?,This is my second call about claim CLM-00120. It's been 150 days with no resolution. Every time I call I get told it's under review. What's the...,NEGATIVE,0.2575,FOLLOW_UP,,CLM-00120
INT-000053,CUST-00018,PHONE,INBOUND,2025-07-12 03:30:00,459,CLAIM_STATUS,"Claim CLM-00120 has been open for 150 days. I've called multiple times, been transferred, promised callbacks that never happen. I'm at my wit's end.","Claim CLM-00120 has been open for 150 days. I've called multiple times, been transferred, promised callbacks that never happen. I'm at my wit's end.",NEGATIVE,0.1347,UNRESOLVED,,CLM-00120
INT-000054,CUST-00018,PHONE,INBOUND,2025-03-21 10:30:00,89,GENERAL_INQUIRY,"Hi, calling to update my address. Everything's been great with my coverage. The claim I had last year was handled beautifully.","Hi, calling to update my address. Everything's been great with my coverage. The claim I had last year was handled beautifully.",POSITIVE,0.8198,RESOLVED,POL-00024,
INT-000055,CUST-00019,PHONE,INBOUND,2025-06-26 02:30:00,189,CLAIM_STATUS,"Hi, I'm calling about claim CLM-00024. It's been 283 days since I filed and I haven't heard much. Can you give me an update?","Hi, I'm calling about claim CLM-00024. It's been 283 days since I filed and I haven't heard much. Can you give me an update?",NEUTRAL,0.3835,FOLLOW_UP,,CLM-00024
INT-000056,CUST-00019,PHONE,INBOUND,2025-07-06 06:30:00,183,CLAIM_STATUS,This is my second call about claim CLM-00024. It's been 283 days with no resolution. Every time I call I get told it's under review. What's the holdup?,This is my second call about claim CLM-00024. It's been 283 days with no resolution. Every time I call I get told it's under review. What's the...,NEGATIVE,0.2758,FOLLOW_UP,,CLM-00024
INT-000057,CUST-00019,PHONE,INBOUND,2025-07-12 02:30:00,190,CLAIM_STATUS,"Claim CLM-00024 has been open for 283 days. I've called multiple times, been transferred, promised callbacks that never happen. I'm at my wit's end.","Claim CLM-00024 has been open for 283 days. I've called multiple times, been transferred, promised callbacks that never happen. I'm at my wit's end.",NEGATIVE,0.1386,ESCALATED,,CLM-00024
INT-000058,CUST-00020,PHONE,INBOUND,2025-07-06 10:30:00,335,CLAIM_STATUS,This is my second call about claim CLM-00017. It's been 88 days with no resolution. Every time I call I get told it's under review. What's the holdup?,This is my second call about claim CLM-00017. It's been 88 days with no resolution. Every time I call I get told it's under review. What's the holdup?,NEGATIVE,0.1916,ESCALATED,,CLM-00017
INT-000059,CUST-00021,PHONE,INBOUND,2025-07-05 09:30:00,182,BILLING_INQUIRY,"Hello, I noticed my payment of 7,207 didn't go through for POL-00028. I want to make sure my coverage isn't affected.","Hello, I noticed my payment of 7,207 didn't go through for POL-00028. I want to make sure my coverage isn't affected.",NEUTRAL,0.433,RESOLVED,POL-00028,
INT-000060,CUST-00022,PHONE,INBOUND,2025-05-14 09:30:00,197,POLICY_CHANGE,"Hello, calling to ask about my coverage limits. I want to make sure I have adequate protection. Can someone review my policy?","Hello, calling to ask about my coverage limits. I want to make sure I have adequate protection. Can someone review my policy?",NEUTRAL,0.5113,RESOLVED,POL-00030,
INT-000061,CUST-00022,WEB,INBOUND,2025-06-09 07:30:00,538,COVERAGE_REVIEW,,Web session: viewed coverage review page,,,,,
INT-000062,CUST-00023,PHONE,INBOUND,2025-06-24 05:30:00,294,CLAIM_STATUS,"Hi, I'm calling about claim CLM-00167. It's been 544 days since I filed and I haven't heard much. Can you give me an update?","Hi, I'm calling about claim CLM-00167. It's been 544 days since I filed and I haven't heard much. Can you give me an update?",NEUTRAL,0.4382,FOLLOW_UP,,CLM-00167
INT-000063,CUST-00023,PHONE,INBOUND,2025-07-06 09:30:00,170,CLAIM_STATUS,This is my second call about claim CLM-00167. It's been 544 days with no resolution. Every time I call I get told it's under review. What's the holdup?,This is my second call about claim CLM-00167. It's been 544 days with no resolution. Every time I call I get told it's under review. What's the...,NEGATIVE,0.1858,FOLLOW_UP,,CLM-00167
INT-000064,CUST-00023,PHONE,INBOUND,2025-07-12 08:30:00,203,CLAIM_STATUS,I am extremely upset about claim CLM-00167. 544 days! I was not at fault and yet I'm suffering. No one returns my calls. This is completely unacceptable.,I am extremely upset about claim CLM-00167. 544 days! I was not at fault and yet I'm suffering. No one returns my calls. This is completely...,NEGATIVE,0.1615,UNRESOLVED,,CLM-00167
INT-000065,CUST-00023,PHONE,INBOUND,2025-06-29 03:30:00,176,BILLING_INQUIRY,"Why is my account past due when I made a payment of 10,084 for POL-00031? I have the confirmation. Someone on your end messed up.","Why is my account past due when I made a payment of 10,084 for POL-00031? I have the confirmation. Someone on your end messed up.",NEGATIVE,0.221,FOLLOW_UP,POL-00031,
INT-000066,CUST-00025,PHONE,INBOUND,2025-06-22 08:30:00,377,PREMIUM_INQUIRY,"Hi, I just got my renewal for POL-00034 and the new premium of 20,459 caught me off guard. It was 17,246 before. Can you review my account?","Hi, I just got my renewal for POL-00034 and the new premium of 20,459 caught me off guard. It was 17,246 before. Can you review my account?",NEUTRAL,0.443,FOLLOW_UP,POL-00034,
INT-000067,CUST-00025,PHONE,INBOUND,2025-06-30 05:30:00,313,COMPLAINT,"This is ridiculous. My auto policy POL-00034 premium jumped from 17,246 to 20,459. That's 3,214 more per year. I've been a customer for 11 years and I expect better.","This is ridiculous. My auto policy POL-00034 premium jumped from 17,246 to 20,459. That's 3,214 more per year. I've been a customer for 11 years and...",NEGATIVE,0.3168,ESCALATED,POL-00034,
INT-000068,CUST-00025,PHONE,INBOUND,2025-07-10 10:30:00,261,CANCELLATION_REQUEST,"I want you to know I'm actively shopping. ShieldFirst Insurance quoted me 15,299 for the same auto coverage you want 20,459 for under POL-00034. That's 5,160 I'd save. After 11 years, you're making it easy to leave.","I want you to know I'm actively shopping. ShieldFirst Insurance quoted me 15,299 for the same auto coverage you want 20,459 for under POL-00034....",NEGATIVE,0.0671,UNRESOLVED,POL-00034,
INT-000069,CUST-00025,PHONE,INBOUND,2025-06-13 04:30:00,138,GENERAL_INQUIRY,I'd like information about adding umbrella coverage to my existing policies. What are my options?,I'd like information about adding umbrella coverage to my existing policies. What are my options?,NEUTRAL,0.4868,RESOLVED,POL-00035,
INT-000070,CUST-00025,WEB,INBOUND,2025-06-08 04:30:00,576,RATE_COMPARISON,,Web session: viewed rate comparison page,,,,,
INT-000071,CUST-00027,WEB,INBOUND,2025-05-27 03:30:00,534,FAQ,,Web session: viewed faq page,,,,,
INT-000072,CUST-00027,WEB,INBOUND,2025-07-03 01:30:00,357,FAQ,,Web session: viewed faq page,,,,,
INT-000073,CUST-00028,PHONE,INBOUND,2025-06-27 09:30:00,78,ADDRESS_CHANGE,"Hello, I need to add a new vehicle. By the way, your claims team did an excellent job last time. Very smooth process.","Hello, I need to add a new vehicle. By the way, your claims team did an excellent job last time. Very smooth process.",POSITIVE,0.9027,RESOLVED,POL-00041,
INT-000074,CUST-00029,PHONE,INBOUND,2025-06-28 08:30:00,220,CLAIM_STATUS,"Hi, I'm calling about claim CLM-00094. It's been 118 days since I filed and I haven't heard much. Can you give me an update?","Hi, I'm calling about claim CLM-00094. It's been 118 days since I filed and I haven't heard much. Can you give me an update?",NEUTRAL,0.3686,FOLLOW_UP,,CLM-00094
INT-000075,CUST-00029,PHONE,INBOUND,2025-07-05 05:30:00,473,CLAIM_STATUS,"I'm getting really frustrated with claim CLM-00094. 118 days, no updates, no communication. When is someone going to handle this?","I'm getting really frustrated with claim CLM-00094. 118 days, no updates, no communication. When is someone going to handle this?",NEGATIVE,0.2446,FOLLOW_UP,,CLM-00094
INT-000076,CUST-00029,PHONE,INBOUND,2025-07-12 09:30:00,410,CLAIM_STATUS,"Claim CLM-00094 has been open for 118 days. I've called multiple times, been transferred, promised callbacks that never happen. I'm at my wit's end.","Claim CLM-00094 has been open for 118 days. I've called multiple times, been transferred, promised callbacks that never happen. I'm at my wit's end.",NEGATIVE,0.1711,UNRESOLVED,,CLM-00094
INT-000077,CUST-00029,WEB,INBOUND,2025-06-25 23:30:00,499,CANCELLATION_PAGE,,Web session: viewed cancellation page page,,,,,
INT-000078,CUST-00029,WEB,INBOUND,2025-07-13 07:30:00,572,CLAIM_VIEW,,Web session: viewed claim view page,,,,,
INT-000079,CUST-00029,EMAIL,INBOUND,2025-06-26 10:30:00,,POLICY_CHANGE,,Email inquiry about policy change,NEUTRAL,0.4935,RESOLVED,POL-00043,
INT-000080,CUST-00030,PHONE,INBOUND,2025-06-04 03:30:00,76,ADDRESS_CHANGE,I'm calling about bundling my policies. I have auto and I'm interested in home coverage. Very happy with the service so far.,I'm calling about bundling my policies. I have auto and I'm interested in home coverage. Very happy with the service so far.,POSITIVE,0.8084,RESOLVED,POL-00044,
INT-000081,CUST-00030,WEB,INBOUND,2025-05-29 03:30:00,231,ACCOUNT_LOGIN,,Web session: viewed account login page,,,,,
INT-000082,CUST-00031,PHONE,INBOUND,2025-06-26 02:30:00,171,BILLING_INQUIRY,"Hi, I'm calling about a billing issue on policy POL-00046. I see a charge that doesn't match what I expected. Can you help?","Hi, I'm calling about a billing issue on policy POL-00046. I see a charge that doesn't match what I expected. Can you help?",NEUTRAL,0.4349,FOLLOW_UP,POL-00046,
INT-000083,CUST-00031,PHONE,INBOUND,2025-06-12 06:30:00,72,POLICY_CHANGE,"Hi, calling to update my address. Everything's been great with my coverage. The claim I had last year was handled beautifully.","Hi, calling to update my address. Everything's been great with my coverage. The claim I had last year was handled beautifully.",POSITIVE,0.9325,RESOLVED,POL-00046,
INT-000084,CUST-00032,PHONE,INBOUND,2025-07-03 02:30:00,525,PREMIUM_INQUIRY,"Hi, I just got my renewal for POL-00048 and the new premium of 38,376 caught me off guard. It was 33,809 before. Can you review my account?","Hi, I just got my renewal for POL-00048 and the new premium of 38,376 caught me off guard. It was 33,809 before. Can you review my account?",NEUTRAL,0.4349,FOLLOW_UP,POL-00048,
INT-000085,CUST-00032,PHONE,INBOUND,2025-07-10 04:30:00,584,COMPLAINT,"This is ridiculous. My home policy POL-00048 premium jumped from 33,809 to 38,376. That's 4,567 more per year. I've been a customer for 5 years and I expect better.","This is ridiculous. My home policy POL-00048 premium jumped from 33,809 to 38,376. That's 4,567 more per year. I've been a customer for 5 years and I...",NEGATIVE,0.1832,ESCALATED,POL-00048,
INT-000086,CUST-00032,WEB,INBOUND,2025-05-28 00:30:00,241,POLICY_VIEW,,Web session: viewed policy view page,,,,,
INT-000087,CUST-00033,PHONE,INBOUND,2025-07-01 08:30:00,408,CLAIM_STATUS,"I'm getting really frustrated with claim CLM-00075. 205 days, no updates, no communication. When is someone going to handle this?","I'm getting really frustrated with claim CLM-00075. 205 days, no updates, no communication. When is someone going to handle this?",NEGATIVE,0.2649,ESCALATED,,CLM-00075
INT-000088,CUST-00035,PHONE,INBOUND,2025-07-03 05:30:00,204,ADDRESS_CHANGE,"Hi, calling to update my address. Everything's been great with my coverage. The claim I had last year was handled beautifully.","Hi, calling to update my address. Everything's been great with my coverage. The claim I had last year was handled beautifully.",POSITIVE,0.8392,RESOLVED,POL-00052,
INT-000089,CUST-00036,EMAIL,INBOUND,2025-06-23 10:30:00,,POLICY_CHANGE,,Email inquiry about policy change,NEGATIVE,0.3274,FOLLOW_UP,POL-00053,
INT-000090,CUST-00037,PHONE,INBOUND,2025-06-08 10:30:00,125,GENERAL_INQUIRY,"Hi, calling to update my address. Everything's been great with my coverage. The claim I had last year was handled beautifully.","Hi, calling to update my address. Everything's been great with my coverage. The claim I had last year was handled beautifully.",POSITIVE,0.9427,RESOLVED,POL-00055,
INT-000091,CUST-00038,PHONE,INBOUND,2025-06-26 05:30:00,139,BILLING_INQUIRY,"Hello, I noticed my payment of 6,295 didn't go through for POL-00057. I want to make sure my coverage isn't affected.","Hello, I noticed my payment of 6,295 didn't go through for POL-00057. I want to make sure my coverage isn't affected.",NEUTRAL,0.3906,FOLLOW_UP,POL-00057,
INT-000092,CUST-00039,PHONE,INBOUND,2025-07-06 05:30:00,199,BILLING_INQUIRY,"Hello, I noticed my payment of 8,714 didn't go through for POL-00058. I want to make sure my coverage isn't affected.","Hello, I noticed my payment of 8,714 didn't go through for POL-00058. I want to make sure my coverage isn't affected.",NEUTRAL,0.4015,FOLLOW_UP,POL-00058,
INT-000093,CUST-00039,WEB,INBOUND,2025-07-02 10:30:00,42,CANCELLATION_PAGE,,Web session: viewed cancellation page page,,,,,
INT-000094,CUST-00039,EMAIL,INBOUND,2025-06-19 10:30:00,,GENERAL_INQUIRY,,Email inquiry about general inquiry,NEGATIVE,0.3954,FOLLOW_UP,POL-00058,
INT-000095,CUST-00040,PHONE,INBOUND,2025-04-28 03:30:00,69,GENERAL_INQUIRY,I'd like information about adding umbrella coverage to my existing policies. What are my options?,I'd like information about adding umbrella coverage to my existing policies. What are my options?,NEUTRAL,0.4762,RESOLVED,POL-00060,
INT-000096,CUST-00040,WEB,INBOUND,2025-06-02 09:30:00,569,BILLING_VIEW,,Web session: viewed billing view page,,,,,
INT-000097,CUST-00040,WEB,INBOUND,2025-05-31 02:30:00,239,CANCELLATION_PAGE,,Web session: viewed cancellation page page,,,,,
INT-000098,CUST-00041,PHONE,INBOUND,2025-07-01 02:30:00,228,BILLING_INQUIRY,"Hello, I noticed my payment of 14,488 didn't go through for POL-00061. I want to make sure my coverage isn't affected.","Hello, I noticed my payment of 14,488 didn't go through for POL-00061. I want to make sure my coverage isn't affected.",NEUTRAL,0.3593,FOLLOW_UP,POL-00061,
INT-000099,CUST-00041,WEB,INBOUND,2025-07-07 09:30:00,511,RATE_COMPARISON,,Web session: viewed rate comparison page,,,,,
INT-000100,CUST-00041,WEB,INBOUND,2025-05-22 21:30:00,394,CLAIM_VIEW,,Web session: viewed claim view page,,,,,
INT-000101,CUST-00041,WEB,INBOUND,2025-06-06 23:30:00,236,COVERAGE_REVIEW,,Web session: viewed coverage review page,,,,,
INT-000102,CUST-00042,PHONE,INBOUND,2025-07-11 02:30:00,127,BILLING_INQUIRY,"Hello, I noticed my payment of 16,685 didn't go through for POL-00063. I want to make sure my coverage isn't affected.","Hello, I noticed my payment of 16,685 didn't go through for POL-00063. I want to make sure my coverage isn't affected.",NEUTRAL,0.3566,FOLLOW_UP,POL-00063,
INT-000103,CUST-00043,PHONE,INBOUND,2025-05-19 02:30:00,240,ADDRESS_CHANGE,I'm calling about bundling my policies. I have auto and I'm interested in home coverage. Very happy with the service so far.,I'm calling about bundling my policies. I have auto and I'm interested in home coverage. Very happy with the service so far.,POSITIVE,0.8522,RESOLVED,POL-00065,
INT-000104,CUST-00044,PHONE,INBOUND,2025-07-06 09:30:00,423,CLAIM_STATUS,"Hi, I'm calling about claim CLM-00016. It's been 40 days since I filed and I haven't heard much. Can you give me an update?","Hi, I'm calling about claim CLM-00016. It's been 40 days since I filed and I haven't heard much. Can you give me an update?",NEUTRAL,0.4079,FOLLOW_UP,,CLM-00016
INT-000105,CUST-00044,PHONE,INBOUND,2025-07-12 03:30:00,324,CLAIM_STATUS,This is my second call about claim CLM-00016. It's been 40 days with no resolution. Every time I call I get told it's under review. What's the holdup?,This is my second call about claim CLM-00016. It's been 40 days with no resolution. Every time I call I get told it's under review. What's the holdup?,NEGATIVE,0.2195,UNRESOLVED,,CLM-00016
INT-000106,CUST-00044,WEB,INBOUND,2025-05-31 03:30:00,74,RATE_COMPARISON,,Web session: viewed rate comparison page,,,,,
INT-000107,CUST-00044,WEB,INBOUND,2025-07-10 00:30:00,304,RATE_COMPARISON,,Web session: viewed rate comparison page,,,,,
INT-000108,CUST-00044,WEB,INBOUND,2025-05-16 04:30:00,526,RATE_COMPARISON,,Web session: viewed rate comparison page,,,,,
INT-000109,CUST-00045,PHONE,INBOUND,2025-06-18 08:30:00,100,ADDRESS_CHANGE,"Hi, calling to update my address. Everything's been great with my coverage. The claim I had last year was handled beautifully.","Hi, calling to update my address. Everything's been great with my coverage. The claim I had last year was handled beautifully.",POSITIVE,0.8227,RESOLVED,POL-00067,
INT-000110,CUST-00045,WEB,INBOUND,2025-06-20 04:30:00,257,RATE_COMPARISON,,Web session: viewed rate comparison page,,,,,
INT-000111,CUST-00046,PHONE,INBOUND,2025-06-20 02:30:00,162,BILLING_INQUIRY,"Hello, I noticed my payment of 341 didn't go through for POL-00069. I want to make sure my coverage isn't affected.","Hello, I noticed my payment of 341 didn't go through for POL-00069. I want to make sure my coverage isn't affected.",NEUTRAL,0.4311,RESOLVED,POL-00069,
INT-000112,CUST-00047,PHONE,INBOUND,2025-06-20 08:30:00,61,COVERAGE_QUESTION,"Hi, calling to update my address. Everything's been great with my coverage. The claim I had last year was handled beautifully.","Hi, calling to update my address. Everything's been great with my coverage. The claim I had last year was handled beautifully.",POSITIVE,0.9206,RESOLVED,POL-00070,
INT-000113,CUST-00047,WEB,INBOUND,2025-05-22 10:30:00,259,CANCELLATION_PAGE,,Web session: viewed cancellation page page,,,,,
INT-000114,CUST-00047,WEB,INBOUND,2025-06-08 21:30:00,200,COVERAGE_REVIEW,,Web session: viewed coverage review page,,,,,
INT-000115,CUST-00048,WEB,INBOUND,2025-05-16 23:30:00,148,FAQ,,Web session: viewed faq page,,,,,
INT-000116,CUST-00048,EMAIL,INBOUND,2025-06-12 10:30:00,,POLICY_CHANGE,,Email inquiry about policy change,NEUTRAL,0.3798,FOLLOW_UP,POL-00071,
INT-000117,CUST-00049,PHONE,INBOUND,2025-06-28 03:30:00,254,PREMIUM_INQUIRY,"Hi, I just got my renewal for POL-00072 and the new premium of 39,734 caught me off guard. It was 31,897 before. Can you review my account?","Hi, I just got my renewal for POL-00072 and the new premium of 39,734 caught me off guard. It was 31,897 before. Can you review my account?",NEUTRAL,0.4407,FOLLOW_UP,POL-00072,
INT-000118,CUST-00049,PHONE,INBOUND,2025-07-04 03:30:00,546,COMPLAINT,"I need to talk to someone about my renewal for POL-00072. A 25 percent increase from 31,897 to 39,734 is unacceptable. I have no claims and nothing has changed. Why are my rates going up this much?","I need to talk to someone about my renewal for POL-00072. A 25 percent increase from 31,897 to 39,734 is unacceptable. I have no claims and nothing...",NEGATIVE,0.2958,ESCALATED,POL-00072,
INT-000119,CUST-00049,PHONE,INBOUND,2025-07-10 03:30:00,525,COMPLAINT,"I'm furious about my renewal notice. Policy POL-00072, you're asking 39,734 when I was paying 31,897? A 25 percent jump after 1 years and not a single claim? I want to speak to a supervisor.","I'm furious about my renewal notice. Policy POL-00072, you're asking 39,734 when I was paying 31,897? A 25 percent jump after 1 years and not a...",NEGATIVE,0.0993,ESCALATED,POL-00072,
INT-000120,CUST-00049,PHONE,INBOUND,2025-06-21 09:30:00,209,BILLING_INQUIRY,"Why is my account past due when I made a payment of 7,947 for POL-00072? I have the confirmation. Someone on your end messed up.","Why is my account past due when I made a payment of 7,947 for POL-00072? I have the confirmation. Someone on your end messed up.",NEGATIVE,0.2103,RESOLVED,POL-00072,
INT-000121,CUST-00049,WEB,INBOUND,2025-05-21 20:30:00,467,COVERAGE_REVIEW,,Web session: viewed coverage review page,,,,,
INT-000122,CUST-00049,WEB,INBOUND,2025-05-16 09:30:00,516,CANCELLATION_PAGE,,Web session: viewed cancellation page page,,,,,
INT-000123,CUST-00049,EMAIL,INBOUND,2025-06-21 10:30:00,,GENERAL_INQUIRY,,Email inquiry about general inquiry,NEGATIVE,0.3875,FOLLOW_UP,POL-00072,
INT-000124,CUST-00050,PHONE,INBOUND,2025-07-04 08:30:00,430,CLAIM_STATUS,"Hello, I'd like to check on claim CLM-00092. I filed it 50 days ago for theft and I'm wondering when to expect a resolution.","Hello, I'd like to check on claim CLM-00092. I filed it 50 days ago for theft and I'm wondering when to expect a resolution.",NEUTRAL,0.3796,FOLLOW_UP,,CLM-00092
INT-000125,CUST-00050,PHONE,INBOUND,2025-07-12 04:30:00,219,CLAIM_STATUS,"I'm getting really frustrated with claim CLM-00092. 50 days, no updates, no communication. When is someone going to handle this?","I'm getting really frustrated with claim CLM-00092. 50 days, no updates, no communication. When is someone going to handle this?",NEGATIVE,0.2534,ESCALATED,,CLM-00092
INT-000126,CUST-00050,PHONE,INBOUND,2025-05-27 05:30:00,101,ADDRESS_CHANGE,"Hi, I need to update vehicle information on my auto policy. I recently purchased a new car and want the right coverage.","Hi, I need to update vehicle information on my auto policy. I recently purchased a new car and want the right coverage.",NEUTRAL,0.4517,RESOLVED,POL-00073,
INT-000127,CUST-00051,PHONE,INBOUND,2025-07-08 06:30:00,328,CLAIM_STATUS,I am extremely upset about claim CLM-00055. 128 days! I was not at fault and yet I'm suffering. No one returns my calls. This is completely unacceptable.,I am extremely upset about claim CLM-00055. 128 days! I was not at fault and yet I'm suffering. No one returns my calls. This is completely...,NEGATIVE,0.0927,ESCALATED,,CLM-00055
INT-000128,CUST-00051,PHONE,INBOUND,2025-04-18 03:30:00,65,GENERAL_INQUIRY,"Hi, I need to update vehicle information on my auto policy. I recently purchased a new car and want the right coverage.","Hi, I need to update vehicle information on my auto policy. I recently purchased a new car and want the right coverage.",NEUTRAL,0.5484,RESOLVED,POL-00074,
INT-000129,CUST-00051,WEB,INBOUND,2025-06-18 10:30:00,372,COVERAGE_REVIEW,,Web session: viewed coverage review page,,,,,
INT-000130,CUST-00052,PHONE,INBOUND,2025-07-10 10:30:00,239,ADDRESS_CHANGE,"Hi, calling to update my address. Everything's been great with my coverage. The claim I had last year was handled beautifully.","Hi, calling to update my address. Everything's been great with my coverage. The claim I had last year was handled beautifully.",POSITIVE,0.9362,RESOLVED,POL-00075,
INT-000131,CUST-00053,PHONE,INBOUND,2025-07-04 06:30:00,358,PREMIUM_INQUIRY,"Hello, I'm calling about my home policy POL-00077. I received my renewal notice and the premium is going up from 28,083 to 31,575. That's about 12 percent more. I've been with you 11 years and I'd appreciate an explanation.","Hello, I'm calling about my home policy POL-00077. I received my renewal notice and the premium is going up from 28,083 to 31,575. That's about 12...",NEUTRAL,0.3635,FOLLOW_UP,POL-00077,
INT-000132,CUST-00053,PHONE,INBOUND,2025-07-10 04:30:00,419,COMPLAINT,"I need to talk to someone about my renewal for POL-00077. A 12 percent increase from 28,083 to 31,575 is unacceptable. I have no claims and nothing has changed. Why are my rates going up this much?","I need to talk to someone about my renewal for POL-00077. A 12 percent increase from 28,083 to 31,575 is unacceptable. I have no claims and nothing...",NEGATIVE,0.2737,ESCALATED,POL-00077,
INT-000133,CUST-00053,PHONE,INBOUND,2025-07-06 03:30:00,201,BILLING_INQUIRY,"Why is my account past due when I made a payment of 6,315 for POL-00077? I have the confirmation. Someone on your end messed up.","Why is my account past due when I made a payment of 6,315 for POL-00077? I have the confirmation. Someone on your end messed up.",NEGATIVE,0.3009,RESOLVED,POL-00077,
INT-000134,CUST-00053,PHONE,INBOUND,2025-03-31 09:30:00,107,GENERAL_INQUIRY,"Hello, I need to add a new vehicle. By the way, your claims team did an excellent job last time. Very smooth process.","Hello, I need to add a new vehicle. By the way, your claims team did an excellent job last time. Very smooth process.",POSITIVE,0.8738,RESOLVED,POL-00077,
INT-000135,CUST-00053,WEB,INBOUND,2025-06-20 07:30:00,547,FAQ,,Web session: viewed faq page,,,,,
INT-000136,CUST-00053,WEB,INBOUND,2025-05-16 04:30:00,426,FAQ,,Web session: viewed faq page,,,,,
INT-000137,CUST-00055,PHONE,INBOUND,2025-06-27 05:30:00,288,BILLING_INQUIRY,"Hi, I'm calling about a billing issue on policy POL-00080. I see a charge that doesn't match what I expected. Can you help?","Hi, I'm calling about a billing issue on policy POL-00080. I see a charge that doesn't match what I expected. Can you help?",NEUTRAL,0.4442,RESOLVED,POL-00080,
INT-000138,CUST-00056,PHONE,INBOUND,2025-07-02 10:30:00,483,PREMIUM_INQUIRY,"Hi, I just got my renewal for POL-00083 and the new premium of 18,502 caught me off guard. It was 15,834 before. Can you review my account?","Hi, I just got my renewal for POL-00083 and the new premium of 18,502 caught me off guard. It was 15,834 before. Can you review my account?",NEUTRAL,0.4358,FOLLOW_UP,POL-00083,
INT-000139,CUST-00056,PHONE,INBOUND,2025-07-10 09:30:00,328,COMPLAINT,"This is ridiculous. My home policy POL-00083 premium jumped from 15,834 to 18,502. That's 2,668 more per year. I've been a customer for 6 years and I expect better.","This is ridiculous. My home policy POL-00083 premium jumped from 15,834 to 18,502. That's 2,668 more per year. I've been a customer for 6 years and I...",NEGATIVE,0.2738,ESCALATED,POL-00083,
INT-000140,CUST-00056,PHONE,INBOUND,2025-06-13 06:30:00,199,POLICY_CHANGE,I'm calling about bundling my policies. I have auto and I'm interested in home coverage. Very happy with the service so far.,I'm calling about bundling my policies. I have auto and I'm interested in home coverage. Very happy with the service so far.,POSITIVE,0.9321,RESOLVED,POL-00083,
INT-000141,CUST-00056,WEB,INBOUND,2025-06-19 22:30:00,118,ACCOUNT_LOGIN,,Web session: viewed account login page,,,,,
INT-000142,CUST-00057,PHONE,INBOUND,2025-06-24 04:30:00,193,CLAIM_STATUS,"Hello, I'd like to check on claim CLM-00173. I filed it 172 days ago for theft and I'm wondering when to expect a resolution.","Hello, I'd like to check on claim CLM-00173. I filed it 172 days ago for theft and I'm wondering when to expect a resolution.",NEUTRAL,0.378,FOLLOW_UP,,CLM-00173
INT-000143,CUST-00057,PHONE,INBOUND,2025-07-04 07:30:00,453,CLAIM_STATUS,This is my second call about claim CLM-00173. It's been 172 days with no resolution. Every time I call I get told it's under review. What's the holdup?,This is my second call about claim CLM-00173. It's been 172 days with no resolution. Every time I call I get told it's under review. What's the...,NEGATIVE,0.2361,FOLLOW_UP,,CLM-00173
INT-000144,CUST-00057,PHONE,INBOUND,2025-07-12 04:30:00,240,CLAIM_STATUS,I am extremely upset about claim CLM-00173. 172 days! I was not at fault and yet I'm suffering. No one returns my calls. This is completely unacceptable.,I am extremely upset about claim CLM-00173. 172 days! I was not at fault and yet I'm suffering. No one returns my calls. This is completely...,NEGATIVE,0.1679,ESCALATED,,CLM-00173
INT-000145,CUST-00057,WEB,INBOUND,2025-05-26 21:30:00,43,COVERAGE_REVIEW,,Web session: viewed coverage review page,,,,,
INT-000146,CUST-00057,EMAIL,INBOUND,2025-07-11 10:30:00,,BILLING_INQUIRY,,Email inquiry about billing inquiry,NEUTRAL,0.4473,RESOLVED,POL-00084,
INT-000147,CUST-00058,PHONE,INBOUND,2025-07-03 07:30:00,164,BILLING_INQUIRY,"I've been trying to resolve a billing issue for POL-00085 for weeks. I keep getting different answers. My payment was 1,418 and now you say I owe more.","I've been trying to resolve a billing issue for POL-00085 for weeks. I keep getting different answers. My payment was 1,418 and now you say I owe...",NEGATIVE,0.2818,RESOLVED,POL-00085,
INT-000148,CUST-00059,PHONE,INBOUND,2025-06-20 04:30:00,297,PREMIUM_INQUIRY,"Hello, I'm calling about my auto policy POL-00086. I received my renewal notice and the premium is going up from 23,899 to 28,496. That's about 19 percent more. I've been with you 3 years and I'd appreciate an explanation.","Hello, I'm calling about my auto policy POL-00086. I received my renewal notice and the premium is going up from 23,899 to 28,496. That's about 19...",NEUTRAL,0.4122,FOLLOW_UP,POL-00086,
INT-000149,CUST-00059,PHONE,INBOUND,2025-07-04 08:30:00,504,COMPLAINT,"This is ridiculous. My auto policy POL-00086 premium jumped from 23,899 to 28,496. That's 4,597 more per year. I've been a customer for 3 years and I expect better.","This is ridiculous. My auto policy POL-00086 premium jumped from 23,899 to 28,496. That's 4,597 more per year. I've been a customer for 3 years and I...",NEGATIVE,0.2789,ESCALATED,POL-00086,
INT-000150,CUST-00059,PHONE,INBOUND,2025-07-10 02:30:00,304,COMPLAINT,"Unbelievable. 28,496 for my auto policy? I just saw my renewal for POL-00086. A 19 percent increase with a clean record. I feel completely taken advantage of.","Unbelievable. 28,496 for my auto policy? I just saw my renewal for POL-00086. A 19 percent increase with a clean record. I feel completely taken...",NEGATIVE,0.1225,ESCALATED,POL-00086,
INT-000151,CUST-00059,WEB,INBOUND,2025-07-13 02:30:00,114,COVERAGE_REVIEW,,Web session: viewed coverage review page,,,,,
INT-000152,CUST-00059,WEB,INBOUND,2025-07-06 08:30:00,469,CANCELLATION_PAGE,,Web session: viewed cancellation page page,,,,,
INT-000153,CUST-00059,WEB,INBOUND,2025-06-11 09:30:00,340,RATE_COMPARISON,,Web session: viewed rate comparison page,,,,,
INT-000154,CUST-00060,PHONE,INBOUND,2025-06-28 02:30:00,297,CLAIM_STATUS,"Hello, I'd like to check on claim CLM-00105. I filed it 92 days ago for property damage and I'm wondering when to expect a resolution.","Hello, I'd like to check on claim CLM-00105. I filed it 92 days ago for property damage and I'm wondering when to expect a resolution.",NEUTRAL,0.4347,FOLLOW_UP,,CLM-00105
INT-000155,CUST-00060,PHONE,INBOUND,2025-07-06 06:30:00,165,CLAIM_STATUS,This is my second call about claim CLM-00105. It's been 92 days with no resolution. Every time I call I get told it's under review. What's the holdup?,This is my second call about claim CLM-00105. It's been 92 days with no resolution. Every time I call I get told it's under review. What's the holdup?,NEGATIVE,0.3191,FOLLOW_UP,,CLM-00105
INT-000156,CUST-00060,PHONE,INBOUND,2025-07-12 08:30:00,465,CLAIM_STATUS,"Claim CLM-00105 has been open for 92 days. I've called multiple times, been transferred, promised callbacks that never happen. I'm at my wit's end.","Claim CLM-00105 has been open for 92 days. I've called multiple times, been transferred, promised callbacks that never happen. I'm at my wit's end.",NEGATIVE,0.1481,ESCALATED,,CLM-00105
INT-000157,CUST-00060,PHONE,INBOUND,2025-06-29 09:30:00,171,BILLING_INQUIRY,"Hi, I'm calling about a billing issue on policy POL-00088. I see a charge that doesn't match what I expected. Can you help?","Hi, I'm calling about a billing issue on policy POL-00088. I see a charge that doesn't match what I expected. Can you help?",NEUTRAL,0.4362,FOLLOW_UP,POL-00088,
INT-000158,CUST-00060,WEB,INBOUND,2025-07-06 23:30:00,462,RATE_COMPARISON,,Web session: viewed rate comparison page,,,,,
INT-000159,CUST-00061,PHONE,INBOUND,2025-07-01 04:30:00,163,GENERAL_INQUIRY,I'd like information about adding umbrella coverage to my existing policies. What are my options?,I'd like information about adding umbrella coverage to my existing policies. What are my options?,NEUTRAL,0.5364,RESOLVED,POL-00089,
INT-000160,CUST-00061,WEB,INBOUND,2025-05-20 09:30:00,520,RATE_COMPARISON,,Web session: viewed rate comparison page,,,,,
INT-000161,CUST-00062,PHONE,INBOUND,2025-06-30 08:30:00,240,CLAIM_STATUS,"Hi, I'm calling about claim CLM-00157. It's been 521 days since I filed and I haven't heard much. Can you give me an update?","Hi, I'm calling about claim CLM-00157. It's been 521 days since I filed and I haven't heard much. Can you give me an update?",NEUTRAL,0.3909,FOLLOW_UP,,CLM-00157
INT-000162,CUST-00062,PHONE,INBOUND,2025-07-04 04:30:00,455,CLAIM_STATUS,"I'm getting really frustrated with claim CLM-00157. 521 days, no updates, no communication. When is someone going to handle this?","I'm getting really frustrated with claim CLM-00157. 521 days, no updates, no communication. When is someone going to handle this?",NEGATIVE,0.1834,FOLLOW_UP,,CLM-00157
INT-000163,CUST-00062,PHONE,INBOUND,2025-07-12 04:30:00,208,CLAIM_STATUS,I am extremely upset about claim CLM-00157. 521 days! I was not at fault and yet I'm suffering. No one returns my calls. This is completely unacceptable.,I am extremely upset about claim CLM-00157. 521 days! I was not at fault and yet I'm suffering. No one returns my calls. This is completely...,NEGATIVE,0.126,UNRESOLVED,,CLM-00157
INT-000164,CUST-00062,WEB,INBOUND,2025-06-11 21:30:00,41,CANCELLATION_PAGE,,Web session: viewed cancellation page page,,,,,
INT-000165,CUST-00063,PHONE,INBOUND,2025-07-10 08:30:00,203,BILLING_INQUIRY,"Hello, I noticed my payment of 2,732 didn't go through for POL-00093. I want to make sure my coverage isn't affected.","Hello, I noticed my payment of 2,732 didn't go through for POL-00093. I want to make sure my coverage isn't affected.",NEUTRAL,0.4144,FOLLOW_UP,POL-00093,
INT-000166,CUST-00063,PHONE,INBOUND,2025-05-06 05:30:00,204,POLICY_CHANGE,"Hello, I need to add a new vehicle. By the way, your claims team did an excellent job last time. Very smooth process.","Hello, I need to add a new vehicle. By the way, your claims team did an excellent job last time. Very smooth process.",POSITIVE,0.8437,RESOLVED,POL-00092,
INT-000167,CUST-00064,PHONE,INBOUND,2025-05-27 02:30:00,135,COVERAGE_QUESTION,"Hello, calling to ask about my coverage limits. I want to make sure I have adequate protection. Can someone review my policy?","Hello, calling to ask about my coverage limits. I want to make sure I have adequate protection. Can someone review my policy?",NEUTRAL,0.5475,RESOLVED,POL-00094,
INT-000168,CUST-00064,WEB,INBOUND,2025-05-17 02:30:00,574,CLAIM_VIEW,,Web session: viewed claim view page,,,,,
INT-000169,CUST-00064,WEB,INBOUND,2025-07-13 05:30:00,104,ACCOUNT_LOGIN,,Web session: viewed account login page,,,,,
INT-000170,CUST-00066,PHONE,INBOUND,2025-06-25 02:30:00,266,BILLING_INQUIRY,"Hello, I noticed my payment of 10,267 didn't go through for POL-00096. I want to make sure my coverage isn't affected.","Hello, I noticed my payment of 10,267 didn't go through for POL-00096. I want to make sure my coverage isn't affected.",NEUTRAL,0.383,RESOLVED,POL-00096,
INT-000171,CUST-00066,PHONE,INBOUND,2025-04-26 02:30:00,149,ADDRESS_CHANGE,I'm calling about bundling my policies. I have auto and I'm interested in home coverage. Very happy with the service so far.,I'm calling about bundling my policies. I have auto and I'm interested in home coverage. Very happy with the service so far.,POSITIVE,0.9436,RESOLVED,POL-00096,
INT-000172,CUST-00066,WEB,INBOUND,2025-06-03 09:30:00,345,COVERAGE_REVIEW,,Web session: viewed coverage review page,,,,,
INT-000173,CUST-00067,PHONE,INBOUND,2025-07-01 08:30:00,121,BILLING_INQUIRY,"Hi, I'm calling about a billing issue on policy POL-00097. I see a charge that doesn't match what I expected. Can you help?","Hi, I'm calling about a billing issue on policy POL-00097. I see a charge that doesn't match what I expected. Can you help?",NEUTRAL,0.4373,RESOLVED,POL-00097,
INT-000174,CUST-00068,PHONE,INBOUND,2025-06-27 10:30:00,283,BILLING_INQUIRY,"Hello, I noticed my payment of 6,347 didn't go through for POL-00099. I want to make sure my coverage isn't affected.","Hello, I noticed my payment of 6,347 didn't go through for POL-00099. I want to make sure my coverage isn't affected.",NEUTRAL,0.4061,FOLLOW_UP,POL-00099,
INT-000175,CUST-00068,WEB,INBOUND,2025-06-03 10:30:00,230,COVERAGE_REVIEW,,Web session: viewed coverage review page,,,,,
INT-000176,CUST-00068,EMAIL,INBOUND,2025-07-08 10:30:00,,GENERAL_INQUIRY,,Email inquiry about general inquiry,NEUTRAL,0.385,RESOLVED,POL-00099,
INT-000177,CUST-00069,PHONE,INBOUND,2025-06-23 04:30:00,206,ADDRESS_CHANGE,I'd like information about adding umbrella coverage to my existing policies. What are my options?,I'd like information about adding umbrella coverage to my existing policies. What are my options?,NEUTRAL,0.4536,RESOLVED,POL-00100,
INT-000178,CUST-00069,WEB,INBOUND,2025-06-06 05:30:00,215,ACCOUNT_LOGIN,,Web session: viewed account login page,,,,,
INT-000179,CUST-00070,WEB,INBOUND,2025-06-30 21:30:00,46,ACCOUNT_LOGIN,,Web session: viewed account login page,,,,,
INT-000180,CUST-00072,PHONE,INBOUND,2025-05-26 08:30:00,226,POLICY_CHANGE,"Hi, calling to update my address. Everything's been great with my coverage. The claim I had last year was handled beautifully.","Hi, calling to update my address. Everything's been great with my coverage. The claim I had last year was handled beautifully.",POSITIVE,0.9219,RESOLVED,POL-00105,
INT-000181,CUST-00073,PHONE,INBOUND,2025-07-11 03:30:00,238,ADDRESS_CHANGE,"Hello, I need to add a new vehicle. By the way, your claims team did an excellent job last time. Very smooth process.","Hello, I need to add a new vehicle. By the way, your claims team did an excellent job last time. Very smooth process.",POSITIVE,0.9418,RESOLVED,POL-00106,
INT-000182,CUST-00073,WEB,INBOUND,2025-05-31 09:30:00,313,COVERAGE_REVIEW,,Web session: viewed coverage review page,,,,,
INT-000183,CUST-00073,WEB,INBOUND,2025-06-25 04:30:00,406,FAQ,,Web session: viewed faq page,,,,,
INT-000184,CUST-00074,WEB,INBOUND,2025-06-28 10:30:00,585,COVERAGE_REVIEW,,Web session: viewed coverage review page,,,,,
INT-000185,CUST-00074,WEB,INBOUND,2025-05-18 03:30:00,400,COVERAGE_REVIEW,,Web session: viewed coverage review page,,,,,
INT-000186,CUST-00074,WEB,INBOUND,2025-06-03 06:30:00,411,POLICY_VIEW,,Web session: viewed policy view page,,,,,
INT-000187,CUST-00075,PHONE,INBOUND,2025-05-05 05:30:00,197,COVERAGE_QUESTION,"Hello, I need to add a new vehicle. By the way, your claims team did an excellent job last time. Very smooth process.","Hello, I need to add a new vehicle. By the way, your claims team did an excellent job last time. Very smooth process.",POSITIVE,0.8571,RESOLVED,POL-00108,
INT-000188,CUST-00075,WEB,INBOUND,2025-06-12 07:30:00,304,COVERAGE_REVIEW,,Web session: viewed coverage review page,,,,,
INT-000189,CUST-00075,WEB,INBOUND,2025-06-12 07:30:00,264,COVERAGE_REVIEW,,Web session: viewed coverage review page,,,,,
INT-000190,CUST-00075,WEB,INBOUND,2025-06-01 20:30:00,590,CLAIM_VIEW,,Web session: viewed claim view page,,,,,
INT-000191,CUST-00076,PHONE,INBOUND,2025-07-06 02:30:00,220,BILLING_INQUIRY,"Hello, I noticed my payment of 8,997 didn't go through for POL-00109. I want to make sure my coverage isn't affected.","Hello, I noticed my payment of 8,997 didn't go through for POL-00109. I want to make sure my coverage isn't affected.",NEUTRAL,0.4332,FOLLOW_UP,POL-00109,
INT-000192,CUST-00077,PHONE,INBOUND,2025-06-27 06:30:00,250,BILLING_INQUIRY,"Why is my account past due when I made a payment of 3,101 for POL-00111? I have the confirmation. Someone on your end messed up.","Why is my account past due when I made a payment of 3,101 for POL-00111? I have the confirmation. Someone on your end messed up.",NEGATIVE,0.2311,RESOLVED,POL-00111,
INT-000193,CUST-00078,WEB,INBOUND,2025-06-05 02:30:00,287,POLICY_VIEW,,Web session: viewed policy view page,,,,,
INT-000194,CUST-00078,WEB,INBOUND,2025-06-25 07:30:00,470,FAQ,,Web session: viewed faq page,,,,,
INT-000195,CUST-00079,PHONE,INBOUND,2025-07-03 10:30:00,135,BILLING_INQUIRY,"I've been trying to resolve a billing issue for POL-00113 for weeks. I keep getting different answers. My payment was 4,997 and now you say I owe more.","I've been trying to resolve a billing issue for POL-00113 for weeks. I keep getting different answers. My payment was 4,997 and now you say I owe...",NEGATIVE,0.2298,FOLLOW_UP,POL-00113,
INT-000196,CUST-00079,WEB,INBOUND,2025-06-10 06:30:00,199,BILLING_VIEW,,Web session: viewed billing view page,,,,,
INT-000197,CUST-00080,PHONE,INBOUND,2025-07-02 05:30:00,263,CLAIM_STATUS,"Hi, I'm calling about claim CLM-00012. It's been 259 days since I filed and I haven't heard much. Can you give me an update?","Hi, I'm calling about claim CLM-00012. It's been 259 days since I filed and I haven't heard much. Can you give me an update?",NEUTRAL,0.3958,FOLLOW_UP,,CLM-00012
INT-000198,CUST-00080,PHONE,INBOUND,2025-07-06 06:30:00,476,CLAIM_STATUS,This is my second call about claim CLM-00012. It's been 259 days with no resolution. Every time I call I get told it's under review. What's the holdup?,This is my second call about claim CLM-00012. It's been 259 days with no resolution. Every time I call I get told it's under review. What's the...,NEGATIVE,0.2594,FOLLOW_UP,,CLM-00012
INT-000199,CUST-00080,PHONE,INBOUND,2025-07-12 05:30:00,192,CLAIM_STATUS,"Claim CLM-00012 has been open for 259 days. I've called multiple times, been transferred, promised callbacks that never happen. I'm at my wit's end.","Claim CLM-00012 has been open for 259 days. I've called multiple times, been transferred, promised callbacks that never happen. I'm at my wit's end.",NEGATIVE,0.1027,UNRESOLVED,,CLM-00012
INT-000200,CUST-00080,WEB,INBOUND,2025-06-01 10:30:00,59,CLAIM_VIEW,,Web session: viewed claim view page,,,,,
INT-000201,CUST-00080,EMAIL,INBOUND,2025-07-06 10:30:00,,POLICY_CHANGE,,Email inquiry about policy change,NEGATIVE,0.3275,RESOLVED,POL-00114,
INT-000202,CUST-00081,PHONE,INBOUND,2025-07-12 06:30:00,263,BILLING_INQUIRY,"Hello, I noticed my payment of 5,956 didn't go through for POL-00117. I want to make sure my coverage isn't affected.","Hello, I noticed my payment of 5,956 didn't go through for POL-00117. I want to make sure my coverage isn't affected.",NEUTRAL,0.4492,RESOLVED,POL-00117,
INT-000203,CUST-00081,PHONE,INBOUND,2025-05-29 07:30:00,178,GENERAL_INQUIRY,"Hello, I need to add a new vehicle. By the way, your claims team did an excellent job last time. Very smooth process.","Hello, I need to add a new vehicle. By the way, your claims team did an excellent job last time. Very smooth process.",POSITIVE,0.834,RESOLVED,POL-00118,
INT-000204,CUST-00081,WEB,INBOUND,2025-05-27 03:30:00,368,CANCELLATION_PAGE,,Web session: viewed cancellation page page,,,,,
INT-000205,CUST-00081,WEB,INBOUND,2025-07-02 09:30:00,132,COVERAGE_REVIEW,,Web session: viewed coverage review page,,,,,
INT-000206,CUST-00081,EMAIL,INBOUND,2025-06-29 10:30:00,,GENERAL_INQUIRY,,Email inquiry about general inquiry,NEGATIVE,0.444,FOLLOW_UP,POL-00116,
INT-000207,CUST-00082,PHONE,INBOUND,2025-05-05 08:30:00,171,POLICY_CHANGE,"Hello, I need to add a new vehicle. By the way, your claims team did an excellent job last time. Very smooth process.","Hello, I need to add a new vehicle. By the way, your claims team did an excellent job last time. Very smooth process.",POSITIVE,0.9226,RESOLVED,POL-00119,
INT-000208,CUST-00082,WEB,INBOUND,2025-06-22 09:30:00,566,COVERAGE_REVIEW,,Web session: viewed coverage review page,,,,,
INT-000209,CUST-00082,WEB,INBOUND,2025-06-21 03:30:00,227,POLICY_VIEW,,Web session: viewed policy view page,,,,,
INT-000210,CUST-00084,PHONE,INBOUND,2025-07-01 04:30:00,500,PREMIUM_INQUIRY,"Hello, I'm calling about my auto policy POL-00122. I received my renewal notice and the premium is going up from 49,150 to 54,575. That's about 11 percent more. I've been with you 13 years and I'd appreciate an explanation.","Hello, I'm calling about my auto policy POL-00122. I received my renewal notice and the premium is going up from 49,150 to 54,575. That's about 11...",NEUTRAL,0.4298,FOLLOW_UP,POL-00122,
INT-000211,CUST-00084,PHONE,INBOUND,2025-07-10 03:30:00,220,COMPLAINT,"I need to talk to someone about my renewal for POL-00122. A 11 percent increase from 49,150 to 54,575 is unacceptable. I have no claims and nothing has changed. Why are my rates going up this much?","I need to talk to someone about my renewal for POL-00122. A 11 percent increase from 49,150 to 54,575 is unacceptable. I have no claims and nothing...",NEGATIVE,0.2254,ESCALATED,POL-00122,
INT-000212,CUST-00084,PHONE,INBOUND,2025-06-26 07:30:00,303,CLAIM_STATUS,"Hello, I'd like to check on claim CLM-00137. I filed it 313 days ago for theft and I'm wondering when to expect a resolution.","Hello, I'd like to check on claim CLM-00137. I filed it 313 days ago for theft and I'm wondering when to expect a resolution.",NEUTRAL,0.3844,FOLLOW_UP,,CLM-00137
INT-000213,CUST-00084,PHONE,INBOUND,2025-07-05 07:30:00,477,CLAIM_STATUS,This is my second call about claim CLM-00137. It's been 313 days with no resolution. Every time I call I get told it's under review. What's the holdup?,This is my second call about claim CLM-00137. It's been 313 days with no resolution. Every time I call I get told it's under review. What's the...,NEGATIVE,0.2764,FOLLOW_UP,,CLM-00137
INT-000214,CUST-00084,PHONE,INBOUND,2025-07-12 03:30:00,398,CLAIM_STATUS,"Claim CLM-00137 has been open for 313 days. I've called multiple times, been transferred, promised callbacks that never happen. I'm at my wit's end.","Claim CLM-00137 has been open for 313 days. I've called multiple times, been transferred, promised callbacks that never happen. I'm at my wit's end.",NEGATIVE,0.0936,ESCALATED,,CLM-00137
INT-000215,CUST-00084,EMAIL,INBOUND,2025-07-06 10:30:00,,BILLING_INQUIRY,,Email inquiry about billing inquiry,NEGATIVE,0.5076,FOLLOW_UP,POL-00122,
INT-000216,CUST-00085,WEB,INBOUND,2025-05-28 08:30:00,293,COVERAGE_REVIEW,,Web session: viewed coverage review page,,,,,
INT-000217,CUST-00085,WEB,INBOUND,2025-05-19 09:30:00,464,POLICY_VIEW,,Web session: viewed policy view page,,,,,
INT-000218,CUST-00085,EMAIL,INBOUND,2025-06-28 10:30:00,,GENERAL_INQUIRY,,Email inquiry about general inquiry,NEUTRAL,0.4278,FOLLOW_UP,POL-00124,
INT-000219,CUST-00086,PHONE,INBOUND,2025-04-28 10:30:00,170,GENERAL_INQUIRY,"Hello, I need to add a new vehicle. By the way, your claims team did an excellent job last time. Very smooth process.","Hello, I need to add a new vehicle. By the way, your claims team did an excellent job last time. Very smooth process.",POSITIVE,0.8857,RESOLVED,POL-00125,
INT-000220,CUST-00086,WEB,INBOUND,2025-06-28 20:30:00,374,CANCELLATION_PAGE,,Web session: viewed cancellation page page,,,,,
INT-000221,CUST-00086,WEB,INBOUND,2025-07-10 04:30:00,90,COVERAGE_REVIEW,,Web session: viewed coverage review page,,,,,
INT-000222,CUST-00087,PHONE,INBOUND,2025-06-24 04:30:00,152,BILLING_INQUIRY,"Hello, I noticed my payment of 4,574 didn't go through for POL-00127. I want to make sure my coverage isn't affected.","Hello, I noticed my payment of 4,574 didn't go through for POL-00127. I want to make sure my coverage isn't affected.",NEUTRAL,0.4221,RESOLVED,POL-00127,
INT-000223,CUST-00087,WEB,INBOUND,2025-05-31 22:30:00,207,ACCOUNT_LOGIN,,Web session: viewed account login page,,,,,
INT-000224,CUST-00088,PHONE,INBOUND,2025-06-05 09:30:00,188,GENERAL_INQUIRY,I'm calling about bundling my policies. I have auto and I'm interested in home coverage. Very happy with the service so far.,I'm calling about bundling my policies. I have auto and I'm interested in home coverage. Very happy with the service so far.,POSITIVE,0.938,RESOLVED,POL-00129,
INT-000225,CUST-00088,WEB,INBOUND,2025-06-03 08:30:00,408,ACCOUNT_LOGIN,,Web session: viewed account login page,,,,,
INT-000226,CUST-00089,PHONE,INBOUND,2025-07-11 03:30:00,261,BILLING_INQUIRY,"Hello, I noticed my payment of 4,597 didn't go through for POL-00130. I want to make sure my coverage isn't affected.","Hello, I noticed my payment of 4,597 didn't go through for POL-00130. I want to make sure my coverage isn't affected.",NEUTRAL,0.3798,RESOLVED,POL-00130,
INT-000227,CUST-00089,PHONE,INBOUND,2025-04-16 04:30:00,152,POLICY_CHANGE,"Hi, calling to update my address. Everything's been great with my coverage. The claim I had last year was handled beautifully.","Hi, calling to update my address. Everything's been great with my coverage. The claim I had last year was handled beautifully.",POSITIVE,0.8369,RESOLVED,POL-00131,
INT-000228,CUST-00089,WEB,INBOUND,2025-06-06 01:30:00,369,ACCOUNT_LOGIN,,Web session: viewed account login page,,,,,
INT-000229,CUST-00090,PHONE,INBOUND,2025-05-09 07:30:00,111,GENERAL_INQUIRY,I'd like information about adding umbrella coverage to my existing policies. What are my options?,I'd like information about adding umbrella coverage to my existing policies. What are my options?,NEUTRAL,0.4759,RESOLVED,POL-00133,
INT-000230,CUST-00090,WEB,INBOUND,2025-06-05 05:30:00,116,POLICY_VIEW,,Web session: viewed policy view page,,,,,
INT-000231,CUST-00091,WEB,INBOUND,2025-06-02 01:30:00,151,BILLING_VIEW,,Web session: viewed billing view page,,,,,
INT-000232,CUST-00091,WEB,INBOUND,2025-06-01 00:30:00,46,ACCOUNT_LOGIN,,Web session: viewed account login page,,,,,
INT-000233,CUST-00092,PHONE,INBOUND,2025-06-30 07:30:00,136,BILLING_INQUIRY,"Hello, I noticed my payment of 8,202 didn't go through for POL-00135. I want to make sure my coverage isn't affected.","Hello, I noticed my payment of 8,202 didn't go through for POL-00135. I want to make sure my coverage isn't affected.",NEUTRAL,0.4105,FOLLOW_UP,POL-00135,
INT-000234,CUST-00092,WEB,INBOUND,2025-06-12 09:30:00,174,COVERAGE_REVIEW,,Web session: viewed coverage review page,,,,,
INT-000235,CUST-00092,WEB,INBOUND,2025-06-01 01:30:00,84,ACCOUNT_LOGIN,,Web session: viewed account login page,,,,,
INT-000236,CUST-00093,PHONE,INBOUND,2025-05-25 05:30:00,205,POLICY_CHANGE,"Hi, calling to update my address. Everything's been great with my coverage. The claim I had last year was handled beautifully.","Hi, calling to update my address. Everything's been great with my coverage. The claim I had last year was handled beautifully.",POSITIVE,0.8147,RESOLVED,POL-00136,
INT-000237,CUST-00093,WEB,INBOUND,2025-06-01 03:30:00,525,BILLING_VIEW,,Web session: viewed billing view page,,,,,
INT-000238,CUST-00093,EMAIL,INBOUND,2025-07-13 10:30:00,,POLICY_CHANGE,,Email inquiry about policy change,NEUTRAL,0.4412,FOLLOW_UP,POL-00136,
INT-000239,CUST-00094,PHONE,INBOUND,2025-07-01 10:30:00,215,BILLING_INQUIRY,"Hello, I noticed my payment of 10,958 didn't go through for POL-00137. I want to make sure my coverage isn't affected.","Hello, I noticed my payment of 10,958 didn't go through for POL-00137. I want to make sure my coverage isn't affected.",NEUTRAL,0.4143,RESOLVED,POL-00137,
INT-000240,CUST-00095,PHONE,INBOUND,2025-07-02 10:30:00,450,CLAIM_STATUS,"Hi, I'm calling about claim CLM-00199. It's been 64 days since I filed and I haven't heard much. Can you give me an update?","Hi, I'm calling about claim CLM-00199. It's been 64 days since I filed and I haven't heard much. Can you give me an update?",NEUTRAL,0.3506,FOLLOW_UP,,CLM-00199
INT-000241,CUST-00095,PHONE,INBOUND,2025-07-04 08:30:00,404,CLAIM_STATUS,This is my second call about claim CLM-00199. It's been 64 days with no resolution. Every time I call I get told it's under review. What's the holdup?,This is my second call about claim CLM-00199. It's been 64 days with no resolution. Every time I call I get told it's under review. What's the holdup?,NEGATIVE,0.2585,FOLLOW_UP,,CLM-00199
INT-000242,CUST-00095,PHONE,INBOUND,2025-07-12 05:30:00,446,CLAIM_STATUS,I am extremely upset about claim CLM-00199. 64 days! I was not at fault and yet I'm suffering. No one returns my calls. This is completely unacceptable.,I am extremely upset about claim CLM-00199. 64 days! I was not at fault and yet I'm suffering. No one returns my calls. This is completely...,NEGATIVE,0.1687,UNRESOLVED,,CLM-00199
INT-000243,CUST-00095,WEB,INBOUND,2025-06-15 22:30:00,273,RATE_COMPARISON,,Web session: viewed rate comparison page,,,,,
INT-000244,CUST-00096,PHONE,INBOUND,2025-06-10 05:30:00,164,POLICY_CHANGE,I'm calling about bundling my policies. I have auto and I'm interested in home coverage. Very happy with the service so far.,I'm calling about bundling my policies. I have auto and I'm interested in home coverage. Very happy with the service so far.,POSITIVE,0.9171,RESOLVED,POL-00139,
INT-000245,CUST-00096,EMAIL,INBOUND,2025-07-05 10:30:00,,BILLING_INQUIRY,,Email inquiry about billing inquiry,NEGATIVE,0.4354,RESOLVED,POL-00139,
INT-000246,CUST-00097,PHONE,INBOUND,2025-06-19 09:30:00,213,CLAIM_STATUS,I am extremely upset about claim CLM-00042. 20 days! I was not at fault and yet I'm suffering. No one returns my calls. This is completely unacceptable.,I am extremely upset about claim CLM-00042. 20 days! I was not at fault and yet I'm suffering. No one returns my calls. This is completely...,NEGATIVE,0.163,ESCALATED,,CLM-00042
INT-000247,CUST-00098,PHONE,INBOUND,2025-05-06 08:30:00,139,GENERAL_INQUIRY,"Hello, I need to add a new vehicle. By the way, your claims team did an excellent job last time. Very smooth process.","Hello, I need to add a new vehicle. By the way, your claims team did an excellent job last time. Very smooth process.",POSITIVE,0.8563,RESOLVED,POL-00141,
INT-000248,CUST-00100,PHONE,INBOUND,2025-05-09 07:30:00,91,COVERAGE_QUESTION,I'm calling about bundling my policies. I have auto and I'm interested in home coverage. Very happy with the service so far.,I'm calling about bundling my policies. I have auto and I'm interested in home coverage. Very happy with the service so far.,POSITIVE,0.9097,RESOLVED,POL-00146,
INT-000249,CUST-00100,WEB,INBOUND,2025-07-14 07:30:00,118,RATE_COMPARISON,,Web session: viewed rate comparison page,,,,,
INT-000250,CUST-00101,WEB,INBOUND,2025-05-28 04:30:00,507,CANCELLATION_PAGE,,Web session: viewed cancellation page page,,,,,
INT-000251,CUST-00101,WEB,INBOUND,2025-05-28 02:30:00,343,RATE_COMPARISON,,Web session: viewed rate comparison page,,,,,
INT-000252,CUST-00101,WEB,INBOUND,2025-06-03 03:30:00,218,BILLING_VIEW,,Web session: viewed billing view page,,,,,
INT-000253,CUST-00101,EMAIL,INBOUND,2025-07-13 10:30:00,,POLICY_CHANGE,,Email inquiry about policy change,NEUTRAL,0.3202,RESOLVED,POL-00147,
INT-000254,CUST-00102,WEB,INBOUND,2025-06-15 09:30:00,305,BILLING_VIEW,,Web session: viewed billing view page,,,,,
INT-000255,CUST-00102,WEB,INBOUND,2025-06-09 05:30:00,58,FAQ,,Web session: viewed faq page,,,,,
INT-000256,CUST-00102,WEB,INBOUND,2025-05-25 00:30:00,358,COVERAGE_REVIEW,,Web session: viewed coverage review page,,,,,
INT-000257,CUST-00102,EMAIL,INBOUND,2025-07-01 10:30:00,,POLICY_CHANGE,,Email inquiry about policy change,NEUTRAL,0.4323,RESOLVED,POL-00148,
INT-000258,CUST-00103,WEB,INBOUND,2025-07-09 01:30:00,341,POLICY_VIEW,,Web session: viewed policy view page,,,,,
INT-000259,CUST-00104,PHONE,INBOUND,2025-07-08 09:30:00,208,BILLING_INQUIRY,"Why is my account past due when I made a payment of 16,600 for POL-00151? I have the confirmation. Someone on your end messed up.","Why is my account past due when I made a payment of 16,600 for POL-00151? I have the confirmation. Someone on your end messed up.",NEGATIVE,0.2648,FOLLOW_UP,POL-00151,
INT-000260,CUST-00104,WEB,INBOUND,2025-06-15 04:30:00,271,BILLING_VIEW,,Web session: viewed billing view page,,,,,
INT-000261,CUST-00105,WEB,INBOUND,2025-05-30 22:30:00,542,COVERAGE_REVIEW,,Web session: viewed coverage review page,,,,,
INT-000262,CUST-00105,WEB,INBOUND,2025-06-17 22:30:00,465,ACCOUNT_LOGIN,,Web session: viewed account login page,,,,,
INT-000263,CUST-00106,PHONE,INBOUND,2025-05-19 10:30:00,199,COVERAGE_QUESTION,"Hi, calling to update my address. Everything's been great with my coverage. The claim I had last year was handled beautifully.","Hi, calling to update my address. Everything's been great with my coverage. The claim I had last year was handled beautifully.",POSITIVE,0.9113,RESOLVED,POL-00155,
INT-000264,CUST-00107,PHONE,INBOUND,2025-06-08 08:30:00,71,COVERAGE_QUESTION,I'm calling about bundling my policies. I have auto and I'm interested in home coverage. Very happy with the service so far.,I'm calling about bundling my policies. I have auto and I'm interested in home coverage. Very happy with the service so far.,POSITIVE,0.9269,RESOLVED,POL-00156,
INT-000265,CUST-00108,PHONE,INBOUND,2025-07-03 08:30:00,220,BILLING_INQUIRY,"Why is my account past due when I made a payment of 21,235 for POL-00157? I have the confirmation. Someone on your end messed up.","Why is my account past due when I made a payment of 21,235 for POL-00157? I have the confirmation. Someone on your end messed up.",NEGATIVE,0.3146,FOLLOW_UP,POL-00157,
INT-000266,CUST-00108,WEB,INBOUND,2025-06-30 23:30:00,333,POLICY_VIEW,,Web session: viewed policy view page,,,,,
INT-000267,CUST-00109,PHONE,INBOUND,2025-06-22 05:30:00,220,ADDRESS_CHANGE,"Hello, calling to ask about my coverage limits. I want to make sure I have adequate protection. Can someone review my policy?","Hello, calling to ask about my coverage limits. I want to make sure I have adequate protection. Can someone review my policy?",NEUTRAL,0.5279,RESOLVED,POL-00159,
INT-000268,CUST-00110,PHONE,INBOUND,2025-07-02 03:30:00,335,CLAIM_STATUS,"Hello, I'd like to check on claim CLM-00065. I filed it 264 days ago for theft and I'm wondering when to expect a resolution.","Hello, I'd like to check on claim CLM-00065. I filed it 264 days ago for theft and I'm wondering when to expect a resolution.",NEUTRAL,0.449,FOLLOW_UP,,CLM-00065
INT-000269,CUST-00110,PHONE,INBOUND,2025-07-06 10:30:00,133,CLAIM_STATUS,"I'm getting really frustrated with claim CLM-00065. 264 days, no updates, no communication. When is someone going to handle this?","I'm getting really frustrated with claim CLM-00065. 264 days, no updates, no communication. When is someone going to handle this?",NEGATIVE,0.2167,FOLLOW_UP,,CLM-00065
INT-000270,CUST-00110,PHONE,INBOUND,2025-07-12 07:30:00,423,CLAIM_STATUS,"Claim CLM-00065 has been open for 264 days. I've called multiple times, been transferred, promised callbacks that never happen. I'm at my wit's end.","Claim CLM-00065 has been open for 264 days. I've called multiple times, been transferred, promised callbacks that never happen. I'm at my wit's end.",NEGATIVE,0.1113,UNRESOLVED,,CLM-00065
INT-000271,CUST-00111,PHONE,INBOUND,2025-06-30 08:30:00,397,CLAIM_STATUS,"Hi, I'm calling about claim CLM-00064. It's been 288 days since I filed and I haven't heard much. Can you give me an update?","Hi, I'm calling about claim CLM-00064. It's been 288 days since I filed and I haven't heard much. Can you give me an update?",NEUTRAL,0.3528,FOLLOW_UP,,CLM-00064
INT-000272,CUST-00111,PHONE,INBOUND,2025-07-06 08:30:00,448,CLAIM_STATUS,"I'm getting really frustrated with claim CLM-00064. 288 days, no updates, no communication. When is someone going to handle this?","I'm getting really frustrated with claim CLM-00064. 288 days, no updates, no communication. When is someone going to handle this?",NEGATIVE,0.2756,FOLLOW_UP,,CLM-00064
INT-000273,CUST-00111,PHONE,INBOUND,2025-07-12 09:30:00,296,CLAIM_STATUS,"Claim CLM-00064 has been open for 288 days. I've called multiple times, been transferred, promised callbacks that never happen. I'm at my wit's end.","Claim CLM-00064 has been open for 288 days. I've called multiple times, been transferred, promised callbacks that never happen. I'm at my wit's end.",NEGATIVE,0.1529,ESCALATED,,CLM-00064
INT-000274,CUST-00111,WEB,INBOUND,2025-07-04 03:30:00,422,FAQ,,Web session: viewed faq page,,,,,
INT-000275,CUST-00112,PHONE,INBOUND,2025-05-27 09:30:00,235,GENERAL_INQUIRY,"Hi, calling to update my address. Everything's been great with my coverage. The claim I had last year was handled beautifully.","Hi, calling to update my address. Everything's been great with my coverage. The claim I had last year was handled beautifully.",POSITIVE,0.9362,RESOLVED,POL-00164,
INT-000276,CUST-00113,PHONE,INBOUND,2025-07-12 03:30:00,82,POLICY_CHANGE,"Hello, I need to add a new vehicle. By the way, your claims team did an excellent job last time. Very smooth process.","Hello, I need to add a new vehicle. By the way, your claims team did an excellent job last time. Very smooth process.",POSITIVE,0.872,RESOLVED,POL-00165,
INT-000277,CUST-00113,WEB,INBOUND,2025-05-26 04:30:00,521,COVERAGE_REVIEW,,Web session: viewed coverage review page,,,,,
INT-000278,CUST-00114,PHONE,INBOUND,2025-06-26 09:30:00,364,CLAIM_STATUS,"Hello, I'd like to check on claim CLM-00139. I filed it 102 days ago for collision and I'm wondering when to expect a resolution.","Hello, I'd like to check on claim CLM-00139. I filed it 102 days ago for collision and I'm wondering when to expect a resolution.",NEUTRAL,0.4333,FOLLOW_UP,,CLM-00139
INT-000279,CUST-00114,PHONE,INBOUND,2025-07-05 06:30:00,149,CLAIM_STATUS,"I'm getting really frustrated with claim CLM-00139. 102 days, no updates, no communication. When is someone going to handle this?","I'm getting really frustrated with claim CLM-00139. 102 days, no updates, no communication. When is someone going to handle this?",NEGATIVE,0.2674,FOLLOW_UP,,CLM-00139
INT-000280,CUST-00114,PHONE,INBOUND,2025-07-12 02:30:00,174,CLAIM_STATUS,I am extremely upset about claim CLM-00139. 102 days! I was not at fault and yet I'm suffering. No one returns my calls. This is completely unacceptable.,I am extremely upset about claim CLM-00139. 102 days! I was not at fault and yet I'm suffering. No one returns my calls. This is completely...,NEGATIVE,0.173,ESCALATED,,CLM-00139
INT-000281,CUST-00114,WEB,INBOUND,2025-05-25 05:30:00,394,FAQ,,Web session: viewed faq page,,,,,
INT-000282,CUST-00114,WEB,INBOUND,2025-06-10 23:30:00,577,POLICY_VIEW,,Web session: viewed policy view page,,,,,
INT-000283,CUST-00115,PHONE,INBOUND,2025-07-06 09:30:00,224,BILLING_INQUIRY,"Hello, I noticed my payment of 6,815 didn't go through for POL-00167. I want to make sure my coverage isn't affected.","Hello, I noticed my payment of 6,815 didn't go through for POL-00167. I want to make sure my coverage isn't affected.",NEUTRAL,0.3577,FOLLOW_UP,POL-00167,
INT-000284,CUST-00115,WEB,INBOUND,2025-07-01 21:30:00,502,ACCOUNT_LOGIN,,Web session: viewed account login page,,,,,
INT-000285,CUST-00115,WEB,INBOUND,2025-06-20 21:30:00,212,CLAIM_VIEW,,Web session: viewed claim view page,,,,,
INT-000286,CUST-00115,WEB,INBOUND,2025-05-27 21:30:00,135,COVERAGE_REVIEW,,Web session: viewed coverage review page,,,,,
INT-000287,CUST-00116,PHONE,INBOUND,2025-06-25 07:30:00,142,BILLING_INQUIRY,"Why is my account past due when I made a payment of 14,634 for POL-00169? I have the confirmation. Someone on your end messed up.","Why is my account past due when I made a payment of 14,634 for POL-00169? I have the confirmation. Someone on your end messed up.",NEGATIVE,0.2105,RESOLVED,POL-00169,
INT-000288,CUST-00116,WEB,INBOUND,2025-05-30 23:30:00,84,RATE_COMPARISON,,Web session: viewed rate comparison page,,,,,
INT-000289,CUST-00117,EMAIL,INBOUND,2025-07-01 10:30:00,,GENERAL_INQUIRY,,Email inquiry about general inquiry,NEUTRAL,0.4249,FOLLOW_UP,POL-00170,
INT-000290,CUST-00118,PHONE,INBOUND,2025-05-22 09:30:00,90,POLICY_CHANGE,"Hi, calling to update my address. Everything's been great with my coverage. The claim I had last year was handled beautifully.","Hi, calling to update my address. Everything's been great with my coverage. The claim I had last year was handled beautifully.",POSITIVE,0.8584,RESOLVED,POL-00171,
INT-000291,CUST-00118,WEB,INBOUND,2025-05-20 02:30:00,67,CLAIM_VIEW,,Web session: viewed claim view page,,,,,
INT-000292,CUST-00119,PHONE,INBOUND,2025-04-29 05:30:00,151,POLICY_CHANGE,"Hi, calling to update my address. Everything's been great with my coverage. The claim I had last year was handled beautifully.","Hi, calling to update my address. Everything's been great with my coverage. The claim I had last year was handled beautifully.",POSITIVE,0.8714,RESOLVED,POL-00172,
INT-000293,CUST-00119,WEB,INBOUND,2025-06-23 02:30:00,461,POLICY_VIEW,,Web session: viewed policy view page,,,,,
INT-000294,CUST-00120,PHONE,INBOUND,2025-06-30 08:30:00,262,CLAIM_STATUS,"Hi, I'm calling about claim CLM-00146. It's been 629 days since I filed and I haven't heard much. Can you give me an update?","Hi, I'm calling about claim CLM-00146. It's been 629 days since I filed and I haven't heard much. Can you give me an update?",NEUTRAL,0.3653,FOLLOW_UP,,CLM-00146
INT-000295,CUST-00120,PHONE,INBOUND,2025-07-06 09:30:00,284,CLAIM_STATUS,This is my second call about claim CLM-00146. It's been 629 days with no resolution. Every time I call I get told it's under review. What's the holdup?,This is my second call about claim CLM-00146. It's been 629 days with no resolution. Every time I call I get told it's under review. What's the...,NEGATIVE,0.2004,FOLLOW_UP,,CLM-00146
INT-000296,CUST-00120,PHONE,INBOUND,2025-07-12 08:30:00,155,CLAIM_STATUS,I am extremely upset about claim CLM-00146. 629 days! I was not at fault and yet I'm suffering. No one returns my calls. This is completely unacceptable.,I am extremely upset about claim CLM-00146. 629 days! I was not at fault and yet I'm suffering. No one returns my calls. This is completely...,NEGATIVE,0.1238,UNRESOLVED,,CLM-00146
INT-000297,CUST-00120,PHONE,INBOUND,2025-07-10 07:30:00,246,BILLING_INQUIRY,"Hello, I noticed my payment of 2,224 didn't go through for POL-00174. I want to make sure my coverage isn't affected.","Hello, I noticed my payment of 2,224 didn't go through for POL-00174. I want to make sure my coverage isn't affected.",NEUTRAL,0.4058,FOLLOW_UP,POL-00174,
INT-000298,CUST-00120,WEB,INBOUND,2025-07-12 09:30:00,434,CANCELLATION_PAGE,,Web session: viewed cancellation page page,,,,,
INT-000299,CUST-00121,PHONE,INBOUND,2025-07-02 07:30:00,550,PREMIUM_INQUIRY,"Hello, I'm calling about my home policy POL-00176. I received my renewal notice and the premium is going up from 24,430 to 26,912. That's about 10 percent more. I've been with you 0 years and I'd appreciate an explanation.","Hello, I'm calling about my home policy POL-00176. I received my renewal notice and the premium is going up from 24,430 to 26,912. That's about 10...",NEUTRAL,0.4325,FOLLOW_UP,POL-00176,
INT-000300,CUST-00121,PHONE,INBOUND,2025-07-10 10:30:00,228,COMPLAINT,"This is ridiculous. My home policy POL-00176 premium jumped from 24,430 to 26,912. That's 2,482 more per year. I've been a customer for 0 years and I expect better.","This is ridiculous. My home policy POL-00176 premium jumped from 24,430 to 26,912. That's 2,482 more per year. I've been a customer for 0 years and I...",NEGATIVE,0.2246,ESCALATED,POL-00176,
INT-000301,CUST-00121,WEB,INBOUND,2025-07-13 20:30:00,511,COVERAGE_REVIEW,,Web session: viewed coverage review page,,,,,
INT-000302,CUST-00122,PHONE,INBOUND,2025-06-24 05:30:00,438,CLAIM_STATUS,"Hello, I'd like to check on claim CLM-00115. I filed it 77 days ago for collision and I'm wondering when to expect a resolution.","Hello, I'd like to check on claim CLM-00115. I filed it 77 days ago for collision and I'm wondering when to expect a resolution.",NEUTRAL,0.4275,FOLLOW_UP,,CLM-00115
INT-000303,CUST-00122,PHONE,INBOUND,2025-07-07 09:30:00,276,CLAIM_STATUS,"I'm getting really frustrated with claim CLM-00115. 77 days, no updates, no communication. When is someone going to handle this?","I'm getting really frustrated with claim CLM-00115. 77 days, no updates, no communication. When is someone going to handle this?",NEGATIVE,0.2774,FOLLOW_UP,,CLM-00115
INT-000304,CUST-00122,PHONE,INBOUND,2025-07-12 04:30:00,136,CLAIM_STATUS,"Claim CLM-00115 has been open for 77 days. I've called multiple times, been transferred, promised callbacks that never happen. I'm at my wit's end.","Claim CLM-00115 has been open for 77 days. I've called multiple times, been transferred, promised callbacks that never happen. I'm at my wit's end.",NEGATIVE,0.0936,UNRESOLVED,,CLM-00115
INT-000305,CUST-00122,PHONE,INBOUND,2025-06-20 04:30:00,378,CLAIM_STATUS,I am extremely upset about claim CLM-00164. 205 days! I was not at fault and yet I'm suffering. No one returns my calls. This is completely unacceptable.,I am extremely upset about claim CLM-00164. 205 days! I was not at fault and yet I'm suffering. No one returns my calls. This is completely...,NEGATIVE,0.1261,ESCALATED,,CLM-00164
INT-000306,CUST-00122,WEB,INBOUND,2025-07-09 20:30:00,511,CLAIM_VIEW,,Web session: viewed claim view page,,,,,
INT-000307,CUST-00123,PHONE,INBOUND,2025-05-14 06:30:00,228,GENERAL_INQUIRY,"Hello, I need to add a new vehicle. By the way, your claims team did an excellent job last time. Very smooth process.","Hello, I need to add a new vehicle. By the way, your claims team did an excellent job last time. Very smooth process.",POSITIVE,0.9039,RESOLVED,POL-00179,
INT-000308,CUST-00123,WEB,INBOUND,2025-05-29 20:30:00,165,POLICY_VIEW,,Web session: viewed policy view page,,,,,
INT-000309,CUST-00123,WEB,INBOUND,2025-06-03 08:30:00,306,CANCELLATION_PAGE,,Web session: viewed cancellation page page,,,,,
INT-000310,CUST-00123,WEB,INBOUND,2025-07-07 23:30:00,265,CANCELLATION_PAGE,,Web session: viewed cancellation page page,,,,,
INT-000311,CUST-00124,PHONE,INBOUND,2025-07-05 06:30:00,180,BILLING_INQUIRY,"Hello, I noticed my payment of 6,658 didn't go through for POL-00180. I want to make sure my coverage isn't affected.","Hello, I noticed my payment of 6,658 didn't go through for POL-00180. I want to make sure my coverage isn't affected.",NEUTRAL,0.4174,RESOLVED,POL-00180,
INT-000312,CUST-00124,WEB,INBOUND,2025-07-07 20:30:00,347,RATE_COMPARISON,,Web session: viewed rate comparison page,,,,,
INT-000313,CUST-00124,WEB,INBOUND,2025-06-26 06:30:00,596,POLICY_VIEW,,Web session: viewed policy view page,,,,,
INT-000314,CUST-00124,WEB,INBOUND,2025-05-19 21:30:00,61,POLICY_VIEW,,Web session: viewed policy view page,,,,,
INT-000315,CUST-00125,PHONE,INBOUND,2025-07-01 03:30:00,298,BILLING_INQUIRY,"I've been trying to resolve a billing issue for POL-00182 for weeks. I keep getting different answers. My payment was 8,284 and now you say I owe more.","I've been trying to resolve a billing issue for POL-00182 for weeks. I keep getting different answers. My payment was 8,284 and now you say I owe...",NEGATIVE,0.2932,RESOLVED,POL-00182,
INT-000316,CUST-00125,WEB,INBOUND,2025-05-30 20:30:00,150,FAQ,,Web session: viewed faq page,,,,,
INT-000317,CUST-00126,PHONE,INBOUND,2025-06-24 09:30:00,292,CLAIM_STATUS,"Hello, I'd like to check on claim CLM-00159. I filed it 329 days ago for liability and I'm wondering when to expect a resolution.","Hello, I'd like to check on claim CLM-00159. I filed it 329 days ago for liability and I'm wondering when to expect a resolution.",NEUTRAL,0.4157,FOLLOW_UP,,CLM-00159
INT-000318,CUST-00126,PHONE,INBOUND,2025-07-04 09:30:00,414,CLAIM_STATUS,"I'm getting really frustrated with claim CLM-00159. 329 days, no updates, no communication. When is someone going to handle this?","I'm getting really frustrated with claim CLM-00159. 329 days, no updates, no communication. When is someone going to handle this?",NEGATIVE,0.1811,FOLLOW_UP,,CLM-00159
INT-000319,CUST-00126,PHONE,INBOUND,2025-07-12 10:30:00,218,CLAIM_STATUS,I am extremely upset about claim CLM-00159. 329 days! I was not at fault and yet I'm suffering. No one returns my calls. This is completely unacceptable.,I am extremely upset about claim CLM-00159. 329 days! I was not at fault and yet I'm suffering. No one returns my calls. This is completely...,NEGATIVE,0.1109,UNRESOLVED,,CLM-00159
INT-000320,CUST-00126,PHONE,INBOUND,2025-07-02 07:30:00,282,BILLING_INQUIRY,"Hi, I'm calling about a billing issue on policy POL-00184. I see a charge that doesn't match what I expected. Can you help?","Hi, I'm calling about a billing issue on policy POL-00184. I see a charge that doesn't match what I expected. Can you help?",NEUTRAL,0.3967,FOLLOW_UP,POL-00184,
INT-000321,CUST-00126,PHONE,INBOUND,2025-04-11 05:30:00,105,GENERAL_INQUIRY,"Hi, I need to update vehicle information on my auto policy. I recently purchased a new car and want the right coverage.","Hi, I need to update vehicle information on my auto policy. I recently purchased a new car and want the right coverage.",NEUTRAL,0.5184,RESOLVED,POL-00185,
INT-000322,CUST-00127,PHONE,INBOUND,2025-06-30 07:30:00,209,CLAIM_STATUS,"Hi, I'm calling about claim CLM-00093. It's been 257 days since I filed and I haven't heard much. Can you give me an update?","Hi, I'm calling about claim CLM-00093. It's been 257 days since I filed and I haven't heard much. Can you give me an update?",NEUTRAL,0.3535,FOLLOW_UP,,CLM-00093
INT-000323,CUST-00127,PHONE,INBOUND,2025-07-06 06:30:00,315,CLAIM_STATUS,"I'm getting really frustrated with claim CLM-00093. 257 days, no updates, no communication. When is someone going to handle this?","I'm getting really frustrated with claim CLM-00093. 257 days, no updates, no communication. When is someone going to handle this?",NEGATIVE,0.2335,FOLLOW_UP,,CLM-00093
INT-000324,CUST-00127,PHONE,INBOUND,2025-07-12 08:30:00,411,CLAIM_STATUS,"Claim CLM-00093 has been open for 257 days. I've called multiple times, been transferred, promised callbacks that never happen. I'm at my wit's end.","Claim CLM-00093 has been open for 257 days. I've called multiple times, been transferred, promised callbacks that never happen. I'm at my wit's end.",NEGATIVE,0.14,ESCALATED,,CLM-00093
INT-000325,CUST-00127,PHONE,INBOUND,2025-06-30 06:30:00,265,BILLING_INQUIRY,"I've been trying to resolve a billing issue for POL-00186 for weeks. I keep getting different answers. My payment was 10,019 and now you say I owe more.","I've been trying to resolve a billing issue for POL-00186 for weeks. I keep getting different answers. My payment was 10,019 and now you say I owe...",NEGATIVE,0.2124,RESOLVED,POL-00186,
INT-000326,CUST-00127,PHONE,INBOUND,2025-03-30 08:30:00,233,POLICY_CHANGE,I'm calling about bundling my policies. I have auto and I'm interested in home coverage. Very happy with the service so far.,I'm calling about bundling my policies. I have auto and I'm interested in home coverage. Very happy with the service so far.,POSITIVE,0.9234,RESOLVED,POL-00186,
INT-000327,CUST-00128,WEB,INBOUND,2025-07-02 06:30:00,236,BILLING_VIEW,,Web session: viewed billing view page,,,,,
INT-000328,CUST-00129,PHONE,INBOUND,2025-06-24 05:30:00,251,CLAIM_STATUS,"Hi, I'm calling about claim CLM-00010. It's been 187 days since I filed and I haven't heard much. Can you give me an update?","Hi, I'm calling about claim CLM-00010. It's been 187 days since I filed and I haven't heard much. Can you give me an update?",NEUTRAL,0.4452,FOLLOW_UP,,CLM-00010
INT-000329,CUST-00129,PHONE,INBOUND,2025-07-06 06:30:00,389,CLAIM_STATUS,"I'm getting really frustrated with claim CLM-00010. 187 days, no updates, no communication. When is someone going to handle this?","I'm getting really frustrated with claim CLM-00010. 187 days, no updates, no communication. When is someone going to handle this?",NEGATIVE,0.2319,FOLLOW_UP,,CLM-00010
INT-000330,CUST-00129,PHONE,INBOUND,2025-07-12 08:30:00,139,CLAIM_STATUS,"Claim CLM-00010 has been open for 187 days. I've called multiple times, been transferred, promised callbacks that never happen. I'm at my wit's end.","Claim CLM-00010 has been open for 187 days. I've called multiple times, been transferred, promised callbacks that never happen. I'm at my wit's end.",NEGATIVE,0.1703,UNRESOLVED,,CLM-00010
INT-000331,CUST-00130,PHONE,INBOUND,2025-07-06 10:30:00,321,CLAIM_STATUS,"Claim CLM-00177 has been open for 318 days. I've called multiple times, been transferred, promised callbacks that never happen. I'm at my wit's end.","Claim CLM-00177 has been open for 318 days. I've called multiple times, been transferred, promised callbacks that never happen. I'm at my wit's end.",NEGATIVE,0.1744,ESCALATED,,CLM-00177
INT-000332,CUST-00130,WEB,INBOUND,2025-07-01 05:30:00,52,COVERAGE_REVIEW,,Web session: viewed coverage review page,,,,,
INT-000333,CUST-00131,PHONE,INBOUND,2025-06-25 06:30:00,275,BILLING_INQUIRY,"I've been trying to resolve a billing issue for POL-00193 for weeks. I keep getting different answers. My payment was 6,036 and now you say I owe more.","I've been trying to resolve a billing issue for POL-00193 for weeks. I keep getting different answers. My payment was 6,036 and now you say I owe...",NEGATIVE,0.3164,FOLLOW_UP,POL-00193,
INT-000334,CUST-00131,PHONE,INBOUND,2025-04-04 05:30:00,169,POLICY_CHANGE,I'd like information about adding umbrella coverage to my existing policies. What are my options?,I'd like information about adding umbrella coverage to my existing policies. What are my options?,NEUTRAL,0.5366,RESOLVED,POL-00193,
INT-000335,CUST-00132,PHONE,INBOUND,2025-07-04 06:30:00,590,PREMIUM_INQUIRY,"Hi, I just got my renewal for POL-00195 and the new premium of 26,065 caught me off guard. It was 22,912 before. Can you review my account?","Hi, I just got my renewal for POL-00195 and the new premium of 26,065 caught me off guard. It was 22,912 before. Can you review my account?",NEUTRAL,0.3958,FOLLOW_UP,POL-00195,
INT-000336,CUST-00132,PHONE,INBOUND,2025-07-10 04:30:00,570,COMPLAINT,"I need to talk to someone about my renewal for POL-00195. A 14 percent increase from 22,912 to 26,065 is unacceptable. I have no claims and nothing has changed. Why are my rates going up this much?","I need to talk to someone about my renewal for POL-00195. A 14 percent increase from 22,912 to 26,065 is unacceptable. I have no claims and nothing...",NEGATIVE,0.1806,ESCALATED,POL-00195,
INT-000337,CUST-00132,PHONE,INBOUND,2025-06-26 04:30:00,174,BILLING_INQUIRY,"Why is my account past due when I made a payment of 4,344 for POL-00195? I have the confirmation. Someone on your end messed up.","Why is my account past due when I made a payment of 4,344 for POL-00195? I have the confirmation. Someone on your end messed up.",NEGATIVE,0.1991,FOLLOW_UP,POL-00195,
INT-000338,CUST-00132,WEB,INBOUND,2025-06-17 04:30:00,581,RATE_COMPARISON,,Web session: viewed rate comparison page,,,,,
INT-000339,CUST-00133,PHONE,INBOUND,2025-04-16 04:30:00,224,COVERAGE_QUESTION,"Hello, I need to add a new vehicle. By the way, your claims team did an excellent job last time. Very smooth process.","Hello, I need to add a new vehicle. By the way, your claims team did an excellent job last time. Very smooth process.",POSITIVE,0.9051,RESOLVED,POL-00196,
INT-000340,CUST-00133,WEB,INBOUND,2025-07-08 21:30:00,480,POLICY_VIEW,,Web session: viewed policy view page,,,,,
INT-000341,CUST-00134,PHONE,INBOUND,2025-07-01 03:30:00,146,COVERAGE_QUESTION,I'm calling about bundling my policies. I have auto and I'm interested in home coverage. Very happy with the service so far.,I'm calling about bundling my policies. I have auto and I'm interested in home coverage. Very happy with the service so far.,POSITIVE,0.8391,RESOLVED,POL-00199,
INT-000342,CUST-00134,WEB,INBOUND,2025-06-18 04:30:00,30,COVERAGE_REVIEW,,Web session: viewed coverage review page,,,,,
INT-000343,CUST-00134,WEB,INBOUND,2025-06-03 05:30:00,547,ACCOUNT_LOGIN,,Web session: viewed account login page,,,,,
INT-000344,CUST-00135,PHONE,INBOUND,2025-06-11 07:30:00,204,ADDRESS_CHANGE,"Hello, I need to add a new vehicle. By the way, your claims team did an excellent job last time. Very smooth process.","Hello, I need to add a new vehicle. By the way, your claims team did an excellent job last time. Very smooth process.",POSITIVE,0.8737,RESOLVED,POL-00200,
INT-000345,CUST-00136,WEB,INBOUND,2025-06-04 04:30:00,365,RATE_COMPARISON,,Web session: viewed rate comparison page,,,,,
INT-000346,CUST-00136,EMAIL,INBOUND,2025-06-27 10:30:00,,POLICY_CHANGE,,Email inquiry about policy change,NEUTRAL,0.4614,FOLLOW_UP,POL-00202,
INT-000347,CUST-00137,WEB,INBOUND,2025-06-30 03:30:00,76,CLAIM_VIEW,,Web session: viewed claim view page,,,,,
INT-000348,CUST-00137,EMAIL,INBOUND,2025-06-28 10:30:00,,BILLING_INQUIRY,,Email inquiry about billing inquiry,NEGATIVE,0.318,RESOLVED,POL-00203,
INT-000349,CUST-00138,PHONE,INBOUND,2025-07-11 06:30:00,204,BILLING_INQUIRY,"I've been trying to resolve a billing issue for POL-00204 for weeks. I keep getting different answers. My payment was 11,711 and now you say I owe more.","I've been trying to resolve a billing issue for POL-00204 for weeks. I keep getting different answers. My payment was 11,711 and now you say I owe...",NEGATIVE,0.2221,RESOLVED,POL-00204,
INT-000350,CUST-00138,PHONE,INBOUND,2025-04-22 02:30:00,104,COVERAGE_QUESTION,I'm calling about bundling my policies. I have auto and I'm interested in home coverage. Very happy with the service so far.,I'm calling about bundling my policies. I have auto and I'm interested in home coverage. Very happy with the service so far.,POSITIVE,0.8486,RESOLVED,POL-00204,
INT-000351,CUST-00138,WEB,INBOUND,2025-07-10 00:30:00,285,BILLING_VIEW,,Web session: viewed billing view page,,,,,
INT-000352,CUST-00138,WEB,INBOUND,2025-06-11 00:30:00,280,POLICY_VIEW,,Web session: viewed policy view page,,,,,
INT-000353,CUST-00138,WEB,INBOUND,2025-05-26 23:30:00,83,BILLING_VIEW,,Web session: viewed billing view page,,,,,
INT-000354,CUST-00139,PHONE,INBOUND,2025-06-26 03:30:00,223,PREMIUM_INQUIRY,"Hello, I'm calling about my auto policy POL-00205. I received my renewal notice and the premium is going up from 24,000 to 29,025. That's about 21 percent more. I've been with you 0 years and I'd appreciate an explanation.","Hello, I'm calling about my auto policy POL-00205. I received my renewal notice and the premium is going up from 24,000 to 29,025. That's about 21...",NEUTRAL,0.422,FOLLOW_UP,POL-00205,
INT-000355,CUST-00139,PHONE,INBOUND,2025-07-04 03:30:00,252,COMPLAINT,"I need to talk to someone about my renewal for POL-00205. A 21 percent increase from 24,000 to 29,025 is unacceptable. I have no claims and nothing has changed. Why are my rates going up this much?","I need to talk to someone about my renewal for POL-00205. A 21 percent increase from 24,000 to 29,025 is unacceptable. I have no claims and nothing...",NEGATIVE,0.299,ESCALATED,POL-00205,
INT-000356,CUST-00139,PHONE,INBOUND,2025-07-10 05:30:00,223,CANCELLATION_REQUEST,"I want you to know I'm actively shopping. ShieldFirst Insurance quoted me 20,741 for the same auto coverage you want 29,025 for under POL-00205. That's 8,283 I'd save. After 0 years, you're making it easy to leave.","I want you to know I'm actively shopping. ShieldFirst Insurance quoted me 20,741 for the same auto coverage you want 29,025 for under POL-00205....",NEGATIVE,0.0681,UNRESOLVED,POL-00205,
INT-000357,CUST-00139,PHONE,INBOUND,2025-06-22 02:30:00,157,BILLING_INQUIRY,"Hi, I'm calling about a billing issue on policy POL-00205. I see a charge that doesn't match what I expected. Can you help?","Hi, I'm calling about a billing issue on policy POL-00205. I see a charge that doesn't match what I expected. Can you help?",NEUTRAL,0.4259,FOLLOW_UP,POL-00205,
INT-000358,CUST-00141,PHONE,INBOUND,2025-06-06 07:30:00,234,ADDRESS_CHANGE,I'm calling about bundling my policies. I have auto and I'm interested in home coverage. Very happy with the service so far.,I'm calling about bundling my policies. I have auto and I'm interested in home coverage. Very happy with the service so far.,POSITIVE,0.8634,RESOLVED,POL-00208,
INT-000359,CUST-00141,WEB,INBOUND,2025-06-28 04:30:00,416,RATE_COMPARISON,,Web session: viewed rate comparison page,,,,,
INT-000360,CUST-00143,PHONE,INBOUND,2025-06-28 10:30:00,142,BILLING_INQUIRY,"Hi, I'm calling about a billing issue on policy POL-00211. I see a charge that doesn't match what I expected. Can you help?","Hi, I'm calling about a billing issue on policy POL-00211. I see a charge that doesn't match what I expected. Can you help?",NEUTRAL,0.3722,FOLLOW_UP,POL-00211,
INT-000361,CUST-00143,WEB,INBOUND,2025-06-29 21:30:00,487,ACCOUNT_LOGIN,,Web session: viewed account login page,,,,,
INT-000362,CUST-00144,PHONE,INBOUND,2025-06-29 08:30:00,292,BILLING_INQUIRY,"Why is my account past due when I made a payment of 5,690 for POL-00212? I have the confirmation. Someone on your end messed up.","Why is my account past due when I made a payment of 5,690 for POL-00212? I have the confirmation. Someone on your end messed up.",NEGATIVE,0.2446,RESOLVED,POL-00212,
INT-000363,CUST-00145,PHONE,INBOUND,2025-06-26 02:30:00,246,BILLING_INQUIRY,"Why is my account past due when I made a payment of 3,564 for POL-00213? I have the confirmation. Someone on your end messed up.","Why is my account past due when I made a payment of 3,564 for POL-00213? I have the confirmation. Someone on your end messed up.",NEGATIVE,0.2775,FOLLOW_UP,POL-00213,
INT-000364,CUST-00145,PHONE,INBOUND,2025-03-24 05:30:00,121,ADDRESS_CHANGE,"Hello, calling to ask about my coverage limits. I want to make sure I have adequate protection. Can someone review my policy?","Hello, calling to ask about my coverage limits. I want to make sure I have adequate protection. Can someone review my policy?",NEUTRAL,0.5113,RESOLVED,POL-00213,
INT-000365,CUST-00146,PHONE,INBOUND,2025-06-14 03:30:00,181,GENERAL_INQUIRY,"Hello, calling to ask about my coverage limits. I want to make sure I have adequate protection. Can someone review my policy?","Hello, calling to ask about my coverage limits. I want to make sure I have adequate protection. Can someone review my policy?",NEUTRAL,0.5378,RESOLVED,POL-00214,
INT-000366,CUST-00146,WEB,INBOUND,2025-06-14 06:30:00,183,ACCOUNT_LOGIN,,Web session: viewed account login page,,,,,
INT-000367,CUST-00146,EMAIL,INBOUND,2025-06-14 10:30:00,,POLICY_CHANGE,,Email inquiry about policy change,NEGATIVE,0.3887,FOLLOW_UP,POL-00214,
INT-000368,CUST-00147,PHONE,INBOUND,2025-06-18 10:30:00,226,COVERAGE_QUESTION,"Hi, I need to update vehicle information on my auto policy. I recently purchased a new car and want the right coverage.","Hi, I need to update vehicle information on my auto policy. I recently purchased a new car and want the right coverage.",NEUTRAL,0.4576,RESOLVED,POL-00215,
INT-000369,CUST-00147,WEB,INBOUND,2025-07-10 22:30:00,77,ACCOUNT_LOGIN,,Web session: viewed account login page,,,,,
INT-000370,CUST-00148,PHONE,INBOUND,2025-07-01 08:30:00,211,BILLING_INQUIRY,I've been trying to resolve a billing issue for POL-00217 for weeks. I keep getting different answers. My payment was 851 and now you say I owe more.,I've been trying to resolve a billing issue for POL-00217 for weeks. I keep getting different answers. My payment was 851 and now you say I owe more.,NEGATIVE,0.2915,FOLLOW_UP,POL-00217,
INT-000371,CUST-00149,PHONE,INBOUND,2025-07-02 10:30:00,213,BILLING_INQUIRY,"Why is my account past due when I made a payment of 2,371 for POL-00220? I have the confirmation. Someone on your end messed up.","Why is my account past due when I made a payment of 2,371 for POL-00220? I have the confirmation. Someone on your end messed up.",NEGATIVE,0.2142,FOLLOW_UP,POL-00220,
INT-000372,CUST-00149,PHONE,INBOUND,2025-04-24 10:30:00,170,POLICY_CHANGE,"Hi, calling to update my address. Everything's been great with my coverage. The claim I had last year was handled beautifully.","Hi, calling to update my address. Everything's been great with my coverage. The claim I had last year was handled beautifully.",POSITIVE,0.9297,RESOLVED,POL-00218,
INT-000373,CUST-00149,EMAIL,INBOUND,2025-06-08 10:30:00,,GENERAL_INQUIRY,,Email inquiry about general inquiry,NEUTRAL,0.3175,RESOLVED,POL-00219,
INT-000374,CUST-00150,PHONE,INBOUND,2025-06-04 02:30:00,80,COVERAGE_QUESTION,"Hello, calling to ask about my coverage limits. I want to make sure I have adequate protection. Can someone review my policy?","Hello, calling to ask about my coverage limits. I want to make sure I have adequate protection. Can someone review my policy?",NEUTRAL,0.4578,RESOLVED,POL-00221,
INT-000375,CUST-00151,PHONE,INBOUND,2025-07-04 02:30:00,229,BILLING_INQUIRY,"Hello, I noticed my payment of 5,909 didn't go through for POL-00222. I want to make sure my coverage isn't affected.","Hello, I noticed my payment of 5,909 didn't go through for POL-00222. I want to make sure my coverage isn't affected.",NEUTRAL,0.4288,FOLLOW_UP,POL-00222,
INT-000376,CUST-00151,PHONE,INBOUND,2025-04-11 03:30:00,224,GENERAL_INQUIRY,"Hello, calling to ask about my coverage limits. I want to make sure I have adequate protection. Can someone review my policy?","Hello, calling to ask about my coverage limits. I want to make sure I have adequate protection. Can someone review my policy?",NEUTRAL,0.4949,RESOLVED,POL-00223,
INT-000377,CUST-00151,WEB,INBOUND,2025-06-26 23:30:00,451,BILLING_VIEW,,Web session: viewed billing view page,,,,,
INT-000378,CUST-00152,PHONE,INBOUND,2025-07-12 05:30:00,154,BILLING_INQUIRY,I've been trying to resolve a billing issue for POL-00225 for weeks. I keep getting different answers. My payment was 866 and now you say I owe more.,I've been trying to resolve a billing issue for POL-00225 for weeks. I keep getting different answers. My payment was 866 and now you say I owe more.,NEGATIVE,0.2791,FOLLOW_UP,POL-00225,
INT-000379,CUST-00152,WEB,INBOUND,2025-06-07 05:30:00,99,ACCOUNT_LOGIN,,Web session: viewed account login page,,,,,
INT-000380,CUST-00152,WEB,INBOUND,2025-06-26 23:30:00,268,POLICY_VIEW,,Web session: viewed policy view page,,,,,
INT-000381,CUST-00152,WEB,INBOUND,2025-05-31 07:30:00,214,ACCOUNT_LOGIN,,Web session: viewed account login page,,,,,
INT-000382,CUST-00153,PHONE,INBOUND,2025-07-01 08:30:00,398,CLAIM_STATUS,"Claim CLM-00067 has been open for 44 days. I've called multiple times, been transferred, promised callbacks that never happen. I'm at my wit's end.","Claim CLM-00067 has been open for 44 days. I've called multiple times, been transferred, promised callbacks that never happen. I'm at my wit's end.",NEGATIVE,0.1223,ESCALATED,,CLM-00067
INT-000383,CUST-00153,PHONE,INBOUND,2025-06-27 08:30:00,279,BILLING_INQUIRY,"Hello, I noticed my payment of 6,976 didn't go through for POL-00226. I want to make sure my coverage isn't affected.","Hello, I noticed my payment of 6,976 didn't go through for POL-00226. I want to make sure my coverage isn't affected.",NEUTRAL,0.3778,RESOLVED,POL-00226,
INT-000384,CUST-00153,EMAIL,INBOUND,2025-07-10 10:30:00,,BILLING_INQUIRY,,Email inquiry about billing inquiry,NEUTRAL,0.433,FOLLOW_UP,POL-00226,
INT-000385,CUST-00154,PHONE,INBOUND,2025-05-05 06:30:00,211,POLICY_CHANGE,"Hello, calling to ask about my coverage limits. I want to make sure I have adequate protection. Can someone review my policy?","Hello, calling to ask about my coverage limits. I want to make sure I have adequate protection. Can someone review my policy?",NEUTRAL,0.5368,RESOLVED,POL-00227,
INT-000386,CUST-00154,WEB,INBOUND,2025-05-28 02:30:00,297,CLAIM_VIEW,,Web session: viewed claim view page,,,,,
INT-000387,CUST-00155,WEB,INBOUND,2025-07-14 07:30:00,298,CLAIM_VIEW,,Web session: viewed claim view page,,,,,
INT-000388,CUST-00155,WEB,INBOUND,2025-06-26 09:30:00,200,ACCOUNT_LOGIN,,Web session: viewed account login page,,,,,
INT-000389,CUST-00156,PHONE,INBOUND,2025-07-04 04:30:00,197,ADDRESS_CHANGE,I'd like information about adding umbrella coverage to my existing policies. What are my options?,I'd like information about adding umbrella coverage to my existing policies. What are my options?,NEUTRAL,0.4726,RESOLVED,POL-00231,
INT-000390,CUST-00157,PHONE,INBOUND,2025-05-29 10:30:00,79,POLICY_CHANGE,"Hi, I need to update vehicle information on my auto policy. I recently purchased a new car and want the right coverage.","Hi, I need to update vehicle information on my auto policy. I recently purchased a new car and want the right coverage.",NEUTRAL,0.4704,RESOLVED,POL-00232,
INT-000391,CUST-00158,PHONE,INBOUND,2025-06-30 05:30:00,334,CLAIM_STATUS,"Hello, I'd like to check on claim CLM-00170. I filed it 350 days ago for liability and I'm wondering when to expect a resolution.","Hello, I'd like to check on claim CLM-00170. I filed it 350 days ago for liability and I'm wondering when to expect a resolution.",NEUTRAL,0.4401,FOLLOW_UP,,CLM-00170
INT-000392,CUST-00158,PHONE,INBOUND,2025-07-05 05:30:00,438,CLAIM_STATUS,This is my second call about claim CLM-00170. It's been 350 days with no resolution. Every time I call I get told it's under review. What's the holdup?,This is my second call about claim CLM-00170. It's been 350 days with no resolution. Every time I call I get told it's under review. What's the...,NEGATIVE,0.2289,FOLLOW_UP,,CLM-00170
INT-000393,CUST-00158,PHONE,INBOUND,2025-07-12 02:30:00,370,CLAIM_STATUS,"Claim CLM-00170 has been open for 350 days. I've called multiple times, been transferred, promised callbacks that never happen. I'm at my wit's end.","Claim CLM-00170 has been open for 350 days. I've called multiple times, been transferred, promised callbacks that never happen. I'm at my wit's end.",NEGATIVE,0.1438,ESCALATED,,CLM-00170
INT-000394,CUST-00158,PHONE,INBOUND,2025-06-15 09:30:00,338,CLAIM_STATUS,"I'm getting really frustrated with claim CLM-00169. 282 days, no updates, no communication. When is someone going to handle this?","I'm getting really frustrated with claim CLM-00169. 282 days, no updates, no communication. When is someone going to handle this?",NEGATIVE,0.3028,ESCALATED,,CLM-00169
INT-000395,CUST-00158,PHONE,INBOUND,2025-05-25 04:30:00,201,GENERAL_INQUIRY,I'd like information about adding umbrella coverage to my existing policies. What are my options?,I'd like information about adding umbrella coverage to my existing policies. What are my options?,NEUTRAL,0.5386,RESOLVED,POL-00234,
INT-000396,CUST-00158,WEB,INBOUND,2025-05-27 01:30:00,580,CLAIM_VIEW,,Web session: viewed claim view page,,,,,
INT-000397,CUST-00159,PHONE,INBOUND,2025-06-24 10:30:00,260,BILLING_INQUIRY,"Hi, I'm calling about a billing issue on policy POL-00235. I see a charge that doesn't match what I expected. Can you help?","Hi, I'm calling about a billing issue on policy POL-00235. I see a charge that doesn't match what I expected. Can you help?",NEUTRAL,0.3811,RESOLVED,POL-00235,
INT-000398,CUST-00159,WEB,INBOUND,2025-07-02 02:30:00,294,ACCOUNT_LOGIN,,Web session: viewed account login page,,,,,
INT-000399,CUST-00159,WEB,INBOUND,2025-05-20 04:30:00,160,POLICY_VIEW,,Web session: viewed policy view page,,,,,
INT-000400,CUST-00160,PHONE,INBOUND,2025-07-09 07:30:00,267,BILLING_INQUIRY,"Hello, I noticed my payment of 8,210 didn't go through for POL-00238. I want to make sure my coverage isn't affected.","Hello, I noticed my payment of 8,210 didn't go through for POL-00238. I want to make sure my coverage isn't affected.",NEUTRAL,0.4415,FOLLOW_UP,POL-00238,
INT-000401,CUST-00160,WEB,INBOUND,2025-05-21 10:30:00,134,COVERAGE_REVIEW,,Web session: viewed coverage review page,,,,,
INT-000402,CUST-00160,WEB,INBOUND,2025-07-03 09:30:00,188,RATE_COMPARISON,,Web session: viewed rate comparison page,,,,,
INT-000403,CUST-00160,WEB,INBOUND,2025-06-13 20:30:00,122,POLICY_VIEW,,Web session: viewed policy view page,,,,,
INT-000404,CUST-00161,PHONE,INBOUND,2025-06-02 05:30:00,224,GENERAL_INQUIRY,"Hi, I need to update vehicle information on my auto policy. I recently purchased a new car and want the right coverage.","Hi, I need to update vehicle information on my auto policy. I recently purchased a new car and want the right coverage.",NEUTRAL,0.4697,RESOLVED,POL-00239,
INT-000405,CUST-00161,EMAIL,INBOUND,2025-07-10 10:30:00,,POLICY_CHANGE,,Email inquiry about policy change,NEUTRAL,0.3097,RESOLVED,POL-00239,
INT-000406,CUST-00162,PHONE,INBOUND,2025-07-08 05:30:00,217,GENERAL_INQUIRY,"Hello, calling to ask about my coverage limits. I want to make sure I have adequate protection. Can someone review my policy?","Hello, calling to ask about my coverage limits. I want to make sure I have adequate protection. Can someone review my policy?",NEUTRAL,0.5033,RESOLVED,POL-00240,
INT-000407,CUST-00162,WEB,INBOUND,2025-06-25 00:30:00,357,COVERAGE_REVIEW,,Web session: viewed coverage review page,,,,,
INT-000408,CUST-00163,PHONE,INBOUND,2025-07-01 06:30:00,263,CLAIM_STATUS,This is my second call about claim CLM-00089. It's been 161 days with no resolution. Every time I call I get told it's under review. What's the holdup?,This is my second call about claim CLM-00089. It's been 161 days with no resolution. Every time I call I get told it's under review. What's the...,NEGATIVE,0.2849,ESCALATED,,CLM-00089
INT-000409,CUST-00163,PHONE,INBOUND,2025-07-07 05:30:00,156,BILLING_INQUIRY,"I've been trying to resolve a billing issue for POL-00241 for weeks. I keep getting different answers. My payment was 8,557 and now you say I owe more.","I've been trying to resolve a billing issue for POL-00241 for weeks. I keep getting different answers. My payment was 8,557 and now you say I owe...",NEGATIVE,0.2896,RESOLVED,POL-00241,
INT-000410,CUST-00164,PHONE,INBOUND,2025-07-09 09:30:00,284,BILLING_INQUIRY,"Hi, I'm calling about a billing issue on policy POL-00244. I see a charge that doesn't match what I expected. Can you help?","Hi, I'm calling about a billing issue on policy POL-00244. I see a charge that doesn't match what I expected. Can you help?",NEUTRAL,0.3523,FOLLOW_UP,POL-00244,
INT-000411,CUST-00165,WEB,INBOUND,2025-05-29 02:30:00,193,CANCELLATION_PAGE,,Web session: viewed cancellation page page,,,,,
INT-000412,CUST-00165,WEB,INBOUND,2025-06-02 06:30:00,156,ACCOUNT_LOGIN,,Web session: viewed account login page,,,,,
INT-000413,CUST-00166,PHONE,INBOUND,2025-05-30 08:30:00,223,COVERAGE_QUESTION,"Hi, calling to update my address. Everything's been great with my coverage. The claim I had last year was handled beautifully.","Hi, calling to update my address. Everything's been great with my coverage. The claim I had last year was handled beautifully.",POSITIVE,0.9031,RESOLVED,POL-00248,
INT-000414,CUST-00166,WEB,INBOUND,2025-06-19 21:30:00,420,CANCELLATION_PAGE,,Web session: viewed cancellation page page,,,,,
INT-000415,CUST-00167,PHONE,INBOUND,2025-07-14 07:30:00,62,GENERAL_INQUIRY,I'm calling about bundling my policies. I have auto and I'm interested in home coverage. Very happy with the service so far.,I'm calling about bundling my policies. I have auto and I'm interested in home coverage. Very happy with the service so far.,POSITIVE,0.8406,RESOLVED,POL-00250,
INT-000416,CUST-00168,PHONE,INBOUND,2025-07-08 08:30:00,132,BILLING_INQUIRY,"Why is my account past due when I made a payment of 6,621 for POL-00251? I have the confirmation. Someone on your end messed up.","Why is my account past due when I made a payment of 6,621 for POL-00251? I have the confirmation. Someone on your end messed up.",NEGATIVE,0.1981,FOLLOW_UP,POL-00251,
INT-000417,CUST-00168,EMAIL,INBOUND,2025-06-03 10:30:00,,GENERAL_INQUIRY,,Email inquiry about general inquiry,NEGATIVE,0.5282,FOLLOW_UP,POL-00252,
INT-000418,CUST-00169,PHONE,INBOUND,2025-07-06 08:30:00,151,BILLING_INQUIRY,"I've been trying to resolve a billing issue for POL-00254 for weeks. I keep getting different answers. My payment was 3,820 and now you say I owe more.","I've been trying to resolve a billing issue for POL-00254 for weeks. I keep getting different answers. My payment was 3,820 and now you say I owe...",NEGATIVE,0.2156,FOLLOW_UP,POL-00254,
INT-000419,CUST-00169,PHONE,INBOUND,2025-06-10 02:30:00,144,POLICY_CHANGE,"Hi, I need to update vehicle information on my auto policy. I recently purchased a new car and want the right coverage.","Hi, I need to update vehicle information on my auto policy. I recently purchased a new car and want the right coverage.",NEUTRAL,0.4795,RESOLVED,POL-00253,
INT-000420,CUST-00170,PHONE,INBOUND,2025-07-07 10:30:00,187,BILLING_INQUIRY,"Hello, I noticed my payment of 12,874 didn't go through for POL-00255. I want to make sure my coverage isn't affected.","Hello, I noticed my payment of 12,874 didn't go through for POL-00255. I want to make sure my coverage isn't affected.",NEUTRAL,0.4052,RESOLVED,POL-00255,
INT-000421,CUST-00170,PHONE,INBOUND,2025-04-19 10:30:00,162,ADDRESS_CHANGE,"Hello, calling to ask about my coverage limits. I want to make sure I have adequate protection. Can someone review my policy?","Hello, calling to ask about my coverage limits. I want to make sure I have adequate protection. Can someone review my policy?",NEUTRAL,0.5386,RESOLVED,POL-00256,
INT-000422,CUST-00170,EMAIL,INBOUND,2025-06-12 10:30:00,,GENERAL_INQUIRY,,Email inquiry about general inquiry,NEGATIVE,0.4089,FOLLOW_UP,POL-00255,
INT-000423,CUST-00171,PHONE,INBOUND,2025-05-20 02:30:00,94,ADDRESS_CHANGE,"Hello, calling to ask about my coverage limits. I want to make sure I have adequate protection. Can someone review my policy?","Hello, calling to ask about my coverage limits. I want to make sure I have adequate protection. Can someone review my policy?",NEUTRAL,0.5127,RESOLVED,POL-00257,
INT-000424,CUST-00171,WEB,INBOUND,2025-06-11 02:30:00,483,FAQ,,Web session: viewed faq page,,,,,
INT-000425,CUST-00172,PHONE,INBOUND,2025-07-05 10:30:00,112,POLICY_CHANGE,I'd like information about adding umbrella coverage to my existing policies. What are my options?,I'd like information about adding umbrella coverage to my existing policies. What are my options?,NEUTRAL,0.5483,RESOLVED,POL-00258,
INT-000426,CUST-00172,WEB,INBOUND,2025-07-05 20:30:00,53,FAQ,,Web session: viewed faq page,,,,,
INT-000427,CUST-00173,PHONE,INBOUND,2025-07-02 07:30:00,124,CLAIM_STATUS,"Hi, I'm calling about claim CLM-00141. It's been 432 days since I filed and I haven't heard much. Can you give me an update?","Hi, I'm calling about claim CLM-00141. It's been 432 days since I filed and I haven't heard much. Can you give me an update?",NEUTRAL,0.4056,FOLLOW_UP,,CLM-00141
INT-000428,CUST-00173,PHONE,INBOUND,2025-07-05 05:30:00,261,CLAIM_STATUS,"I'm getting really frustrated with claim CLM-00141. 432 days, no updates, no communication. When is someone going to handle this?","I'm getting really frustrated with claim CLM-00141. 432 days, no updates, no communication. When is someone going to handle this?",NEGATIVE,0.2963,FOLLOW_UP,,CLM-00141
INT-000429,CUST-00173,PHONE,INBOUND,2025-07-12 09:30:00,229,CLAIM_STATUS,I am extremely upset about claim CLM-00141. 432 days! I was not at fault and yet I'm suffering. No one returns my calls. This is completely unacceptable.,I am extremely upset about claim CLM-00141. 432 days! I was not at fault and yet I'm suffering. No one returns my calls. This is completely...,NEGATIVE,0.1554,ESCALATED,,CLM-00141
INT-000430,CUST-00173,WEB,INBOUND,2025-05-29 06:30:00,563,COVERAGE_REVIEW,,Web session: viewed coverage review page,,,,,
INT-000431,CUST-00173,WEB,INBOUND,2025-06-06 22:30:00,360,FAQ,,Web session: viewed faq page,,,,,
INT-000432,CUST-00174,PHONE,INBOUND,2025-06-24 10:30:00,186,BILLING_INQUIRY,"Hello, I noticed my payment of 8,482 didn't go through for POL-00261. I want to make sure my coverage isn't affected.","Hello, I noticed my payment of 8,482 didn't go through for POL-00261. I want to make sure my coverage isn't affected.",NEUTRAL,0.3808,RESOLVED,POL-00261,
INT-000433,CUST-00174,WEB,INBOUND,2025-06-30 06:30:00,275,BILLING_VIEW,,Web session: viewed billing view page,,,,,
INT-000434,CUST-00174,WEB,INBOUND,2025-06-07 05:30:00,448,FAQ,,Web session: viewed faq page,,,,,
INT-000435,CUST-00174,WEB,INBOUND,2025-06-14 07:30:00,369,CANCELLATION_PAGE,,Web session: viewed cancellation page page,,,,,
INT-000436,CUST-00175,PHONE,INBOUND,2025-05-10 02:30:00,192,ADDRESS_CHANGE,"Hello, calling to ask about my coverage limits. I want to make sure I have adequate protection. Can someone review my policy?","Hello, calling to ask about my coverage limits. I want to make sure I have adequate protection. Can someone review my policy?",NEUTRAL,0.4508,RESOLVED,POL-00263,
INT-000437,CUST-00175,WEB,INBOUND,2025-06-17 21:30:00,419,COVERAGE_REVIEW,,Web session: viewed coverage review page,,,,,
INT-000438,CUST-00175,WEB,INBOUND,2025-05-31 00:30:00,200,ACCOUNT_LOGIN,,Web session: viewed account login page,,,,,
INT-000439,CUST-00176,WEB,INBOUND,2025-06-02 08:30:00,192,FAQ,,Web session: viewed faq page,,,,,
INT-000440,CUST-00177,PHONE,INBOUND,2025-07-09 04:30:00,159,BILLING_INQUIRY,"Hi, I'm calling about a billing issue on policy POL-00265. I see a charge that doesn't match what I expected. Can you help?","Hi, I'm calling about a billing issue on policy POL-00265. I see a charge that doesn't match what I expected. Can you help?",NEUTRAL,0.426,RESOLVED,POL-00265,
INT-000441,CUST-00177,PHONE,INBOUND,2025-04-22 03:30:00,197,ADDRESS_CHANGE,"Hi, calling to update my address. Everything's been great with my coverage. The claim I had last year was handled beautifully.","Hi, calling to update my address. Everything's been great with my coverage. The claim I had last year was handled beautifully.",POSITIVE,0.8655,RESOLVED,POL-00266,
INT-000442,CUST-00177,WEB,INBOUND,2025-06-04 03:30:00,438,RATE_COMPARISON,,Web session: viewed rate comparison page,,,,,
INT-000443,CUST-00177,WEB,INBOUND,2025-06-27 05:30:00,254,COVERAGE_REVIEW,,Web session: viewed coverage review page,,,,,
INT-000444,CUST-00177,WEB,INBOUND,2025-06-14 06:30:00,363,COVERAGE_REVIEW,,Web session: viewed coverage review page,,,,,
INT-000445,CUST-00178,PHONE,INBOUND,2025-07-04 05:30:00,182,POLICY_CHANGE,"Hi, calling to update my address. Everything's been great with my coverage. The claim I had last year was handled beautifully.","Hi, calling to update my address. Everything's been great with my coverage. The claim I had last year was handled beautifully.",POSITIVE,0.8347,RESOLVED,POL-00268,
INT-000446,CUST-00178,WEB,INBOUND,2025-05-30 05:30:00,192,RATE_COMPARISON,,Web session: viewed rate comparison page,,,,,
INT-000447,CUST-00179,PHONE,INBOUND,2025-06-28 09:30:00,142,BILLING_INQUIRY,"Why is my account past due when I made a payment of 1,932 for POL-00270? I have the confirmation. Someone on your end messed up.","Why is my account past due when I made a payment of 1,932 for POL-00270? I have the confirmation. Someone on your end messed up.",NEGATIVE,0.2552,FOLLOW_UP,POL-00270,
INT-000448,CUST-00179,WEB,INBOUND,2025-06-26 02:30:00,190,CLAIM_VIEW,,Web session: viewed claim view page,,,,,
INT-000449,CUST-00179,WEB,INBOUND,2025-06-17 03:30:00,153,CLAIM_VIEW,,Web session: viewed claim view page,,,,,
INT-000450,CUST-00180,WEB,INBOUND,2025-06-05 03:30:00,372,BILLING_VIEW,,Web session: viewed billing view page,,,,,
INT-000451,CUST-00180,WEB,INBOUND,2025-06-30 06:30:00,394,CANCELLATION_PAGE,,Web session: viewed cancellation page page,,,,,
INT-000452,CUST-00181,PHONE,INBOUND,2025-04-27 02:30:00,163,GENERAL_INQUIRY,I'd like information about adding umbrella coverage to my existing policies. What are my options?,I'd like information about adding umbrella coverage to my existing policies. What are my options?,NEUTRAL,0.4936,RESOLVED,POL-00273,
INT-000453,CUST-00181,WEB,INBOUND,2025-06-28 20:30:00,81,COVERAGE_REVIEW,,Web session: viewed coverage review page,,,,,
INT-000454,CUST-00182,PHONE,INBOUND,2025-07-07 07:30:00,148,BILLING_INQUIRY,"Hello, I noticed my payment of 11,167 didn't go through for POL-00275. I want to make sure my coverage isn't affected.","Hello, I noticed my payment of 11,167 didn't go through for POL-00275. I want to make sure my coverage isn't affected.",NEUTRAL,0.4236,RESOLVED,POL-00275,
INT-000455,CUST-00182,WEB,INBOUND,2025-07-08 22:30:00,516,COVERAGE_REVIEW,,Web session: viewed coverage review page,,,,,
INT-000456,CUST-00182,WEB,INBOUND,2025-06-03 00:30:00,317,POLICY_VIEW,,Web session: viewed policy view page,,,,,
INT-000457,CUST-00182,EMAIL,INBOUND,2025-06-11 10:30:00,,POLICY_CHANGE,,Email inquiry about policy change,NEUTRAL,0.3763,RESOLVED,POL-00275,
INT-000458,CUST-00183,PHONE,INBOUND,2025-06-24 10:30:00,231,BILLING_INQUIRY,"Why is my account past due when I made a payment of 8,581 for POL-00276? I have the confirmation. Someone on your end messed up.","Why is my account past due when I made a payment of 8,581 for POL-00276? I have the confirmation. Someone on your end messed up.",NEGATIVE,0.2575,FOLLOW_UP,POL-00276,
INT-000459,CUST-00183,WEB,INBOUND,2025-05-24 00:30:00,64,FAQ,,Web session: viewed faq page,,,,,
INT-000460,CUST-00183,WEB,INBOUND,2025-06-27 10:30:00,231,COVERAGE_REVIEW,,Web session: viewed coverage review page,,,,,
INT-000461,CUST-00183,WEB,INBOUND,2025-05-17 06:30:00,103,RATE_COMPARISON,,Web session: viewed rate comparison page,,,,,
INT-000462,CUST-00184,PHONE,INBOUND,2025-05-08 03:30:00,162,ADDRESS_CHANGE,"Hello, I need to add a new vehicle. By the way, your claims team did an excellent job last time. Very smooth process.","Hello, I need to add a new vehicle. By the way, your claims team did an excellent job last time. Very smooth process.",POSITIVE,0.9122,RESOLVED,POL-00278,
INT-000463,CUST-00185,PHONE,INBOUND,2025-07-12 04:30:00,182,BILLING_INQUIRY,"Why is my account past due when I made a payment of 11,126 for POL-00279? I have the confirmation. Someone on your end messed up.","Why is my account past due when I made a payment of 11,126 for POL-00279? I have the confirmation. Someone on your end messed up.",NEGATIVE,0.2384,FOLLOW_UP,POL-00279,
INT-000464,CUST-00186,PHONE,INBOUND,2025-07-01 06:30:00,204,PREMIUM_INQUIRY,"Hello, I'm calling about my auto policy POL-00281. I received my renewal notice and the premium is going up from 22,891 to 25,369. That's about 11 percent more. I've been with you 3 years and I'd appreciate an explanation.","Hello, I'm calling about my auto policy POL-00281. I received my renewal notice and the premium is going up from 22,891 to 25,369. That's about 11...",NEUTRAL,0.3996,FOLLOW_UP,POL-00281,
INT-000465,CUST-00186,PHONE,INBOUND,2025-07-10 09:30:00,536,COMPLAINT,"I need to talk to someone about my renewal for POL-00281. A 11 percent increase from 22,891 to 25,369 is unacceptable. I have no claims and nothing has changed. Why are my rates going up this much?","I need to talk to someone about my renewal for POL-00281. A 11 percent increase from 22,891 to 25,369 is unacceptable. I have no claims and nothing...",NEGATIVE,0.2353,ESCALATED,POL-00281,
INT-000466,CUST-00187,WEB,INBOUND,2025-06-22 04:30:00,187,BILLING_VIEW,,Web session: viewed billing view page,,,,,
INT-000467,CUST-00187,WEB,INBOUND,2025-05-24 02:30:00,73,CLAIM_VIEW,,Web session: viewed claim view page,,,,,
INT-000468,CUST-00188,PHONE,INBOUND,2025-05-04 03:30:00,122,POLICY_CHANGE,"Hello, calling to ask about my coverage limits. I want to make sure I have adequate protection. Can someone review my policy?","Hello, calling to ask about my coverage limits. I want to make sure I have adequate protection. Can someone review my policy?",NEUTRAL,0.5223,RESOLVED,POL-00283,
INT-000469,CUST-00188,WEB,INBOUND,2025-05-20 05:30:00,121,RATE_COMPARISON,,Web session: viewed rate comparison page,,,,,
INT-000470,CUST-00189,PHONE,INBOUND,2025-05-25 06:30:00,182,ADDRESS_CHANGE,"Hello, calling to ask about my coverage limits. I want to make sure I have adequate protection. Can someone review my policy?","Hello, calling to ask about my coverage limits. I want to make sure I have adequate protection. Can someone review my policy?",NEUTRAL,0.4718,RESOLVED,POL-00284,
INT-000471,CUST-00189,WEB,INBOUND,2025-07-14 03:30:00,52,RATE_COMPARISON,,Web session: viewed rate comparison page,,,,,
INT-000472,CUST-00189,WEB,INBOUND,2025-05-22 03:30:00,114,COVERAGE_REVIEW,,Web session: viewed coverage review page,,,,,
INT-000473,CUST-00190,PHONE,INBOUND,2025-07-04 06:30:00,371,PREMIUM_INQUIRY,"Hello, I'm calling about my auto policy POL-00285. I received my renewal notice and the premium is going up from 32,074 to 36,141. That's about 13 percent more. I've been with you 2 years and I'd appreciate an explanation.","Hello, I'm calling about my auto policy POL-00285. I received my renewal notice and the premium is going up from 32,074 to 36,141. That's about 13...",NEUTRAL,0.3956,FOLLOW_UP,POL-00285,
INT-000474,CUST-00190,PHONE,INBOUND,2025-07-10 09:30:00,526,COMPLAINT,"I need to talk to someone about my renewal for POL-00285. A 13 percent increase from 32,074 to 36,141 is unacceptable. I have no claims and nothing has changed. Why are my rates going up this much?","I need to talk to someone about my renewal for POL-00285. A 13 percent increase from 32,074 to 36,141 is unacceptable. I have no claims and nothing...",NEGATIVE,0.2014,ESCALATED,POL-00285,
INT-000475,CUST-00190,WEB,INBOUND,2025-06-05 22:30:00,240,CLAIM_VIEW,,Web session: viewed claim view page,,,,,
INT-000476,CUST-00190,WEB,INBOUND,2025-06-01 09:30:00,312,RATE_COMPARISON,,Web session: viewed rate comparison page,,,,,
INT-000477,CUST-00191,PHONE,INBOUND,2025-04-21 06:30:00,206,ADDRESS_CHANGE,I'm calling about bundling my policies. I have auto and I'm interested in home coverage. Very happy with the service so far.,I'm calling about bundling my policies. I have auto and I'm interested in home coverage. Very happy with the service so far.,POSITIVE,0.9171,RESOLVED,POL-00287,
INT-000478,CUST-00191,WEB,INBOUND,2025-06-17 05:30:00,356,CLAIM_VIEW,,Web session: viewed claim view page,,,,,
INT-000479,CUST-00192,PHONE,INBOUND,2025-06-30 03:30:00,257,CLAIM_STATUS,"Claim CLM-00144 has been open for 179 days. I've called multiple times, been transferred, promised callbacks that never happen. I'm at my wit's end.","Claim CLM-00144 has been open for 179 days. I've called multiple times, been transferred, promised callbacks that never happen. I'm at my wit's end.",NEGATIVE,0.0819,ESCALATED,,CLM-00144
INT-000480,CUST-00192,PHONE,INBOUND,2025-07-03 09:30:00,230,BILLING_INQUIRY,"I've been trying to resolve a billing issue for POL-00289 for weeks. I keep getting different answers. My payment was 5,639 and now you say I owe more.","I've been trying to resolve a billing issue for POL-00289 for weeks. I keep getting different answers. My payment was 5,639 and now you say I owe...",NEGATIVE,0.2694,RESOLVED,POL-00289,
INT-000481,CUST-00193,PHONE,INBOUND,2025-06-24 10:30:00,276,BILLING_INQUIRY,"Hi, I'm calling about a billing issue on policy POL-00290. I see a charge that doesn't match what I expected. Can you help?","Hi, I'm calling about a billing issue on policy POL-00290. I see a charge that doesn't match what I expected. Can you help?",NEUTRAL,0.4226,FOLLOW_UP,POL-00290,
INT-000482,CUST-00193,WEB,INBOUND,2025-05-31 07:30:00,145,POLICY_VIEW,,Web session: viewed policy view page,,,,,
INT-000483,CUST-00194,PHONE,INBOUND,2025-04-21 09:30:00,72,GENERAL_INQUIRY,"Hello, calling to ask about my coverage limits. I want to make sure I have adequate protection. Can someone review my policy?","Hello, calling to ask about my coverage limits. I want to make sure I have adequate protection. Can someone review my policy?",NEUTRAL,0.4625,RESOLVED,POL-00291,
INT-000484,CUST-00194,WEB,INBOUND,2025-06-03 06:30:00,264,BILLING_VIEW,,Web session: viewed billing view page,,,,,
INT-000485,CUST-00194,WEB,INBOUND,2025-05-26 06:30:00,299,CANCELLATION_PAGE,,Web session: viewed cancellation page page,,,,,
INT-000486,CUST-00194,WEB,INBOUND,2025-06-29 00:30:00,298,ACCOUNT_LOGIN,,Web session: viewed account login page,,,,,
INT-000487,CUST-00195,PHONE,INBOUND,2025-05-11 06:30:00,146,COVERAGE_QUESTION,"Hello, I need to add a new vehicle. By the way, your claims team did an excellent job last time. Very smooth process.","Hello, I need to add a new vehicle. By the way, your claims team did an excellent job last time. Very smooth process.",POSITIVE,0.9414,RESOLVED,POL-00294,
INT-000488,CUST-00196,PHONE,INBOUND,2025-04-22 07:30:00,155,ADDRESS_CHANGE,"Hello, calling to ask about my coverage limits. I want to make sure I have adequate protection. Can someone review my policy?","Hello, calling to ask about my coverage limits. I want to make sure I have adequate protection. Can someone review my policy?",NEUTRAL,0.4595,RESOLVED,POL-00295,
INT-000489,CUST-00196,WEB,INBOUND,2025-06-24 08:30:00,178,POLICY_VIEW,,Web session: viewed policy view page,,,,,
INT-000490,CUST-00197,EMAIL,INBOUND,2025-06-01 10:30:00,,GENERAL_INQUIRY,,Email inquiry about general inquiry,NEGATIVE,0.4215,FOLLOW_UP,POL-00297,
INT-000491,CUST-00198,PHONE,INBOUND,2025-06-25 09:30:00,195,GENERAL_INQUIRY,I'm calling about bundling my policies. I have auto and I'm interested in home coverage. Very happy with the service so far.,I'm calling about bundling my policies. I have auto and I'm interested in home coverage. Very happy with the service so far.,POSITIVE,0.8613,RESOLVED,POL-00298,
INT-000492,CUST-00198,WEB,INBOUND,2025-06-18 08:30:00,339,POLICY_VIEW,,Web session: viewed policy view page,,,,,
INT-000493,CUST-00198,WEB,INBOUND,2025-06-16 10:30:00,506,CLAIM_VIEW,,Web session: viewed claim view page,,,,,
INT-000494,CUST-00198,EMAIL,INBOUND,2025-06-19 10:30:00,,GENERAL_INQUIRY,,Email inquiry about general inquiry,NEGATIVE,0.4584,RESOLVED,POL-00298,
INT-000495,CUST-00199,WEB,INBOUND,2025-06-07 03:30:00,281,COVERAGE_REVIEW,,Web session: viewed coverage review page,,,,,
INT-000496,CUST-00200,PHONE,INBOUND,2025-07-09 03:30:00,192,ADDRESS_CHANGE,I'd like information about adding umbrella coverage to my existing policies. What are my options?,I'd like information about adding umbrella coverage to my existing policies. What are my options?,NEUTRAL,0.4819,RESOLVED,POL-00300,
INT-000497,CUST-00200,WEB,INBOUND,2025-06-20 23:30:00,67,COVERAGE_REVIEW,,Web session: viewed coverage review page,,,,,
INT-000498,CUST-00200,WEB,INBOUND,2025-07-07 03:30:00,427,ACCOUNT_LOGIN,,Web session: viewed account login page,,,,,
INT-000499,CUST-00200,WEB,INBOUND,2025-07-08 10:30:00,386,ACCOUNT_LOGIN,,Web session: viewed account login page,,,,,
INT-000500,CUST-00201,PHONE,INBOUND,2025-07-02 02:30:00,344,CLAIM_STATUS,"Hi, I'm calling about claim CLM-00110. It's been 126 days since I filed and I haven't heard much. Can you give me an update?","Hi, I'm calling about claim CLM-00110. It's been 126 days since I filed and I haven't heard much. Can you give me an update?",NEUTRAL,0.4258,FOLLOW_UP,,CLM-00110
INT-000501,CUST-00201,PHONE,INBOUND,2025-07-07 05:30:00,450,CLAIM_STATUS,"I'm getting really frustrated with claim CLM-00110. 126 days, no updates, no communication. When is someone going to handle this?","I'm getting really frustrated with claim CLM-00110. 126 days, no updates, no communication. When is someone going to handle this?",NEGATIVE,0.2444,FOLLOW_UP,,CLM-00110
INT-000502,CUST-00201,PHONE,INBOUND,2025-07-12 05:30:00,478,CLAIM_STATUS,I am extremely upset about claim CLM-00110. 126 days! I was not at fault and yet I'm suffering. No one returns my calls. This is completely unacceptable.,I am extremely upset about claim CLM-00110. 126 days! I was not at fault and yet I'm suffering. No one returns my calls. This is completely...,NEGATIVE,0.1289,UNRESOLVED,,CLM-00110
INT-000503,CUST-00201,WEB,INBOUND,2025-06-18 20:30:00,142,CANCELLATION_PAGE,,Web session: viewed cancellation page page,,,,,
INT-000504,CUST-00202,PHONE,INBOUND,2025-05-19 05:30:00,162,COVERAGE_QUESTION,I'm calling about bundling my policies. I have auto and I'm interested in home coverage. Very happy with the service so far.,I'm calling about bundling my policies. I have auto and I'm interested in home coverage. Very happy with the service so far.,POSITIVE,0.8825,RESOLVED,POL-00304,
INT-000505,CUST-00202,WEB,INBOUND,2025-05-25 04:30:00,275,BILLING_VIEW,,Web session: viewed billing view page,,,,,
INT-000506,CUST-00202,WEB,INBOUND,2025-06-20 20:30:00,394,COVERAGE_REVIEW,,Web session: viewed coverage review page,,,,,
INT-000507,CUST-00202,WEB,INBOUND,2025-05-30 02:30:00,76,RATE_COMPARISON,,Web session: viewed rate comparison page,,,,,
INT-000508,CUST-00203,PHONE,INBOUND,2025-07-04 05:30:00,114,ADDRESS_CHANGE,I'm calling about bundling my policies. I have auto and I'm interested in home coverage. Very happy with the service so far.,I'm calling about bundling my policies. I have auto and I'm interested in home coverage. Very happy with the service so far.,POSITIVE,0.8807,RESOLVED,POL-00305,
INT-000509,CUST-00203,WEB,INBOUND,2025-05-27 07:30:00,106,CANCELLATION_PAGE,,Web session: viewed cancellation page page,,,,,
INT-000510,CUST-00203,WEB,INBOUND,2025-06-27 07:30:00,509,ACCOUNT_LOGIN,,Web session: viewed account login page,,,,,
INT-000511,CUST-00204,PHONE,INBOUND,2025-05-20 05:30:00,163,POLICY_CHANGE,I'd like information about adding umbrella coverage to my existing policies. What are my options?,I'd like information about adding umbrella coverage to my existing policies. What are my options?,NEUTRAL,0.481,RESOLVED,POL-00307,
INT-000512,CUST-00204,WEB,INBOUND,2025-05-25 23:30:00,482,RATE_COMPARISON,,Web session: viewed rate comparison page,,,,,
INT-000513,CUST-00205,WEB,INBOUND,2025-06-27 02:30:00,230,FAQ,,Web session: viewed faq page,,,,,
INT-000514,CUST-00205,WEB,INBOUND,2025-05-29 22:30:00,41,FAQ,,Web session: viewed faq page,,,,,
INT-000515,CUST-00205,WEB,INBOUND,2025-06-02 10:30:00,263,FAQ,,Web session: viewed faq page,,,,,
INT-000516,CUST-00206,WEB,INBOUND,2025-06-21 02:30:00,429,COVERAGE_REVIEW,,Web session: viewed coverage review page,,,,,
INT-000517,CUST-00207,PHONE,INBOUND,2025-06-21 03:30:00,180,BILLING_INQUIRY,"Hello, I noticed my payment of 9,152 didn't go through for POL-00310. I want to make sure my coverage isn't affected.","Hello, I noticed my payment of 9,152 didn't go through for POL-00310. I want to make sure my coverage isn't affected.",NEUTRAL,0.3681,FOLLOW_UP,POL-00310,
INT-000518,CUST-00207,WEB,INBOUND,2025-06-27 23:30:00,99,COVERAGE_REVIEW,,Web session: viewed coverage review page,,,,,
INT-000519,CUST-00207,WEB,INBOUND,2025-07-04 20:30:00,565,RATE_COMPARISON,,Web session: viewed rate comparison page,,,,,
INT-000520,CUST-00208,PHONE,INBOUND,2025-06-24 08:30:00,184,CLAIM_STATUS,"Hi, I'm calling about claim CLM-00062. It's been 172 days since I filed and I haven't heard much. Can you give me an update?","Hi, I'm calling about claim CLM-00062. It's been 172 days since I filed and I haven't heard much. Can you give me an update?",NEUTRAL,0.3588,FOLLOW_UP,,CLM-00062
INT-000521,CUST-00208,PHONE,INBOUND,2025-07-06 05:30:00,205,CLAIM_STATUS,This is my second call about claim CLM-00062. It's been 172 days with no resolution. Every time I call I get told it's under review. What's the holdup?,This is my second call about claim CLM-00062. It's been 172 days with no resolution. Every time I call I get told it's under review. What's the...,NEGATIVE,0.2915,FOLLOW_UP,,CLM-00062
INT-000522,CUST-00208,PHONE,INBOUND,2025-07-12 06:30:00,285,CLAIM_STATUS,"Claim CLM-00062 has been open for 172 days. I've called multiple times, been transferred, promised callbacks that never happen. I'm at my wit's end.","Claim CLM-00062 has been open for 172 days. I've called multiple times, been transferred, promised callbacks that never happen. I'm at my wit's end.",NEGATIVE,0.1427,ESCALATED,,CLM-00062
INT-000523,CUST-00208,PHONE,INBOUND,2025-07-09 04:30:00,284,BILLING_INQUIRY,"Hello, I noticed my payment of 4,605 didn't go through for POL-00311. I want to make sure my coverage isn't affected.","Hello, I noticed my payment of 4,605 didn't go through for POL-00311. I want to make sure my coverage isn't affected.",NEUTRAL,0.3583,FOLLOW_UP,POL-00311,
INT-000524,CUST-00208,WEB,INBOUND,2025-05-27 05:30:00,300,RATE_COMPARISON,,Web session: viewed rate comparison page,,,,,
INT-000525,CUST-00208,WEB,INBOUND,2025-06-04 00:30:00,411,BILLING_VIEW,,Web session: viewed billing view page,,,,,
INT-000526,CUST-00208,WEB,INBOUND,2025-05-31 07:30:00,354,CLAIM_VIEW,,Web session: viewed claim view page,,,,,
INT-000527,CUST-00209,EMAIL,INBOUND,2025-05-31 10:30:00,,GENERAL_INQUIRY,,Email inquiry about general inquiry,NEGATIVE,0.3213,FOLLOW_UP,POL-00313,
INT-000528,CUST-00210,PHONE,INBOUND,2025-06-30 06:30:00,193,CLAIM_STATUS,"Hi, I'm calling about claim CLM-00015. It's been 55 days since I filed and I haven't heard much. Can you give me an update?","Hi, I'm calling about claim CLM-00015. It's been 55 days since I filed and I haven't heard much. Can you give me an update?",NEUTRAL,0.4187,FOLLOW_UP,,CLM-00015
INT-000529,CUST-00210,PHONE,INBOUND,2025-07-07 04:30:00,451,CLAIM_STATUS,This is my second call about claim CLM-00015. It's been 55 days with no resolution. Every time I call I get told it's under review. What's the holdup?,This is my second call about claim CLM-00015. It's been 55 days with no resolution. Every time I call I get told it's under review. What's the holdup?,NEGATIVE,0.2574,FOLLOW_UP,,CLM-00015
INT-000530,CUST-00210,PHONE,INBOUND,2025-07-12 08:30:00,347,CLAIM_STATUS,I am extremely upset about claim CLM-00015. 55 days! I was not at fault and yet I'm suffering. No one returns my calls. This is completely unacceptable.,I am extremely upset about claim CLM-00015. 55 days! I was not at fault and yet I'm suffering. No one returns my calls. This is completely...,NEGATIVE,0.149,ESCALATED,,CLM-00015
INT-000531,CUST-00210,PHONE,INBOUND,2025-06-25 08:30:00,247,BILLING_INQUIRY,"Why is my account past due when I made a payment of 8,759 for POL-00314? I have the confirmation. Someone on your end messed up.","Why is my account past due when I made a payment of 8,759 for POL-00314? I have the confirmation. Someone on your end messed up.",NEGATIVE,0.2892,FOLLOW_UP,POL-00314,
INT-000532,CUST-00210,EMAIL,INBOUND,2025-06-02 10:30:00,,GENERAL_INQUIRY,,Email inquiry about general inquiry,NEUTRAL,0.3496,FOLLOW_UP,POL-00315,
INT-000533,CUST-00211,PHONE,INBOUND,2025-07-02 03:30:00,346,CLAIM_STATUS,"Hi, I'm calling about claim CLM-00125. It's been 63 days since I filed and I haven't heard much. Can you give me an update?","Hi, I'm calling about claim CLM-00125. It's been 63 days since I filed and I haven't heard much. Can you give me an update?",NEUTRAL,0.3611,FOLLOW_UP,,CLM-00125
INT-000534,CUST-00211,PHONE,INBOUND,2025-07-06 10:30:00,125,CLAIM_STATUS,This is my second call about claim CLM-00125. It's been 63 days with no resolution. Every time I call I get told it's under review. What's the holdup?,This is my second call about claim CLM-00125. It's been 63 days with no resolution. Every time I call I get told it's under review. What's the holdup?,NEGATIVE,0.3076,FOLLOW_UP,,CLM-00125
INT-000535,CUST-00211,PHONE,INBOUND,2025-07-12 10:30:00,269,CLAIM_STATUS,I am extremely upset about claim CLM-00125. 63 days! I was not at fault and yet I'm suffering. No one returns my calls. This is completely unacceptable.,I am extremely upset about claim CLM-00125. 63 days! I was not at fault and yet I'm suffering. No one returns my calls. This is completely...,NEGATIVE,0.1308,UNRESOLVED,,CLM-00125
INT-000536,CUST-00211,WEB,INBOUND,2025-06-02 00:30:00,141,RATE_COMPARISON,,Web session: viewed rate comparison page,,,,,
INT-000537,CUST-00211,WEB,INBOUND,2025-06-10 07:30:00,416,COVERAGE_REVIEW,,Web session: viewed coverage review page,,,,,
INT-000538,CUST-00211,WEB,INBOUND,2025-07-04 23:30:00,32,CANCELLATION_PAGE,,Web session: viewed cancellation page page,,,,,
INT-000539,CUST-00212,WEB,INBOUND,2025-07-10 00:30:00,126,BILLING_VIEW,,Web session: viewed billing view page,,,,,
INT-000540,CUST-00213,PHONE,INBOUND,2025-07-01 07:30:00,188,ADDRESS_CHANGE,I'd like information about adding umbrella coverage to my existing policies. What are my options?,I'd like information about adding umbrella coverage to my existing policies. What are my options?,NEUTRAL,0.4549,RESOLVED,POL-00318,
INT-000541,CUST-00215,PHONE,INBOUND,2025-06-29 04:30:00,196,BILLING_INQUIRY,"Why is my account past due when I made a payment of 9,175 for POL-00320? I have the confirmation. Someone on your end messed up.","Why is my account past due when I made a payment of 9,175 for POL-00320? I have the confirmation. Someone on your end messed up.",NEGATIVE,0.2159,FOLLOW_UP,POL-00320,
INT-000542,CUST-00215,PHONE,INBOUND,2025-03-30 06:30:00,234,POLICY_CHANGE,"Hello, I need to add a new vehicle. By the way, your claims team did an excellent job last time. Very smooth process.","Hello, I need to add a new vehicle. By the way, your claims team did an excellent job last time. Very smooth process.",POSITIVE,0.8056,RESOLVED,POL-00320,
INT-000543,CUST-00215,WEB,INBOUND,2025-06-08 10:30:00,528,FAQ,,Web session: viewed faq page,,,,,
INT-000544,CUST-00215,WEB,INBOUND,2025-06-03 10:30:00,163,POLICY_VIEW,,Web session: viewed policy view page,,,,,
INT-000545,CUST-00217,PHONE,INBOUND,2025-05-04 07:30:00,206,ADDRESS_CHANGE,"Hi, calling to update my address. Everything's been great with my coverage. The claim I had last year was handled beautifully.","Hi, calling to update my address. Everything's been great with my coverage. The claim I had last year was handled beautifully.",POSITIVE,0.8828,RESOLVED,POL-00323,
INT-000546,CUST-00218,PHONE,INBOUND,2025-06-24 05:30:00,125,CLAIM_STATUS,"Hello, I'd like to check on claim CLM-00117. I filed it 61 days ago for theft and I'm wondering when to expect a resolution.","Hello, I'd like to check on claim CLM-00117. I filed it 61 days ago for theft and I'm wondering when to expect a resolution.",NEUTRAL,0.3965,FOLLOW_UP,,CLM-00117
INT-000547,CUST-00218,PHONE,INBOUND,2025-07-04 08:30:00,290,CLAIM_STATUS,"I'm getting really frustrated with claim CLM-00117. 61 days, no updates, no communication. When is someone going to handle this?","I'm getting really frustrated with claim CLM-00117. 61 days, no updates, no communication. When is someone going to handle this?",NEGATIVE,0.2045,FOLLOW_UP,,CLM-00117
INT-000548,CUST-00218,PHONE,INBOUND,2025-07-12 04:30:00,190,CLAIM_STATUS,I am extremely upset about claim CLM-00117. 61 days! I was not at fault and yet I'm suffering. No one returns my calls. This is completely unacceptable.,I am extremely upset about claim CLM-00117. 61 days! I was not at fault and yet I'm suffering. No one returns my calls. This is completely...,NEGATIVE,0.1398,UNRESOLVED,,CLM-00117
INT-000549,CUST-00218,WEB,INBOUND,2025-07-06 08:30:00,55,POLICY_VIEW,,Web session: viewed policy view page,,,,,
INT-000550,CUST-00218,WEB,INBOUND,2025-06-08 23:30:00,405,RATE_COMPARISON,,Web session: viewed rate comparison page,,,,,
INT-000551,CUST-00219,PHONE,INBOUND,2025-05-06 07:30:00,119,ADDRESS_CHANGE,I'm calling about bundling my policies. I have auto and I'm interested in home coverage. Very happy with the service so far.,I'm calling about bundling my policies. I have auto and I'm interested in home coverage. Very happy with the service so far.,POSITIVE,0.8348,RESOLVED,POL-00325,
INT-000552,CUST-00219,WEB,INBOUND,2025-06-05 00:30:00,448,ACCOUNT_LOGIN,,Web session: viewed account login page,,,,,
INT-000553,CUST-00220,PHONE,INBOUND,2025-06-12 05:30:00,156,ADDRESS_CHANGE,"Hi, I need to update vehicle information on my auto policy. I recently purchased a new car and want the right coverage.","Hi, I need to update vehicle information on my auto policy. I recently purchased a new car and want the right coverage.",NEUTRAL,0.498,RESOLVED,POL-00326,
INT-000554,CUST-00221,PHONE,INBOUND,2025-07-10 07:30:00,259,BILLING_INQUIRY,"Hello, I noticed my payment of 5,527 didn't go through for POL-00327. I want to make sure my coverage isn't affected.","Hello, I noticed my payment of 5,527 didn't go through for POL-00327. I want to make sure my coverage isn't affected.",NEUTRAL,0.3547,RESOLVED,POL-00327,
INT-000555,CUST-00221,PHONE,INBOUND,2025-04-04 05:30:00,208,COVERAGE_QUESTION,I'm calling about bundling my policies. I have auto and I'm interested in home coverage. Very happy with the service so far.,I'm calling about bundling my policies. I have auto and I'm interested in home coverage. Very happy with the service so far.,POSITIVE,0.8496,RESOLVED,POL-00327,
INT-000556,CUST-00221,WEB,INBOUND,2025-05-20 01:30:00,534,BILLING_VIEW,,Web session: viewed billing view page,,,,,
INT-000557,CUST-00221,WEB,INBOUND,2025-05-16 03:30:00,527,ACCOUNT_LOGIN,,Web session: viewed account login page,,,,,
INT-000558,CUST-00222,PHONE,INBOUND,2025-06-26 06:30:00,134,BILLING_INQUIRY,"Hi, I'm calling about a billing issue on policy POL-00328. I see a charge that doesn't match what I expected. Can you help?","Hi, I'm calling about a billing issue on policy POL-00328. I see a charge that doesn't match what I expected. Can you help?",NEUTRAL,0.3845,FOLLOW_UP,POL-00328,
INT-000559,CUST-00223,PHONE,INBOUND,2025-06-28 07:30:00,244,CLAIM_STATUS,This is my second call about claim CLM-00034. It's been 48 days with no resolution. Every time I call I get told it's under review. What's the holdup?,This is my second call about claim CLM-00034. It's been 48 days with no resolution. Every time I call I get told it's under review. What's the holdup?,NEGATIVE,0.2262,ESCALATED,,CLM-00034
INT-000560,CUST-00223,WEB,INBOUND,2025-06-04 02:30:00,243,RATE_COMPARISON,,Web session: viewed rate comparison page,,,,,
INT-000561,CUST-00223,WEB,INBOUND,2025-06-29 03:30:00,295,CLAIM_VIEW,,Web session: viewed claim view page,,,,,
INT-000562,CUST-00223,EMAIL,INBOUND,2025-06-09 10:30:00,,POLICY_CHANGE,,Email inquiry about policy change,NEGATIVE,0.4144,FOLLOW_UP,POL-00330,
INT-000563,CUST-00224,PHONE,INBOUND,2025-07-03 03:30:00,287,BILLING_INQUIRY,"Hello, I noticed my payment of 9,827 didn't go through for POL-00333. I want to make sure my coverage isn't affected.","Hello, I noticed my payment of 9,827 didn't go through for POL-00333. I want to make sure my coverage isn't affected.",NEUTRAL,0.378,FOLLOW_UP,POL-00333,
INT-000564,CUST-00224,WEB,INBOUND,2025-06-01 21:30:00,111,POLICY_VIEW,,Web session: viewed policy view page,,,,,
INT-000565,CUST-00225,PHONE,INBOUND,2025-06-11 03:30:00,208,POLICY_CHANGE,"Hi, calling to update my address. Everything's been great with my coverage. The claim I had last year was handled beautifully.","Hi, calling to update my address. Everything's been great with my coverage. The claim I had last year was handled beautifully.",POSITIVE,0.8341,RESOLVED,POL-00334,
INT-000566,CUST-00226,PHONE,INBOUND,2025-06-06 02:30:00,198,GENERAL_INQUIRY,"Hello, calling to ask about my coverage limits. I want to make sure I have adequate protection. Can someone review my policy?","Hello, calling to ask about my coverage limits. I want to make sure I have adequate protection. Can someone review my policy?",NEUTRAL,0.4616,RESOLVED,POL-00336,
INT-000567,CUST-00226,WEB,INBOUND,2025-06-07 06:30:00,479,COVERAGE_REVIEW,,Web session: viewed coverage review page,,,,,
INT-000568,CUST-00226,WEB,INBOUND,2025-05-28 22:30:00,149,POLICY_VIEW,,Web session: viewed policy view page,,,,,
INT-000569,CUST-00228,PHONE,INBOUND,2025-06-28 06:30:00,268,BILLING_INQUIRY,"I've been trying to resolve a billing issue for POL-00340 for weeks. I keep getting different answers. My payment was 12,525 and now you say I owe more.","I've been trying to resolve a billing issue for POL-00340 for weeks. I keep getting different answers. My payment was 12,525 and now you say I owe...",NEGATIVE,0.2477,FOLLOW_UP,POL-00340,
INT-000570,CUST-00228,WEB,INBOUND,2025-06-17 21:30:00,140,ACCOUNT_LOGIN,,Web session: viewed account login page,,,,,
INT-000571,CUST-00228,WEB,INBOUND,2025-07-11 03:30:00,514,FAQ,,Web session: viewed faq page,,,,,
INT-000572,CUST-00230,PHONE,INBOUND,2025-06-25 07:30:00,102,COVERAGE_QUESTION,"Hello, calling to ask about my coverage limits. I want to make sure I have adequate protection. Can someone review my policy?","Hello, calling to ask about my coverage limits. I want to make sure I have adequate protection. Can someone review my policy?",NEUTRAL,0.465,RESOLVED,POL-00342,
INT-000573,CUST-00231,WEB,INBOUND,2025-05-27 07:30:00,549,RATE_COMPARISON,,Web session: viewed rate comparison page,,,,,
INT-000574,CUST-00232,WEB,INBOUND,2025-06-21 23:30:00,474,BILLING_VIEW,,Web session: viewed billing view page,,,,,
INT-000575,CUST-00233,PHONE,INBOUND,2025-06-26 03:30:00,224,BILLING_INQUIRY,"Hello, I noticed my payment of 8,504 didn't go through for POL-00345. I want to make sure my coverage isn't affected.","Hello, I noticed my payment of 8,504 didn't go through for POL-00345. I want to make sure my coverage isn't affected.",NEUTRAL,0.3568,RESOLVED,POL-00345,
INT-000576,CUST-00234,PHONE,INBOUND,2025-05-16 04:30:00,70,ADDRESS_CHANGE,"Hello, calling to ask about my coverage limits. I want to make sure I have adequate protection. Can someone review my policy?","Hello, calling to ask about my coverage limits. I want to make sure I have adequate protection. Can someone review my policy?",NEUTRAL,0.4939,RESOLVED,POL-00347,
INT-000577,CUST-00235,PHONE,INBOUND,2025-07-06 10:30:00,231,COVERAGE_QUESTION,I'm calling about bundling my policies. I have auto and I'm interested in home coverage. Very happy with the service so far.,I'm calling about bundling my policies. I have auto and I'm interested in home coverage. Very happy with the service so far.,POSITIVE,0.9212,RESOLVED,POL-00348,
INT-000578,CUST-00235,WEB,INBOUND,2025-05-27 07:30:00,156,FAQ,,Web session: viewed faq page,,,,,
INT-000579,CUST-00235,WEB,INBOUND,2025-07-06 02:30:00,206,RATE_COMPARISON,,Web session: viewed rate comparison page,,,,,
INT-000580,CUST-00235,WEB,INBOUND,2025-07-03 00:30:00,446,COVERAGE_REVIEW,,Web session: viewed coverage review page,,,,,
INT-000581,CUST-00236,PHONE,INBOUND,2025-07-05 07:30:00,295,BILLING_INQUIRY,"Hello, I noticed my payment of 2,693 didn't go through for POL-00349. I want to make sure my coverage isn't affected.","Hello, I noticed my payment of 2,693 didn't go through for POL-00349. I want to make sure my coverage isn't affected.",NEUTRAL,0.3702,RESOLVED,POL-00349,
INT-000582,CUST-00236,EMAIL,INBOUND,2025-06-05 10:30:00,,GENERAL_INQUIRY,,Email inquiry about general inquiry,NEUTRAL,0.3631,FOLLOW_UP,POL-00349,
INT-000583,CUST-00237,PHONE,INBOUND,2025-06-30 10:30:00,178,BILLING_INQUIRY,"I've been trying to resolve a billing issue for POL-00351 for weeks. I keep getting different answers. My payment was 3,209 and now you say I owe more.","I've been trying to resolve a billing issue for POL-00351 for weeks. I keep getting different answers. My payment was 3,209 and now you say I owe...",NEGATIVE,0.2968,FOLLOW_UP,POL-00351,
INT-000584,CUST-00238,PHONE,INBOUND,2025-06-23 08:30:00,405,CLAIM_STATUS,I am extremely upset about claim CLM-00076. 302 days! I was not at fault and yet I'm suffering. No one returns my calls. This is completely unacceptable.,I am extremely upset about claim CLM-00076. 302 days! I was not at fault and yet I'm suffering. No one returns my calls. This is completely...,NEGATIVE,0.1141,ESCALATED,,CLM-00076
INT-000585,CUST-00238,WEB,INBOUND,2025-07-09 08:30:00,278,RATE_COMPARISON,,Web session: viewed rate comparison page,,,,,
INT-000586,CUST-00239,PHONE,INBOUND,2025-07-04 02:30:00,255,BILLING_INQUIRY,"Hi, I'm calling about a billing issue on policy POL-00354. I see a charge that doesn't match what I expected. Can you help?","Hi, I'm calling about a billing issue on policy POL-00354. I see a charge that doesn't match what I expected. Can you help?",NEUTRAL,0.4285,FOLLOW_UP,POL-00354,
INT-000587,CUST-00240,EMAIL,INBOUND,2025-06-07 10:30:00,,GENERAL_INQUIRY,,Email inquiry about general inquiry,NEUTRAL,0.364,FOLLOW_UP,POL-00356,
INT-000588,CUST-00241,WEB,INBOUND,2025-06-10 22:30:00,283,ACCOUNT_LOGIN,,Web session: viewed account login page,,,,,
INT-000589,CUST-00241,WEB,INBOUND,2025-06-16 04:30:00,339,COVERAGE_REVIEW,,Web session: viewed coverage review page,,,,,
INT-000590,CUST-00241,WEB,INBOUND,2025-07-06 05:30:00,60,CLAIM_VIEW,,Web session: viewed claim view page,,,,,
INT-000591,CUST-00242,WEB,INBOUND,2025-06-09 02:30:00,487,CANCELLATION_PAGE,,Web session: viewed cancellation page page,,,,,
INT-000592,CUST-00242,WEB,INBOUND,2025-06-10 04:30:00,214,ACCOUNT_LOGIN,,Web session: viewed account login page,,,,,
INT-000593,CUST-00242,WEB,INBOUND,2025-07-12 07:30:00,163,COVERAGE_REVIEW,,Web session: viewed coverage review page,,,,,
INT-000594,CUST-00243,PHONE,INBOUND,2025-07-11 05:30:00,279,BILLING_INQUIRY,"Hi, I'm calling about a billing issue on policy POL-00359. I see a charge that doesn't match what I expected. Can you help?","Hi, I'm calling about a billing issue on policy POL-00359. I see a charge that doesn't match what I expected. Can you help?",NEUTRAL,0.4417,RESOLVED,POL-00359,
INT-000595,CUST-00243,WEB,INBOUND,2025-06-17 20:30:00,164,POLICY_VIEW,,Web session: viewed policy view page,,,,,
INT-000596,CUST-00244,PHONE,INBOUND,2025-06-19 06:30:00,239,COVERAGE_QUESTION,"Hi, I need to update vehicle information on my auto policy. I recently purchased a new car and want the right coverage.","Hi, I need to update vehicle information on my auto policy. I recently purchased a new car and want the right coverage.",NEUTRAL,0.542,RESOLVED,POL-00360,
INT-000597,CUST-00244,WEB,INBOUND,2025-05-24 06:30:00,448,RATE_COMPARISON,,Web session: viewed rate comparison page,,,,,
INT-000598,CUST-00244,WEB,INBOUND,2025-07-03 01:30:00,515,COVERAGE_REVIEW,,Web session: viewed coverage review page,,,,,
INT-000599,CUST-00245,PHONE,INBOUND,2025-06-14 02:30:00,109,GENERAL_INQUIRY,"Hello, calling to ask about my coverage limits. I want to make sure I have adequate protection. Can someone review my policy?","Hello, calling to ask about my coverage limits. I want to make sure I have adequate protection. Can someone review my policy?",NEUTRAL,0.4615,RESOLVED,POL-00362,
INT-000600,CUST-00245,WEB,INBOUND,2025-07-14 03:30:00,361,ACCOUNT_LOGIN,,Web session: viewed account login page,,,,,
INT-000601,CUST-00245,EMAIL,INBOUND,2025-07-12 10:30:00,,BILLING_INQUIRY,,Email inquiry about billing inquiry,NEGATIVE,0.3781,RESOLVED,POL-00362,
INT-000602,CUST-00247,PHONE,INBOUND,2025-07-04 09:30:00,430,PREMIUM_INQUIRY,"Hello, I'm calling about my auto policy POL-00364. I received my renewal notice and the premium is going up from 24,598 to 27,521. That's about 12 percent more. I've been with you 0 years and I'd appreciate an explanation.","Hello, I'm calling about my auto policy POL-00364. I received my renewal notice and the premium is going up from 24,598 to 27,521. That's about 12...",NEUTRAL,0.4223,FOLLOW_UP,POL-00364,
INT-000603,CUST-00247,PHONE,INBOUND,2025-07-10 10:30:00,319,COMPLAINT,"This is ridiculous. My auto policy POL-00364 premium jumped from 24,598 to 27,521. That's 2,923 more per year. I've been a customer for 0 years and I expect better.","This is ridiculous. My auto policy POL-00364 premium jumped from 24,598 to 27,521. That's 2,923 more per year. I've been a customer for 0 years and I...",NEGATIVE,0.2313,ESCALATED,POL-00364,
INT-000604,CUST-00247,PHONE,INBOUND,2025-06-27 06:30:00,288,BILLING_INQUIRY,"Hello, I noticed my payment of 4,587 didn't go through for POL-00364. I want to make sure my coverage isn't affected.","Hello, I noticed my payment of 4,587 didn't go through for POL-00364. I want to make sure my coverage isn't affected.",NEUTRAL,0.3775,RESOLVED,POL-00364,
INT-000605,CUST-00247,WEB,INBOUND,2025-07-05 21:30:00,48,RATE_COMPARISON,,Web session: viewed rate comparison page,,,,,
INT-000606,CUST-00248,PHONE,INBOUND,2025-06-21 05:30:00,184,BILLING_INQUIRY,"I've been trying to resolve a billing issue for POL-00367 for weeks. I keep getting different answers. My payment was 1,449 and now you say I owe more.","I've been trying to resolve a billing issue for POL-00367 for weeks. I keep getting different answers. My payment was 1,449 and now you say I owe...",NEGATIVE,0.2368,FOLLOW_UP,POL-00367,
INT-000607,CUST-00248,PHONE,INBOUND,2025-06-08 06:30:00,183,COVERAGE_QUESTION,"Hi, calling to update my address. Everything's been great with my coverage. The claim I had last year was handled beautifully.","Hi, calling to update my address. Everything's been great with my coverage. The claim I had last year was handled beautifully.",POSITIVE,0.9302,RESOLVED,POL-00367,
INT-000608,CUST-00248,WEB,INBOUND,2025-05-15 22:30:00,43,POLICY_VIEW,,Web session: viewed policy view page,,,,,
INT-000609,CUST-00248,WEB,INBOUND,2025-06-08 05:30:00,535,RATE_COMPARISON,,Web session: viewed rate comparison page,,,,,
INT-000610,CUST-00248,EMAIL,INBOUND,2025-06-29 10:30:00,,GENERAL_INQUIRY,,Email inquiry about general inquiry,NEUTRAL,0.3995,RESOLVED,POL-00366,
INT-000611,CUST-00249,PHONE,INBOUND,2025-06-15 03:30:00,94,POLICY_CHANGE,"Hello, I need to add a new vehicle. By the way, your claims team did an excellent job last time. Very smooth process.","Hello, I need to add a new vehicle. By the way, your claims team did an excellent job last time. Very smooth process.",POSITIVE,0.8503,RESOLVED,POL-00368,
INT-000612,CUST-00250,PHONE,INBOUND,2025-07-02 09:30:00,153,GENERAL_INQUIRY,I'm calling about bundling my policies. I have auto and I'm interested in home coverage. Very happy with the service so far.,I'm calling about bundling my policies. I have auto and I'm interested in home coverage. Very happy with the service so far.,POSITIVE,0.8951,RESOLVED,POL-00369,
INT-000613,CUST-00250,WEB,INBOUND,2025-06-13 01:30:00,524,FAQ,,Web session: viewed faq page,,,,,
INT-000614,CUST-00251,PHONE,INBOUND,2025-07-09 02:30:00,90,POLICY_CHANGE,"Hello, I need to add a new vehicle. By the way, your claims team did an excellent job last time. Very smooth process.","Hello, I need to add a new vehicle. By the way, your claims team did an excellent job last time. Very smooth process.",POSITIVE,0.811,RESOLVED,POL-00370,
INT-000615,CUST-00251,WEB,INBOUND,2025-06-22 08:30:00,182,POLICY_VIEW,,Web session: viewed policy view page,,,,,
INT-000616,CUST-00251,WEB,INBOUND,2025-06-08 03:30:00,305,COVERAGE_REVIEW,,Web session: viewed coverage review page,,,,,
INT-000617,CUST-00252,PHONE,INBOUND,2025-06-26 05:30:00,271,BILLING_INQUIRY,"Hello, I noticed my payment of 7,756 didn't go through for POL-00371. I want to make sure my coverage isn't affected.","Hello, I noticed my payment of 7,756 didn't go through for POL-00371. I want to make sure my coverage isn't affected.",NEUTRAL,0.4085,RESOLVED,POL-00371,
INT-000618,CUST-00252,WEB,INBOUND,2025-06-03 20:30:00,360,CLAIM_VIEW,,Web session: viewed claim view page,,,,,
INT-000619,CUST-00253,PHONE,INBOUND,2025-06-08 10:30:00,213,GENERAL_INQUIRY,I'm calling about bundling my policies. I have auto and I'm interested in home coverage. Very happy with the service so far.,I'm calling about bundling my policies. I have auto and I'm interested in home coverage. Very happy with the service so far.,POSITIVE,0.8969,RESOLVED,POL-00373,
INT-000620,CUST-00253,WEB,INBOUND,2025-06-15 05:30:00,500,COVERAGE_REVIEW,,Web session: viewed coverage review page,,,,,
INT-000621,CUST-00253,WEB,INBOUND,2025-06-24 23:30:00,347,FAQ,,Web session: viewed faq page,,,,,
INT-000622,CUST-00253,WEB,INBOUND,2025-05-17 08:30:00,508,POLICY_VIEW,,Web session: viewed policy view page,,,,,
INT-000623,CUST-00254,PHONE,INBOUND,2025-05-09 09:30:00,199,GENERAL_INQUIRY,"Hello, I need to add a new vehicle. By the way, your claims team did an excellent job last time. Very smooth process.","Hello, I need to add a new vehicle. By the way, your claims team did an excellent job last time. Very smooth process.",POSITIVE,0.8195,RESOLVED,POL-00374,
INT-000624,CUST-00255,WEB,INBOUND,2025-05-17 03:30:00,271,COVERAGE_REVIEW,,Web session: viewed coverage review page,,,,,
INT-000625,CUST-00255,WEB,INBOUND,2025-05-26 20:30:00,502,CANCELLATION_PAGE,,Web session: viewed cancellation page page,,,,,
INT-000626,CUST-00255,WEB,INBOUND,2025-06-14 08:30:00,294,FAQ,,Web session: viewed faq page,,,,,
INT-000627,CUST-00256,PHONE,INBOUND,2025-04-26 08:30:00,178,ADDRESS_CHANGE,I'm calling about bundling my policies. I have auto and I'm interested in home coverage. Very happy with the service so far.,I'm calling about bundling my policies. I have auto and I'm interested in home coverage. Very happy with the service so far.,POSITIVE,0.9325,RESOLVED,POL-00377,
INT-000628,CUST-00256,WEB,INBOUND,2025-05-20 04:30:00,142,CLAIM_VIEW,,Web session: viewed claim view page,,,,,
INT-000629,CUST-00257,PHONE,INBOUND,2025-06-26 10:30:00,160,BILLING_INQUIRY,"Why is my account past due when I made a payment of 12,473 for POL-00378? I have the confirmation. Someone on your end messed up.","Why is my account past due when I made a payment of 12,473 for POL-00378? I have the confirmation. Someone on your end messed up.",NEGATIVE,0.2112,RESOLVED,POL-00378,
INT-000630,CUST-00257,WEB,INBOUND,2025-06-30 06:30:00,49,FAQ,,Web session: viewed faq page,,,,,
INT-000631,CUST-00257,WEB,INBOUND,2025-06-03 06:30:00,512,ACCOUNT_LOGIN,,Web session: viewed account login page,,,,,
INT-000632,CUST-00258,PHONE,INBOUND,2025-05-03 09:30:00,133,GENERAL_INQUIRY,I'm calling about bundling my policies. I have auto and I'm interested in home coverage. Very happy with the service so far.,I'm calling about bundling my policies. I have auto and I'm interested in home coverage. Very happy with the service so far.,POSITIVE,0.8046,RESOLVED,POL-00379,
INT-000633,CUST-00258,WEB,INBOUND,2025-06-22 03:30:00,455,POLICY_VIEW,,Web session: viewed policy view page,,,,,
INT-000634,CUST-00258,EMAIL,INBOUND,2025-07-04 10:30:00,,POLICY_CHANGE,,Email inquiry about policy change,NEGATIVE,0.4736,RESOLVED,POL-00379,
INT-000635,CUST-00259,PHONE,INBOUND,2025-07-08 06:30:00,212,POLICY_CHANGE,"Hi, calling to update my address. Everything's been great with my coverage. The claim I had last year was handled beautifully.","Hi, calling to update my address. Everything's been great with my coverage. The claim I had last year was handled beautifully.",POSITIVE,0.8331,RESOLVED,POL-00381,
INT-000636,CUST-00259,WEB,INBOUND,2025-06-04 10:30:00,370,FAQ,,Web session: viewed faq page,,,,,
INT-000637,CUST-00259,WEB,INBOUND,2025-07-05 03:30:00,146,POLICY_VIEW,,Web session: viewed policy view page,,,,,
INT-000638,CUST-00259,WEB,INBOUND,2025-05-27 03:30:00,216,POLICY_VIEW,,Web session: viewed policy view page,,,,,
INT-000639,CUST-00261,PHONE,INBOUND,2025-06-28 06:30:00,126,CLAIM_STATUS,"Hello, I'd like to check on claim CLM-00060. I filed it 60 days ago for collision and I'm wondering when to expect a resolution.","Hello, I'd like to check on claim CLM-00060. I filed it 60 days ago for collision and I'm wondering when to expect a resolution.",NEUTRAL,0.4072,FOLLOW_UP,,CLM-00060
INT-000640,CUST-00261,PHONE,INBOUND,2025-07-07 03:30:00,184,CLAIM_STATUS,This is my second call about claim CLM-00060. It's been 60 days with no resolution. Every time I call I get told it's under review. What's the holdup?,This is my second call about claim CLM-00060. It's been 60 days with no resolution. Every time I call I get told it's under review. What's the holdup?,NEGATIVE,0.253,FOLLOW_UP,,CLM-00060
INT-000641,CUST-00261,PHONE,INBOUND,2025-07-12 06:30:00,432,CLAIM_STATUS,I am extremely upset about claim CLM-00060. 60 days! I was not at fault and yet I'm suffering. No one returns my calls. This is completely unacceptable.,I am extremely upset about claim CLM-00060. 60 days! I was not at fault and yet I'm suffering. No one returns my calls. This is completely...,NEGATIVE,0.1017,UNRESOLVED,,CLM-00060
INT-000642,CUST-00262,PHONE,INBOUND,2025-07-02 07:30:00,535,PREMIUM_INQUIRY,"Hi, I just got my renewal for POL-00386 and the new premium of 41,204 caught me off guard. It was 35,056 before. Can you review my account?","Hi, I just got my renewal for POL-00386 and the new premium of 41,204 caught me off guard. It was 35,056 before. Can you review my account?",NEUTRAL,0.4184,FOLLOW_UP,POL-00386,
INT-000643,CUST-00262,PHONE,INBOUND,2025-07-10 10:30:00,222,COMPLAINT,"This is ridiculous. My auto policy POL-00386 premium jumped from 35,056 to 41,204. That's 6,148 more per year. I've been a customer for 13 years and I expect better.","This is ridiculous. My auto policy POL-00386 premium jumped from 35,056 to 41,204. That's 6,148 more per year. I've been a customer for 13 years and...",NEGATIVE,0.2916,ESCALATED,POL-00386,
INT-000644,CUST-00262,WEB,INBOUND,2025-07-04 04:30:00,197,COVERAGE_REVIEW,,Web session: viewed coverage review page,,,,,
INT-000645,CUST-00262,WEB,INBOUND,2025-05-28 06:30:00,271,RATE_COMPARISON,,Web session: viewed rate comparison page,,,,,
INT-000646,CUST-00263,PHONE,INBOUND,2025-07-08 06:30:00,267,BILLING_INQUIRY,"Hi, I'm calling about a billing issue on policy POL-00387. I see a charge that doesn't match what I expected. Can you help?","Hi, I'm calling about a billing issue on policy POL-00387. I see a charge that doesn't match what I expected. Can you help?",NEUTRAL,0.422,RESOLVED,POL-00387,
INT-000647,CUST-00263,PHONE,INBOUND,2025-04-24 08:30:00,77,COVERAGE_QUESTION,"Hello, I need to add a new vehicle. By the way, your claims team did an excellent job last time. Very smooth process.","Hello, I need to add a new vehicle. By the way, your claims team did an excellent job last time. Very smooth process.",POSITIVE,0.8451,RESOLVED,POL-00387,
INT-000648,CUST-00263,WEB,INBOUND,2025-06-13 07:30:00,362,COVERAGE_REVIEW,,Web session: viewed coverage review page,,,,,
INT-000649,CUST-00265,PHONE,INBOUND,2025-06-23 07:30:00,273,BILLING_INQUIRY,"Hi, I'm calling about a billing issue on policy POL-00390. I see a charge that doesn't match what I expected. Can you help?","Hi, I'm calling about a billing issue on policy POL-00390. I see a charge that doesn't match what I expected. Can you help?",NEUTRAL,0.3625,FOLLOW_UP,POL-00390,
INT-000650,CUST-00265,PHONE,INBOUND,2025-05-12 06:30:00,206,ADDRESS_CHANGE,I'm calling about bundling my policies. I have auto and I'm interested in home coverage. Very happy with the service so far.,I'm calling about bundling my policies. I have auto and I'm interested in home coverage. Very happy with the service so far.,POSITIVE,0.8649,RESOLVED,POL-00390,
INT-000651,CUST-00265,WEB,INBOUND,2025-06-01 01:30:00,49,BILLING_VIEW,,Web session: viewed billing view page,,,,,
INT-000652,CUST-00265,WEB,INBOUND,2025-06-27 05:30:00,217,FAQ,,Web session: viewed faq page,,,,,
INT-000653,CUST-00265,WEB,INBOUND,2025-05-24 23:30:00,555,CLAIM_VIEW,,Web session: viewed claim view page,,,,,
INT-000654,CUST-00266,PHONE,INBOUND,2025-07-05 10:30:00,176,BILLING_INQUIRY,"Hello, I noticed my payment of 1,933 didn't go through for POL-00391. I want to make sure my coverage isn't affected.","Hello, I noticed my payment of 1,933 didn't go through for POL-00391. I want to make sure my coverage isn't affected.",NEUTRAL,0.3957,RESOLVED,POL-00391,
INT-000655,CUST-00266,PHONE,INBOUND,2025-03-27 08:30:00,233,POLICY_CHANGE,"Hi, I need to update vehicle information on my auto policy. I recently purchased a new car and want the right coverage.","Hi, I need to update vehicle information on my auto policy. I recently purchased a new car and want the right coverage.",NEUTRAL,0.4777,RESOLVED,POL-00391,
INT-000656,CUST-00266,WEB,INBOUND,2025-06-17 06:30:00,213,ACCOUNT_LOGIN,,Web session: viewed account login page,,,,,
INT-000657,CUST-00266,WEB,INBOUND,2025-07-05 06:30:00,289,COVERAGE_REVIEW,,Web session: viewed coverage review page,,,,,
INT-000658,CUST-00266,WEB,INBOUND,2025-07-13 00:30:00,413,RATE_COMPARISON,,Web session: viewed rate comparison page,,,,,
INT-000659,CUST-00267,PHONE,INBOUND,2025-07-03 05:30:00,345,PREMIUM_INQUIRY,"Hello, I'm calling about my auto policy POL-00392. I received my renewal notice and the premium is going up from 25,957 to 29,545. That's about 14 percent more. I've been with you 8 years and I'd appreciate an explanation.","Hello, I'm calling about my auto policy POL-00392. I received my renewal notice and the premium is going up from 25,957 to 29,545. That's about 14...",NEUTRAL,0.3847,FOLLOW_UP,POL-00392,
INT-000660,CUST-00267,PHONE,INBOUND,2025-07-10 09:30:00,307,COMPLAINT,"This is ridiculous. My auto policy POL-00392 premium jumped from 25,957 to 29,545. That's 3,588 more per year. I've been a customer for 8 years and I expect better.","This is ridiculous. My auto policy POL-00392 premium jumped from 25,957 to 29,545. That's 3,588 more per year. I've been a customer for 8 years and I...",NEGATIVE,0.1867,ESCALATED,POL-00392,
INT-000661,CUST-00267,WEB,INBOUND,2025-06-12 23:30:00,395,POLICY_VIEW,,Web session: viewed policy view page,,,,,
INT-000662,CUST-00267,WEB,INBOUND,2025-06-24 02:30:00,85,COVERAGE_REVIEW,,Web session: viewed coverage review page,,,,,
INT-000663,CUST-00269,PHONE,INBOUND,2025-06-01 09:30:00,160,ADDRESS_CHANGE,"Hi, calling to update my address. Everything's been great with my coverage. The claim I had last year was handled beautifully.","Hi, calling to update my address. Everything's been great with my coverage. The claim I had last year was handled beautifully.",POSITIVE,0.9343,RESOLVED,POL-00395,
INT-000664,CUST-00270,PHONE,INBOUND,2025-05-10 02:30:00,69,POLICY_CHANGE,"Hi, I need to update vehicle information on my auto policy. I recently purchased a new car and want the right coverage.","Hi, I need to update vehicle information on my auto policy. I recently purchased a new car and want the right coverage.",NEUTRAL,0.4632,RESOLVED,POL-00396,
INT-000665,CUST-00270,EMAIL,INBOUND,2025-06-29 10:30:00,,GENERAL_INQUIRY,,Email inquiry about general inquiry,NEGATIVE,0.5259,FOLLOW_UP,POL-00396,
INT-000666,CUST-00271,PHONE,INBOUND,2025-07-10 03:30:00,148,BILLING_INQUIRY,"Why is my account past due when I made a payment of 7,373 for POL-00397? I have the confirmation. Someone on your end messed up.","Why is my account past due when I made a payment of 7,373 for POL-00397? I have the confirmation. Someone on your end messed up.",NEGATIVE,0.3104,FOLLOW_UP,POL-00397,
INT-000667,CUST-00271,WEB,INBOUND,2025-06-24 05:30:00,154,BILLING_VIEW,,Web session: viewed billing view page,,,,,
INT-000668,CUST-00271,WEB,INBOUND,2025-05-17 20:30:00,266,CLAIM_VIEW,,Web session: viewed claim view page,,,,,
INT-000669,CUST-00272,PHONE,INBOUND,2025-05-20 08:30:00,90,GENERAL_INQUIRY,"Hello, I need to add a new vehicle. By the way, your claims team did an excellent job last time. Very smooth process.","Hello, I need to add a new vehicle. By the way, your claims team did an excellent job last time. Very smooth process.",POSITIVE,0.8614,RESOLVED,POL-00399,
INT-000670,CUST-00272,WEB,INBOUND,2025-07-10 00:30:00,579,COVERAGE_REVIEW,,Web session: viewed coverage review page,,,,,
INT-000671,CUST-00272,WEB,INBOUND,2025-06-02 05:30:00,472,FAQ,,Web session: viewed faq page,,,,,
INT-000672,CUST-00273,PHONE,INBOUND,2025-07-12 05:30:00,231,BILLING_INQUIRY,"Hi, I'm calling about a billing issue on policy POL-00400. I see a charge that doesn't match what I expected. Can you help?","Hi, I'm calling about a billing issue on policy POL-00400. I see a charge that doesn't match what I expected. Can you help?",NEUTRAL,0.4374,FOLLOW_UP,POL-00400,
INT-000673,CUST-00274,PHONE,INBOUND,2025-07-01 09:30:00,272,BILLING_INQUIRY,"Why is my account past due when I made a payment of 2,527 for POL-00402? I have the confirmation. Someone on your end messed up.","Why is my account past due when I made a payment of 2,527 for POL-00402? I have the confirmation. Someone on your end messed up.",NEGATIVE,0.2501,FOLLOW_UP,POL-00402,
INT-000674,CUST-00275,PHONE,INBOUND,2025-06-26 08:30:00,271,BILLING_INQUIRY,"I've been trying to resolve a billing issue for POL-00403 for weeks. I keep getting different answers. My payment was 2,537 and now you say I owe more.","I've been trying to resolve a billing issue for POL-00403 for weeks. I keep getting different answers. My payment was 2,537 and now you say I owe...",NEGATIVE,0.3078,RESOLVED,POL-00403,
INT-000675,CUST-00275,PHONE,INBOUND,2025-06-03 03:30:00,72,COVERAGE_QUESTION,"Hi, calling to update my address. Everything's been great with my coverage. The claim I had last year was handled beautifully.","Hi, calling to update my address. Everything's been great with my coverage. The claim I had last year was handled beautifully.",POSITIVE,0.9375,RESOLVED,POL-00403,
INT-000676,CUST-00275,WEB,INBOUND,2025-06-11 02:30:00,580,RATE_COMPARISON,,Web session: viewed rate comparison page,,,,,
INT-000677,CUST-00275,WEB,INBOUND,2025-06-06 07:30:00,430,ACCOUNT_LOGIN,,Web session: viewed account login page,,,,,
INT-000678,CUST-00276,PHONE,INBOUND,2025-05-10 09:30:00,181,COVERAGE_QUESTION,I'm calling about bundling my policies. I have auto and I'm interested in home coverage. Very happy with the service so far.,I'm calling about bundling my policies. I have auto and I'm interested in home coverage. Very happy with the service so far.,POSITIVE,0.8785,RESOLVED,POL-00404,
INT-000679,CUST-00276,WEB,INBOUND,2025-06-01 05:30:00,76,FAQ,,Web session: viewed faq page,,,,,
INT-000680,CUST-00277,PHONE,INBOUND,2025-07-02 06:30:00,324,CLAIM_STATUS,"Hello, I'd like to check on claim CLM-00031. I filed it 54 days ago for liability and I'm wondering when to expect a resolution.","Hello, I'd like to check on claim CLM-00031. I filed it 54 days ago for liability and I'm wondering when to expect a resolution.",NEUTRAL,0.3834,FOLLOW_UP,,CLM-00031
INT-000681,CUST-00277,PHONE,INBOUND,2025-07-03 03:30:00,210,CLAIM_STATUS,This is my second call about claim CLM-00031. It's been 54 days with no resolution. Every time I call I get told it's under review. What's the holdup?,This is my second call about claim CLM-00031. It's been 54 days with no resolution. Every time I call I get told it's under review. What's the holdup?,NEGATIVE,0.2332,FOLLOW_UP,,CLM-00031
INT-000682,CUST-00277,PHONE,INBOUND,2025-07-12 08:30:00,369,CLAIM_STATUS,I am extremely upset about claim CLM-00031. 54 days! I was not at fault and yet I'm suffering. No one returns my calls. This is completely unacceptable.,I am extremely upset about claim CLM-00031. 54 days! I was not at fault and yet I'm suffering. No one returns my calls. This is completely...,NEGATIVE,0.0812,ESCALATED,,CLM-00031
INT-000683,CUST-00277,PHONE,INBOUND,2025-06-25 07:30:00,292,BILLING_INQUIRY,"Hi, I'm calling about a billing issue on policy POL-00405. I see a charge that doesn't match what I expected. Can you help?","Hi, I'm calling about a billing issue on policy POL-00405. I see a charge that doesn't match what I expected. Can you help?",NEUTRAL,0.4224,RESOLVED,POL-00405,
INT-000684,CUST-00277,WEB,INBOUND,2025-06-22 04:30:00,507,BILLING_VIEW,,Web session: viewed billing view page,,,,,
INT-000685,CUST-00278,WEB,INBOUND,2025-07-13 02:30:00,439,POLICY_VIEW,,Web session: viewed policy view page,,,,,
INT-000686,CUST-00278,WEB,INBOUND,2025-06-06 03:30:00,562,FAQ,,Web session: viewed faq page,,,,,
INT-000687,CUST-00279,PHONE,INBOUND,2025-06-08 04:30:00,215,ADDRESS_CHANGE,"Hi, I need to update vehicle information on my auto policy. I recently purchased a new car and want the right coverage.","Hi, I need to update vehicle information on my auto policy. I recently purchased a new car and want the right coverage.",NEUTRAL,0.5142,RESOLVED,POL-00408,
INT-000688,CUST-00279,WEB,INBOUND,2025-07-09 06:30:00,299,CLAIM_VIEW,,Web session: viewed claim view page,,,,,
INT-000689,CUST-00280,PHONE,INBOUND,2025-06-26 04:30:00,333,CLAIM_STATUS,"Hello, I'd like to check on claim CLM-00004. I filed it 120 days ago for collision and I'm wondering when to expect a resolution.","Hello, I'd like to check on claim CLM-00004. I filed it 120 days ago for collision and I'm wondering when to expect a resolution.",NEUTRAL,0.4027,FOLLOW_UP,,CLM-00004
INT-000690,CUST-00280,PHONE,INBOUND,2025-07-04 10:30:00,407,CLAIM_STATUS,"I'm getting really frustrated with claim CLM-00004. 120 days, no updates, no communication. When is someone going to handle this?","I'm getting really frustrated with claim CLM-00004. 120 days, no updates, no communication. When is someone going to handle this?",NEGATIVE,0.1896,FOLLOW_UP,,CLM-00004
INT-000691,CUST-00280,PHONE,INBOUND,2025-07-12 05:30:00,337,CLAIM_STATUS,"Claim CLM-00004 has been open for 120 days. I've called multiple times, been transferred, promised callbacks that never happen. I'm at my wit's end.","Claim CLM-00004 has been open for 120 days. I've called multiple times, been transferred, promised callbacks that never happen. I'm at my wit's end.",NEGATIVE,0.1693,ESCALATED,,CLM-00004
INT-000692,CUST-00280,WEB,INBOUND,2025-05-25 05:30:00,242,COVERAGE_REVIEW,,Web session: viewed coverage review page,,,,,
INT-000693,CUST-00281,PHONE,INBOUND,2025-06-18 10:30:00,210,COVERAGE_QUESTION,I'm calling about bundling my policies. I have auto and I'm interested in home coverage. Very happy with the service so far.,I'm calling about bundling my policies. I have auto and I'm interested in home coverage. Very happy with the service so far.,POSITIVE,0.8073,RESOLVED,POL-00411,
INT-000694,CUST-00281,WEB,INBOUND,2025-07-06 05:30:00,384,RATE_COMPARISON,,Web session: viewed rate comparison page,,,,,
INT-000695,CUST-00281,WEB,INBOUND,2025-06-17 05:30:00,249,COVERAGE_REVIEW,,Web session: viewed coverage review page,,,,,
INT-000696,CUST-00282,PHONE,INBOUND,2025-04-19 04:30:00,111,GENERAL_INQUIRY,"Hello, calling to ask about my coverage limits. I want to make sure I have adequate protection. Can someone review my policy?","Hello, calling to ask about my coverage limits. I want to make sure I have adequate protection. Can someone review my policy?",NEUTRAL,0.5295,RESOLVED,POL-00412,
INT-000697,CUST-00282,WEB,INBOUND,2025-06-09 03:30:00,194,ACCOUNT_LOGIN,,Web session: viewed account login page,,,,,
INT-000698,CUST-00283,PHONE,INBOUND,2025-06-27 08:30:00,123,BILLING_INQUIRY,"Hello, I noticed my payment of 14,540 didn't go through for POL-00415. I want to make sure my coverage isn't affected.","Hello, I noticed my payment of 14,540 didn't go through for POL-00415. I want to make sure my coverage isn't affected.",NEUTRAL,0.3783,RESOLVED,POL-00415,
INT-000699,CUST-00283,EMAIL,INBOUND,2025-06-21 10:30:00,,POLICY_CHANGE,,Email inquiry about policy change,NEGATIVE,0.3803,RESOLVED,POL-00415,
INT-000700,CUST-00284,PHONE,INBOUND,2025-07-11 04:30:00,265,BILLING_INQUIRY,"I've been trying to resolve a billing issue for POL-00416 for weeks. I keep getting different answers. My payment was 13,439 and now you say I owe more.","I've been trying to resolve a billing issue for POL-00416 for weeks. I keep getting different answers. My payment was 13,439 and now you say I owe...",NEGATIVE,0.251,RESOLVED,POL-00416,
INT-000701,CUST-00284,WEB,INBOUND,2025-06-29 02:30:00,168,RATE_COMPARISON,,Web session: viewed rate comparison page,,,,,
INT-000702,CUST-00285,PHONE,INBOUND,2025-06-13 10:30:00,194,ADDRESS_CHANGE,"Hi, calling to update my address. Everything's been great with my coverage. The claim I had last year was handled beautifully.","Hi, calling to update my address. Everything's been great with my coverage. The claim I had last year was handled beautifully.",POSITIVE,0.8303,RESOLVED,POL-00419,
INT-000703,CUST-00286,PHONE,INBOUND,2025-06-23 10:30:00,278,BILLING_INQUIRY,"I've been trying to resolve a billing issue for POL-00420 for weeks. I keep getting different answers. My payment was 4,240 and now you say I owe more.","I've been trying to resolve a billing issue for POL-00420 for weeks. I keep getting different answers. My payment was 4,240 and now you say I owe...",NEGATIVE,0.2238,FOLLOW_UP,POL-00420,
INT-000704,CUST-00286,WEB,INBOUND,2025-05-30 06:30:00,452,ACCOUNT_LOGIN,,Web session: viewed account login page,,,,,
INT-000705,CUST-00287,PHONE,INBOUND,2025-04-17 09:30:00,109,COVERAGE_QUESTION,"Hi, I need to update vehicle information on my auto policy. I recently purchased a new car and want the right coverage.","Hi, I need to update vehicle information on my auto policy. I recently purchased a new car and want the right coverage.",NEUTRAL,0.5012,RESOLVED,POL-00421,
INT-000706,CUST-00287,WEB,INBOUND,2025-05-24 04:30:00,374,POLICY_VIEW,,Web session: viewed policy view page,,,,,
INT-000707,CUST-00288,WEB,INBOUND,2025-07-11 10:30:00,285,POLICY_VIEW,,Web session: viewed policy view page,,,,,
INT-000708,CUST-00288,EMAIL,INBOUND,2025-06-30 10:30:00,,POLICY_CHANGE,,Email inquiry about policy change,NEUTRAL,0.3931,FOLLOW_UP,POL-00422,
INT-000709,CUST-00289,WEB,INBOUND,2025-07-08 08:30:00,407,CLAIM_VIEW,,Web session: viewed claim view page,,,,,
INT-000710,CUST-00289,WEB,INBOUND,2025-06-11 01:30:00,298,COVERAGE_REVIEW,,Web session: viewed coverage review page,,,,,
INT-000711,CUST-00289,WEB,INBOUND,2025-07-07 20:30:00,199,RATE_COMPARISON,,Web session: viewed rate comparison page,,,,,
INT-000712,CUST-00290,PHONE,INBOUND,2025-05-20 08:30:00,71,COVERAGE_QUESTION,"Hello, I need to add a new vehicle. By the way, your claims team did an excellent job last time. Very smooth process.","Hello, I need to add a new vehicle. By the way, your claims team did an excellent job last time. Very smooth process.",POSITIVE,0.8104,RESOLVED,POL-00424,
INT-000713,CUST-00290,EMAIL,INBOUND,2025-06-11 10:30:00,,GENERAL_INQUIRY,,Email inquiry about general inquiry,NEGATIVE,0.4928,FOLLOW_UP,POL-00424,
INT-000714,CUST-00291,PHONE,INBOUND,2025-06-27 05:30:00,181,ADDRESS_CHANGE,"Hi, I need to update vehicle information on my auto policy. I recently purchased a new car and want the right coverage.","Hi, I need to update vehicle information on my auto policy. I recently purchased a new car and want the right coverage.",NEUTRAL,0.4916,RESOLVED,POL-00426,
INT-000715,CUST-00291,WEB,INBOUND,2025-05-23 22:30:00,318,FAQ,,Web session: viewed faq page,,,,,
INT-000716,CUST-00291,WEB,INBOUND,2025-06-25 06:30:00,178,POLICY_VIEW,,Web session: viewed policy view page,,,,,
INT-000717,CUST-00292,WEB,INBOUND,2025-07-05 06:30:00,432,RATE_COMPARISON,,Web session: viewed rate comparison page,,,,,
INT-000718,CUST-00293,PHONE,INBOUND,2025-05-29 09:30:00,70,ADDRESS_CHANGE,"Hi, I need to update vehicle information on my auto policy. I recently purchased a new car and want the right coverage.","Hi, I need to update vehicle information on my auto policy. I recently purchased a new car and want the right coverage.",NEUTRAL,0.4962,RESOLVED,POL-00428,
INT-000719,CUST-00293,WEB,INBOUND,2025-05-20 09:30:00,62,FAQ,,Web session: viewed faq page,,,,,
INT-000720,CUST-00293,WEB,INBOUND,2025-05-31 08:30:00,419,CLAIM_VIEW,,Web session: viewed claim view page,,,,,
INT-000721,CUST-00294,WEB,INBOUND,2025-05-25 09:30:00,284,CANCELLATION_PAGE,,Web session: viewed cancellation page page,,,,,
INT-000722,CUST-00294,WEB,INBOUND,2025-06-02 01:30:00,422,BILLING_VIEW,,Web session: viewed billing view page,,,,,
INT-000723,CUST-00294,WEB,INBOUND,2025-07-09 10:30:00,124,POLICY_VIEW,,Web session: viewed policy view page,,,,,
INT-000724,CUST-00295,PHONE,INBOUND,2025-06-23 04:30:00,200,BILLING_INQUIRY,"Hi, I'm calling about a billing issue on policy POL-00431. I see a charge that doesn't match what I expected. Can you help?","Hi, I'm calling about a billing issue on policy POL-00431. I see a charge that doesn't match what I expected. Can you help?",NEUTRAL,0.4315,RESOLVED,POL-00431,
INT-000725,CUST-00295,WEB,INBOUND,2025-06-01 01:30:00,341,ACCOUNT_LOGIN,,Web session: viewed account login page,,,,,
INT-000726,CUST-00295,WEB,INBOUND,2025-05-29 03:30:00,595,BILLING_VIEW,,Web session: viewed billing view page,,,,,
INT-000727,CUST-00295,WEB,INBOUND,2025-06-01 22:30:00,94,POLICY_VIEW,,Web session: viewed policy view page,,,,,
INT-000728,CUST-00296,PHONE,INBOUND,2025-07-06 06:30:00,167,CLAIM_STATUS,"Hello, I'd like to check on claim CLM-00023. I filed it 37 days ago for liability and I'm wondering when to expect a resolution.","Hello, I'd like to check on claim CLM-00023. I filed it 37 days ago for liability and I'm wondering when to expect a resolution.",NEUTRAL,0.3578,FOLLOW_UP,,CLM-00023
INT-000729,CUST-00296,PHONE,INBOUND,2025-07-12 10:30:00,407,CLAIM_STATUS,This is my second call about claim CLM-00023. It's been 37 days with no resolution. Every time I call I get told it's under review. What's the holdup?,This is my second call about claim CLM-00023. It's been 37 days with no resolution. Every time I call I get told it's under review. What's the holdup?,NEGATIVE,0.2522,ESCALATED,,CLM-00023
INT-000730,CUST-00296,WEB,INBOUND,2025-06-22 20:30:00,267,POLICY_VIEW,,Web session: viewed policy view page,,,,,
INT-000731,CUST-00296,WEB,INBOUND,2025-07-04 05:30:00,485,CANCELLATION_PAGE,,Web session: viewed cancellation page page,,,,,
INT-000732,CUST-00296,WEB,INBOUND,2025-05-20 01:30:00,347,CANCELLATION_PAGE,,Web session: viewed cancellation page page,,,,,
INT-000733,CUST-00297,PHONE,INBOUND,2025-07-08 09:30:00,158,ADDRESS_CHANGE,"Hello, calling to ask about my coverage limits. I want to make sure I have adequate protection. Can someone review my policy?","Hello, calling to ask about my coverage limits. I want to make sure I have adequate protection. Can someone review my policy?",NEUTRAL,0.4501,RESOLVED,POL-00433,
INT-000734,CUST-00298,PHONE,INBOUND,2025-06-11 06:30:00,150,GENERAL_INQUIRY,"Hi, calling to update my address. Everything's been great with my coverage. The claim I had last year was handled beautifully.","Hi, calling to update my address. Everything's been great with my coverage. The claim I had last year was handled beautifully.",POSITIVE,0.8033,RESOLVED,POL-00434,
INT-000735,CUST-00298,EMAIL,INBOUND,2025-07-05 10:30:00,,POLICY_CHANGE,,Email inquiry about policy change,NEGATIVE,0.4653,FOLLOW_UP,POL-00434,
INT-000736,CUST-00299,WEB,INBOUND,2025-06-27 10:30:00,490,POLICY_VIEW,,Web session: viewed policy view page,,,,,
INT-000737,CUST-00300,PHONE,INBOUND,2025-06-13 07:30:00,215,POLICY_CHANGE,"Hi, I need to update vehicle information on my auto policy. I recently purchased a new car and want the right coverage.","Hi, I need to update vehicle information on my auto policy. I recently purchased a new car and want the right coverage.",NEUTRAL,0.5104,RESOLVED,POL-00436,
INT-000738,CUST-00301,PHONE,INBOUND,2025-06-24 10:30:00,442,CLAIM_STATUS,"Hello, I'd like to check on claim CLM-00058. I filed it 240 days ago for liability and I'm wondering when to expect a resolution.","Hello, I'd like to check on claim CLM-00058. I filed it 240 days ago for liability and I'm wondering when to expect a resolution.",NEUTRAL,0.3589,FOLLOW_UP,,CLM-00058
INT-000739,CUST-00301,PHONE,INBOUND,2025-07-04 09:30:00,317,CLAIM_STATUS,"I'm getting really frustrated with claim CLM-00058. 240 days, no updates, no communication. When is someone going to handle this?","I'm getting really frustrated with claim CLM-00058. 240 days, no updates, no communication. When is someone going to handle this?",NEGATIVE,0.1899,FOLLOW_UP,,CLM-00058
INT-000740,CUST-00301,PHONE,INBOUND,2025-07-12 10:30:00,299,CLAIM_STATUS,I am extremely upset about claim CLM-00058. 240 days! I was not at fault and yet I'm suffering. No one returns my calls. This is completely unacceptable.,I am extremely upset about claim CLM-00058. 240 days! I was not at fault and yet I'm suffering. No one returns my calls. This is completely...,NEGATIVE,0.0968,UNRESOLVED,,CLM-00058
INT-000741,CUST-00301,PHONE,INBOUND,2025-06-23 02:30:00,191,CLAIM_STATUS,I am extremely upset about claim CLM-00057. 247 days! I was not at fault and yet I'm suffering. No one returns my calls. This is completely unacceptable.,I am extremely upset about claim CLM-00057. 247 days! I was not at fault and yet I'm suffering. No one returns my calls. This is completely...,NEGATIVE,0.1503,ESCALATED,,CLM-00057
INT-000742,CUST-00301,PHONE,INBOUND,2025-06-30 04:30:00,142,BILLING_INQUIRY,"Why is my account past due when I made a payment of 10,570 for POL-00437? I have the confirmation. Someone on your end messed up.","Why is my account past due when I made a payment of 10,570 for POL-00437? I have the confirmation. Someone on your end messed up.",NEGATIVE,0.3096,RESOLVED,POL-00437,
INT-000743,CUST-00301,WEB,INBOUND,2025-06-26 04:30:00,199,COVERAGE_REVIEW,,Web session: viewed coverage review page,,,,,
INT-000744,CUST-00302,PHONE,INBOUND,2025-07-03 02:30:00,135,BILLING_INQUIRY,"I've been trying to resolve a billing issue for POL-00439 for weeks. I keep getting different answers. My payment was 8,018 and now you say I owe more.","I've been trying to resolve a billing issue for POL-00439 for weeks. I keep getting different answers. My payment was 8,018 and now you say I owe...",NEGATIVE,0.2344,RESOLVED,POL-00439,
INT-000745,CUST-00302,PHONE,INBOUND,2025-04-05 06:30:00,156,ADDRESS_CHANGE,I'd like information about adding umbrella coverage to my existing policies. What are my options?,I'd like information about adding umbrella coverage to my existing policies. What are my options?,NEUTRAL,0.49,RESOLVED,POL-00439,
INT-000746,CUST-00302,WEB,INBOUND,2025-06-15 10:30:00,282,FAQ,,Web session: viewed faq page,,,,,
INT-000747,CUST-00303,PHONE,INBOUND,2025-07-05 07:30:00,173,GENERAL_INQUIRY,"Hello, I need to add a new vehicle. By the way, your claims team did an excellent job last time. Very smooth process.","Hello, I need to add a new vehicle. By the way, your claims team did an excellent job last time. Very smooth process.",POSITIVE,0.9197,RESOLVED,POL-00440,
INT-000748,CUST-00303,WEB,INBOUND,2025-06-24 01:30:00,232,FAQ,,Web session: viewed faq page,,,,,
INT-000749,CUST-00304,WEB,INBOUND,2025-06-16 02:30:00,105,ACCOUNT_LOGIN,,Web session: viewed account login page,,,,,
INT-000750,CUST-00304,WEB,INBOUND,2025-06-16 09:30:00,463,RATE_COMPARISON,,Web session: viewed rate comparison page,,,,,
INT-000751,CUST-00304,WEB,INBOUND,2025-05-22 10:30:00,314,FAQ,,Web session: viewed faq page,,,,,
INT-000752,CUST-00305,PHONE,INBOUND,2025-05-30 03:30:00,145,GENERAL_INQUIRY,"Hello, I need to add a new vehicle. By the way, your claims team did an excellent job last time. Very smooth process.","Hello, I need to add a new vehicle. By the way, your claims team did an excellent job last time. Very smooth process.",POSITIVE,0.843,RESOLVED,POL-00442,
INT-000753,CUST-00306,WEB,INBOUND,2025-06-02 01:30:00,380,COVERAGE_REVIEW,,Web session: viewed coverage review page,,,,,
INT-000754,CUST-00307,PHONE,INBOUND,2025-06-17 07:30:00,119,GENERAL_INQUIRY,"Hello, I need to add a new vehicle. By the way, your claims team did an excellent job last time. Very smooth process.","Hello, I need to add a new vehicle. By the way, your claims team did an excellent job last time. Very smooth process.",POSITIVE,0.9164,RESOLVED,POL-00444,
INT-000755,CUST-00307,WEB,INBOUND,2025-05-18 20:30:00,348,COVERAGE_REVIEW,,Web session: viewed coverage review page,,,,,
INT-000756,CUST-00307,WEB,INBOUND,2025-06-04 23:30:00,214,COVERAGE_REVIEW,,Web session: viewed coverage review page,,,,,
INT-000757,CUST-00307,WEB,INBOUND,2025-06-20 00:30:00,386,BILLING_VIEW,,Web session: viewed billing view page,,,,,
INT-000758,CUST-00308,PHONE,INBOUND,2025-06-23 07:30:00,285,BILLING_INQUIRY,"I've been trying to resolve a billing issue for POL-00445 for weeks. I keep getting different answers. My payment was 13,711 and now you say I owe more.","I've been trying to resolve a billing issue for POL-00445 for weeks. I keep getting different answers. My payment was 13,711 and now you say I owe...",NEGATIVE,0.314,FOLLOW_UP,POL-00445,
INT-000759,CUST-00309,PHONE,INBOUND,2025-07-08 08:30:00,249,BILLING_INQUIRY,"Why is my account past due when I made a payment of 7,549 for POL-00447? I have the confirmation. Someone on your end messed up.","Why is my account past due when I made a payment of 7,549 for POL-00447? I have the confirmation. Someone on your end messed up.",NEGATIVE,0.2772,FOLLOW_UP,POL-00447,
INT-000760,CUST-00309,WEB,INBOUND,2025-07-01 22:30:00,387,COVERAGE_REVIEW,,Web session: viewed coverage review page,,,,,
INT-000761,CUST-00309,WEB,INBOUND,2025-05-21 02:30:00,367,CLAIM_VIEW,,Web session: viewed claim view page,,,,,
INT-000762,CUST-00309,WEB,INBOUND,2025-06-02 07:30:00,187,COVERAGE_REVIEW,,Web session: viewed coverage review page,,,,,
INT-000763,CUST-00311,PHONE,INBOUND,2025-06-29 03:30:00,183,POLICY_CHANGE,"Hi, calling to update my address. Everything's been great with my coverage. The claim I had last year was handled beautifully.","Hi, calling to update my address. Everything's been great with my coverage. The claim I had last year was handled beautifully.",POSITIVE,0.841,RESOLVED,POL-00450,
INT-000764,CUST-00311,WEB,INBOUND,2025-06-17 10:30:00,133,CLAIM_VIEW,,Web session: viewed claim view page,,,,,
INT-000765,CUST-00311,WEB,INBOUND,2025-06-13 21:30:00,357,POLICY_VIEW,,Web session: viewed policy view page,,,,,
INT-000766,CUST-00311,WEB,INBOUND,2025-06-15 01:30:00,154,ACCOUNT_LOGIN,,Web session: viewed account login page,,,,,
INT-000767,CUST-00312,PHONE,INBOUND,2025-05-28 06:30:00,127,POLICY_CHANGE,I'd like information about adding umbrella coverage to my existing policies. What are my options?,I'd like information about adding umbrella coverage to my existing policies. What are my options?,NEUTRAL,0.5311,RESOLVED,POL-00451,
INT-000768,CUST-00312,WEB,INBOUND,2025-05-23 01:30:00,488,RATE_COMPARISON,,Web session: viewed rate comparison page,,,,,
INT-000769,CUST-00312,EMAIL,INBOUND,2025-06-26 10:30:00,,GENERAL_INQUIRY,,Email inquiry about general inquiry,NEGATIVE,0.3902,RESOLVED,POL-00451,
INT-000770,CUST-00313,PHONE,INBOUND,2025-06-27 04:30:00,258,BILLING_INQUIRY,"Hello, I noticed my payment of 5,984 didn't go through for POL-00452. I want to make sure my coverage isn't affected.","Hello, I noticed my payment of 5,984 didn't go through for POL-00452. I want to make sure my coverage isn't affected.",NEUTRAL,0.4161,RESOLVED,POL-00452,
INT-000771,CUST-00313,WEB,INBOUND,2025-06-07 08:30:00,159,CLAIM_VIEW,,Web session: viewed claim view page,,,,,
INT-000772,CUST-00313,WEB,INBOUND,2025-06-05 21:30:00,86,FAQ,,Web session: viewed faq page,,,,,
INT-000773,CUST-00313,WEB,INBOUND,2025-06-23 10:30:00,207,CANCELLATION_PAGE,,Web session: viewed cancellation page page,,,,,
INT-000774,CUST-00314,PHONE,INBOUND,2025-04-20 05:30:00,74,GENERAL_INQUIRY,I'm calling about bundling my policies. I have auto and I'm interested in home coverage. Very happy with the service so far.,I'm calling about bundling my policies. I have auto and I'm interested in home coverage. Very happy with the service so far.,POSITIVE,0.812,RESOLVED,POL-00454,
INT-000775,CUST-00314,WEB,INBOUND,2025-06-18 09:30:00,500,COVERAGE_REVIEW,,Web session: viewed coverage review page,,,,,
INT-000776,CUST-00315,PHONE,INBOUND,2025-06-27 10:30:00,82,GENERAL_INQUIRY,I'd like information about adding umbrella coverage to my existing policies. What are my options?,I'd like information about adding umbrella coverage to my existing policies. What are my options?,NEUTRAL,0.5123,RESOLVED,POL-00455,
INT-000777,CUST-00316,PHONE,INBOUND,2025-07-03 02:30:00,266,BILLING_INQUIRY,"Hi, I'm calling about a billing issue on policy POL-00456. I see a charge that doesn't match what I expected. Can you help?","Hi, I'm calling about a billing issue on policy POL-00456. I see a charge that doesn't match what I expected. Can you help?",NEUTRAL,0.4031,FOLLOW_UP,POL-00456,
INT-000778,CUST-00316,WEB,INBOUND,2025-06-14 08:30:00,253,POLICY_VIEW,,Web session: viewed policy view page,,,,,
INT-000779,CUST-00316,WEB,INBOUND,2025-07-10 10:30:00,298,POLICY_VIEW,,Web session: viewed policy view page,,,,,
INT-000780,CUST-00317,PHONE,INBOUND,2025-05-29 09:30:00,141,COVERAGE_QUESTION,I'd like information about adding umbrella coverage to my existing policies. What are my options?,I'd like information about adding umbrella coverage to my existing policies. What are my options?,NEUTRAL,0.4745,RESOLVED,POL-00458,
INT-000781,CUST-00317,WEB,INBOUND,2025-07-06 09:30:00,573,COVERAGE_REVIEW,,Web session: viewed coverage review page,,,,,
INT-000782,CUST-00319,PHONE,INBOUND,2025-07-09 07:30:00,218,BILLING_INQUIRY,"Hello, I noticed my payment of 7,804 didn't go through for POL-00460. I want to make sure my coverage isn't affected.","Hello, I noticed my payment of 7,804 didn't go through for POL-00460. I want to make sure my coverage isn't affected.",NEUTRAL,0.4322,FOLLOW_UP,POL-00460,
INT-000783,CUST-00319,PHONE,INBOUND,2025-05-13 04:30:00,89,COVERAGE_QUESTION,"Hi, calling to update my address. Everything's been great with my coverage. The claim I had last year was handled beautifully.","Hi, calling to update my address. Everything's been great with my coverage. The claim I had last year was handled beautifully.",POSITIVE,0.8233,RESOLVED,POL-00460,
INT-000784,CUST-00319,WEB,INBOUND,2025-06-23 20:30:00,97,CANCELLATION_PAGE,,Web session: viewed cancellation page page,,,,,
INT-000785,CUST-00320,PHONE,INBOUND,2025-06-16 07:30:00,207,POLICY_CHANGE,"Hi, I need to update vehicle information on my auto policy. I recently purchased a new car and want the right coverage.","Hi, I need to update vehicle information on my auto policy. I recently purchased a new car and want the right coverage.",NEUTRAL,0.5337,RESOLVED,POL-00461,
INT-000786,CUST-00320,WEB,INBOUND,2025-06-23 08:30:00,576,COVERAGE_REVIEW,,Web session: viewed coverage review page,,,,,
INT-000787,CUST-00320,EMAIL,INBOUND,2025-06-04 10:30:00,,POLICY_CHANGE,,Email inquiry about policy change,NEGATIVE,0.5279,RESOLVED,POL-00461,
INT-000788,CUST-00321,PHONE,INBOUND,2025-06-23 05:30:00,162,BILLING_INQUIRY,"Hello, I noticed my payment of 15,371 didn't go through for POL-00462. I want to make sure my coverage isn't affected.","Hello, I noticed my payment of 15,371 didn't go through for POL-00462. I want to make sure my coverage isn't affected.",NEUTRAL,0.4083,FOLLOW_UP,POL-00462,
INT-000789,CUST-00323,PHONE,INBOUND,2025-06-22 04:30:00,300,BILLING_INQUIRY,I've been trying to resolve a billing issue for POL-00466 for weeks. I keep getting different answers. My payment was 820 and now you say I owe more.,I've been trying to resolve a billing issue for POL-00466 for weeks. I keep getting different answers. My payment was 820 and now you say I owe more.,NEGATIVE,0.2922,FOLLOW_UP,POL-00466,
INT-000790,CUST-00323,WEB,INBOUND,2025-05-19 20:30:00,346,ACCOUNT_LOGIN,,Web session: viewed account login page,,,,,
INT-000791,CUST-00324,PHONE,INBOUND,2025-07-04 10:30:00,274,BILLING_INQUIRY,"Hi, I'm calling about a billing issue on policy POL-00468. I see a charge that doesn't match what I expected. Can you help?","Hi, I'm calling about a billing issue on policy POL-00468. I see a charge that doesn't match what I expected. Can you help?",NEUTRAL,0.3546,RESOLVED,POL-00468,
INT-000792,CUST-00325,PHONE,INBOUND,2025-04-24 03:30:00,159,GENERAL_INQUIRY,"Hello, calling to ask about my coverage limits. I want to make sure I have adequate protection. Can someone review my policy?","Hello, calling to ask about my coverage limits. I want to make sure I have adequate protection. Can someone review my policy?",NEUTRAL,0.5202,RESOLVED,POL-00469,
INT-000793,CUST-00325,WEB,INBOUND,2025-05-16 01:30:00,394,ACCOUNT_LOGIN,,Web session: viewed account login page,,,,,
INT-000794,CUST-00326,PHONE,INBOUND,2025-07-06 02:30:00,256,CLAIM_STATUS,"Hi, I'm calling about claim CLM-00171. It's been 44 days since I filed and I haven't heard much. Can you give me an update?","Hi, I'm calling about claim CLM-00171. It's been 44 days since I filed and I haven't heard much. Can you give me an update?",NEUTRAL,0.4213,FOLLOW_UP,,CLM-00171
INT-000795,CUST-00326,PHONE,INBOUND,2025-07-12 06:30:00,331,CLAIM_STATUS,This is my second call about claim CLM-00171. It's been 44 days with no resolution. Every time I call I get told it's under review. What's the holdup?,This is my second call about claim CLM-00171. It's been 44 days with no resolution. Every time I call I get told it's under review. What's the holdup?,NEGATIVE,0.2455,ESCALATED,,CLM-00171
INT-000796,CUST-00326,PHONE,INBOUND,2025-05-28 09:30:00,108,POLICY_CHANGE,"Hello, calling to ask about my coverage limits. I want to make sure I have adequate protection. Can someone review my policy?","Hello, calling to ask about my coverage limits. I want to make sure I have adequate protection. Can someone review my policy?",NEUTRAL,0.5225,RESOLVED,POL-00470,
INT-000797,CUST-00326,WEB,INBOUND,2025-07-14 08:30:00,382,CANCELLATION_PAGE,,Web session: viewed cancellation page page,,,,,
INT-000798,CUST-00327,PHONE,INBOUND,2025-05-02 03:30:00,110,COVERAGE_QUESTION,"Hello, calling to ask about my coverage limits. I want to make sure I have adequate protection. Can someone review my policy?","Hello, calling to ask about my coverage limits. I want to make sure I have adequate protection. Can someone review my policy?",NEUTRAL,0.527,RESOLVED,POL-00472,
INT-000799,CUST-00327,WEB,INBOUND,2025-06-23 22:30:00,179,CLAIM_VIEW,,Web session: viewed claim view page,,,,,
INT-000800,CUST-00327,WEB,INBOUND,2025-06-27 23:30:00,117,BILLING_VIEW,,Web session: viewed billing view page,,,,,
INT-000801,CUST-00327,EMAIL,INBOUND,2025-06-14 10:30:00,,GENERAL_INQUIRY,,Email inquiry about general inquiry,NEUTRAL,0.5469,FOLLOW_UP,POL-00471,
INT-000802,CUST-00328,PHONE,INBOUND,2025-04-22 09:30:00,178,COVERAGE_QUESTION,"Hi, I need to update vehicle information on my auto policy. I recently purchased a new car and want the right coverage.","Hi, I need to update vehicle information on my auto policy. I recently purchased a new car and want the right coverage.",NEUTRAL,0.5461,RESOLVED,POL-00474,
INT-000803,CUST-00329,PHONE,INBOUND,2025-05-06 04:30:00,70,GENERAL_INQUIRY,"Hi, calling to update my address. Everything's been great with my coverage. The claim I had last year was handled beautifully.","Hi, calling to update my address. Everything's been great with my coverage. The claim I had last year was handled beautifully.",POSITIVE,0.8312,RESOLVED,POL-00475,
INT-000804,CUST-00329,WEB,INBOUND,2025-07-11 23:30:00,179,FAQ,,Web session: viewed faq page,,,,,
INT-000805,CUST-00329,WEB,INBOUND,2025-06-08 08:30:00,172,CANCELLATION_PAGE,,Web session: viewed cancellation page page,,,,,
INT-000806,CUST-00329,WEB,INBOUND,2025-06-12 03:30:00,205,POLICY_VIEW,,Web session: viewed policy view page,,,,,
INT-000807,CUST-00330,PHONE,INBOUND,2025-07-04 07:30:00,103,POLICY_CHANGE,I'd like information about adding umbrella coverage to my existing policies. What are my options?,I'd like information about adding umbrella coverage to my existing policies. What are my options?,NEUTRAL,0.5216,RESOLVED,POL-00476,
INT-000808,CUST-00330,WEB,INBOUND,2025-06-21 22:30:00,587,FAQ,,Web session: viewed faq page,,,,,
INT-000809,CUST-00330,WEB,INBOUND,2025-06-22 08:30:00,513,POLICY_VIEW,,Web session: viewed policy view page,,,,,
INT-000810,CUST-00330,EMAIL,INBOUND,2025-07-10 10:30:00,,GENERAL_INQUIRY,,Email inquiry about general inquiry,NEGATIVE,0.5112,FOLLOW_UP,POL-00476,
INT-000811,CUST-00331,PHONE,INBOUND,2025-06-24 10:30:00,464,CLAIM_STATUS,"Hello, I'd like to check on claim CLM-00150. I filed it 139 days ago for collision and I'm wondering when to expect a resolution.","Hello, I'd like to check on claim CLM-00150. I filed it 139 days ago for collision and I'm wondering when to expect a resolution.",NEUTRAL,0.3753,FOLLOW_UP,,CLM-00150
INT-000812,CUST-00331,PHONE,INBOUND,2025-07-07 10:30:00,202,CLAIM_STATUS,"I'm getting really frustrated with claim CLM-00150. 139 days, no updates, no communication. When is someone going to handle this?","I'm getting really frustrated with claim CLM-00150. 139 days, no updates, no communication. When is someone going to handle this?",NEGATIVE,0.2755,FOLLOW_UP,,CLM-00150
INT-000813,CUST-00331,PHONE,INBOUND,2025-07-12 05:30:00,442,CLAIM_STATUS,"Claim CLM-00150 has been open for 139 days. I've called multiple times, been transferred, promised callbacks that never happen. I'm at my wit's end.","Claim CLM-00150 has been open for 139 days. I've called multiple times, been transferred, promised callbacks that never happen. I'm at my wit's end.",NEGATIVE,0.1562,ESCALATED,,CLM-00150
INT-000814,CUST-00331,PHONE,INBOUND,2025-06-23 09:30:00,210,BILLING_INQUIRY,"Why is my account past due when I made a payment of 2,668 for POL-00478? I have the confirmation. Someone on your end messed up.","Why is my account past due when I made a payment of 2,668 for POL-00478? I have the confirmation. Someone on your end messed up.",NEGATIVE,0.1893,FOLLOW_UP,POL-00478,
INT-000815,CUST-00331,EMAIL,INBOUND,2025-06-25 10:30:00,,GENERAL_INQUIRY,,Email inquiry about general inquiry,NEGATIVE,0.4775,RESOLVED,POL-00478,
INT-000816,CUST-00332,EMAIL,INBOUND,2025-07-01 10:30:00,,POLICY_CHANGE,,Email inquiry about policy change,NEUTRAL,0.549,RESOLVED,POL-00479,
INT-000817,CUST-00333,PHONE,INBOUND,2025-07-14 06:30:00,240,POLICY_CHANGE,"Hi, calling to update my address. Everything's been great with my coverage. The claim I had last year was handled beautifully.","Hi, calling to update my address. Everything's been great with my coverage. The claim I had last year was handled beautifully.",POSITIVE,0.9119,RESOLVED,POL-00481,
INT-000818,CUST-00333,WEB,INBOUND,2025-05-18 21:30:00,232,CANCELLATION_PAGE,,Web session: viewed cancellation page page,,,,,
INT-000819,CUST-00334,PHONE,INBOUND,2025-05-02 09:30:00,96,COVERAGE_QUESTION,I'm calling about bundling my policies. I have auto and I'm interested in home coverage. Very happy with the service so far.,I'm calling about bundling my policies. I have auto and I'm interested in home coverage. Very happy with the service so far.,POSITIVE,0.8172,RESOLVED,POL-00483,
INT-000820,CUST-00334,WEB,INBOUND,2025-05-30 04:30:00,462,POLICY_VIEW,,Web session: viewed policy view page,,,,,
INT-000821,CUST-00334,WEB,INBOUND,2025-05-21 20:30:00,424,COVERAGE_REVIEW,,Web session: viewed coverage review page,,,,,
INT-000822,CUST-00335,PHONE,INBOUND,2025-07-06 06:30:00,185,BILLING_INQUIRY,"Why is my account past due when I made a payment of 3,020 for POL-00486? I have the confirmation. Someone on your end messed up.","Why is my account past due when I made a payment of 3,020 for POL-00486? I have the confirmation. Someone on your end messed up.",NEGATIVE,0.1813,RESOLVED,POL-00486,
INT-000823,CUST-00335,EMAIL,INBOUND,2025-07-08 10:30:00,,POLICY_CHANGE,,Email inquiry about policy change,NEGATIVE,0.366,FOLLOW_UP,POL-00485,
INT-000824,CUST-00336,PHONE,INBOUND,2025-07-02 09:30:00,145,BILLING_INQUIRY,"Hello, I noticed my payment of 13,263 didn't go through for POL-00487. I want to make sure my coverage isn't affected.","Hello, I noticed my payment of 13,263 didn't go through for POL-00487. I want to make sure my coverage isn't affected.",NEUTRAL,0.379,RESOLVED,POL-00487,
INT-000825,CUST-00336,WEB,INBOUND,2025-06-25 08:30:00,452,RATE_COMPARISON,,Web session: viewed rate comparison page,,,,,
INT-000826,CUST-00337,PHONE,INBOUND,2025-07-01 09:30:00,204,CLAIM_STATUS,I am extremely upset about claim CLM-00196. 104 days! I was not at fault and yet I'm suffering. No one returns my calls. This is completely unacceptable.,I am extremely upset about claim CLM-00196. 104 days! I was not at fault and yet I'm suffering. No one returns my calls. This is completely...,NEGATIVE,0.1386,ESCALATED,,CLM-00196
INT-000827,CUST-00337,PHONE,INBOUND,2025-03-29 07:30:00,206,COVERAGE_QUESTION,"Hello, I need to add a new vehicle. By the way, your claims team did an excellent job last time. Very smooth process.","Hello, I need to add a new vehicle. By the way, your claims team did an excellent job last time. Very smooth process.",POSITIVE,0.9227,RESOLVED,POL-00489,
INT-000828,CUST-00338,PHONE,INBOUND,2025-07-05 02:30:00,154,BILLING_INQUIRY,"Why is my account past due when I made a payment of 3,229 for POL-00490? I have the confirmation. Someone on your end messed up.","Why is my account past due when I made a payment of 3,229 for POL-00490? I have the confirmation. Someone on your end messed up.",NEGATIVE,0.2024,RESOLVED,POL-00490,
INT-000829,CUST-00338,WEB,INBOUND,2025-06-24 02:30:00,227,COVERAGE_REVIEW,,Web session: viewed coverage review page,,,,,
INT-000830,CUST-00338,WEB,INBOUND,2025-06-15 00:30:00,341,BILLING_VIEW,,Web session: viewed billing view page,,,,,
INT-000831,CUST-00338,WEB,INBOUND,2025-06-29 05:30:00,88,FAQ,,Web session: viewed faq page,,,,,
INT-000832,CUST-00340,PHONE,INBOUND,2025-06-30 04:30:00,466,CLAIM_STATUS,"Hello, I'd like to check on claim CLM-00085. I filed it 79 days ago for liability and I'm wondering when to expect a resolution.","Hello, I'd like to check on claim CLM-00085. I filed it 79 days ago for liability and I'm wondering when to expect a resolution.",NEUTRAL,0.4246,FOLLOW_UP,,CLM-00085
INT-000833,CUST-00340,PHONE,INBOUND,2025-07-06 08:30:00,174,CLAIM_STATUS,"I'm getting really frustrated with claim CLM-00085. 79 days, no updates, no communication. When is someone going to handle this?","I'm getting really frustrated with claim CLM-00085. 79 days, no updates, no communication. When is someone going to handle this?",NEGATIVE,0.1865,FOLLOW_UP,,CLM-00085
INT-000834,CUST-00340,PHONE,INBOUND,2025-07-12 03:30:00,286,CLAIM_STATUS,I am extremely upset about claim CLM-00085. 79 days! I was not at fault and yet I'm suffering. No one returns my calls. This is completely unacceptable.,I am extremely upset about claim CLM-00085. 79 days! I was not at fault and yet I'm suffering. No one returns my calls. This is completely...,NEGATIVE,0.1715,ESCALATED,,CLM-00085
INT-000835,CUST-00340,WEB,INBOUND,2025-06-10 02:30:00,441,RATE_COMPARISON,,Web session: viewed rate comparison page,,,,,
INT-000836,CUST-00340,EMAIL,INBOUND,2025-07-09 10:30:00,,POLICY_CHANGE,,Email inquiry about policy change,NEGATIVE,0.4329,RESOLVED,POL-00492,
INT-000837,CUST-00341,PHONE,INBOUND,2025-04-30 02:30:00,180,GENERAL_INQUIRY,I'd like information about adding umbrella coverage to my existing policies. What are my options?,I'd like information about adding umbrella coverage to my existing policies. What are my options?,NEUTRAL,0.5391,RESOLVED,POL-00494,
INT-000838,CUST-00341,WEB,INBOUND,2025-05-23 20:30:00,346,COVERAGE_REVIEW,,Web session: viewed coverage review page,,,,,
INT-000839,CUST-00342,PHONE,INBOUND,2025-04-17 08:30:00,135,ADDRESS_CHANGE,"Hello, I need to add a new vehicle. By the way, your claims team did an excellent job last time. Very smooth process.","Hello, I need to add a new vehicle. By the way, your claims team did an excellent job last time. Very smooth process.",POSITIVE,0.9436,RESOLVED,POL-00495,
INT-000840,CUST-00343,PHONE,INBOUND,2025-04-29 09:30:00,215,COVERAGE_QUESTION,"Hello, calling to ask about my coverage limits. I want to make sure I have adequate protection. Can someone review my policy?","Hello, calling to ask about my coverage limits. I want to make sure I have adequate protection. Can someone review my policy?",NEUTRAL,0.4821,RESOLVED,POL-00496,
INT-000841,CUST-00343,WEB,INBOUND,2025-05-25 03:30:00,591,FAQ,,Web session: viewed faq page,,,,,
INT-000842,CUST-00344,WEB,INBOUND,2025-06-15 04:30:00,482,FAQ,,Web session: viewed faq page,,,,,
INT-000843,CUST-00344,WEB,INBOUND,2025-05-20 06:30:00,136,CLAIM_VIEW,,Web session: viewed claim view page,,,,,
INT-000844,CUST-00344,EMAIL,INBOUND,2025-06-20 10:30:00,,BILLING_INQUIRY,,Email inquiry about billing inquiry,NEGATIVE,0.542,FOLLOW_UP,POL-00497,
INT-000845,CUST-00345,PHONE,INBOUND,2025-07-02 09:30:00,205,CLAIM_STATUS,"Hello, I'd like to check on claim CLM-00122. I filed it 93 days ago for liability and I'm wondering when to expect a resolution.","Hello, I'd like to check on claim CLM-00122. I filed it 93 days ago for liability and I'm wondering when to expect a resolution.",NEUTRAL,0.4159,FOLLOW_UP,,CLM-00122
INT-000846,CUST-00345,PHONE,INBOUND,2025-07-06 08:30:00,223,CLAIM_STATUS,This is my second call about claim CLM-00122. It's been 93 days with no resolution. Every time I call I get told it's under review. What's the holdup?,This is my second call about claim CLM-00122. It's been 93 days with no resolution. Every time I call I get told it's under review. What's the holdup?,NEGATIVE,0.2887,FOLLOW_UP,,CLM-00122
INT-000847,CUST-00345,PHONE,INBOUND,2025-07-12 02:30:00,259,CLAIM_STATUS,"Claim CLM-00122 has been open for 93 days. I've called multiple times, been transferred, promised callbacks that never happen. I'm at my wit's end.","Claim CLM-00122 has been open for 93 days. I've called multiple times, been transferred, promised callbacks that never happen. I'm at my wit's end.",NEGATIVE,0.0861,ESCALATED,,CLM-00122
INT-000848,CUST-00345,WEB,INBOUND,2025-05-19 02:30:00,262,CANCELLATION_PAGE,,Web session: viewed cancellation page page,,,,,
INT-000849,CUST-00345,EMAIL,INBOUND,2025-06-13 10:30:00,,POLICY_CHANGE,,Email inquiry about policy change,NEGATIVE,0.5256,RESOLVED,POL-00500,
INT-000850,CUST-00346,PHONE,INBOUND,2025-05-16 04:30:00,86,POLICY_CHANGE,I'd like information about adding umbrella coverage to my existing policies. What are my options?,I'd like information about adding umbrella coverage to my existing policies. What are my options?,NEUTRAL,0.5384,RESOLVED,POL-00501,
INT-000851,CUST-00346,WEB,INBOUND,2025-05-16 22:30:00,255,FAQ,,Web session: viewed faq page,,,,,
INT-000852,CUST-00346,WEB,INBOUND,2025-07-01 02:30:00,583,COVERAGE_REVIEW,,Web session: viewed coverage review page,,,,,
INT-000853,CUST-00346,WEB,INBOUND,2025-05-19 02:30:00,179,COVERAGE_REVIEW,,Web session: viewed coverage review page,,,,,
INT-000854,CUST-00347,WEB,INBOUND,2025-06-08 21:30:00,436,CANCELLATION_PAGE,,Web session: viewed cancellation page page,,,,,
INT-000855,CUST-00347,WEB,INBOUND,2025-06-12 00:30:00,294,ACCOUNT_LOGIN,,Web session: viewed account login page,,,,,
INT-000856,CUST-00347,WEB,INBOUND,2025-05-26 07:30:00,508,FAQ,,Web session: viewed faq page,,,,,
INT-000857,CUST-00348,PHONE,INBOUND,2025-06-30 06:30:00,411,CLAIM_STATUS,"Hi, I'm calling about claim CLM-00043. It's been 300 days since I filed and I haven't heard much. Can you give me an update?","Hi, I'm calling about claim CLM-00043. It's been 300 days since I filed and I haven't heard much. Can you give me an update?",NEUTRAL,0.4212,FOLLOW_UP,,CLM-00043
INT-000858,CUST-00348,PHONE,INBOUND,2025-07-07 06:30:00,374,CLAIM_STATUS,This is my second call about claim CLM-00043. It's been 300 days with no resolution. Every time I call I get told it's under review. What's the holdup?,This is my second call about claim CLM-00043. It's been 300 days with no resolution. Every time I call I get told it's under review. What's the...,NEGATIVE,0.2458,FOLLOW_UP,,CLM-00043
INT-000859,CUST-00348,PHONE,INBOUND,2025-07-12 06:30:00,261,CLAIM_STATUS,"Claim CLM-00043 has been open for 300 days. I've called multiple times, been transferred, promised callbacks that never happen. I'm at my wit's end.","Claim CLM-00043 has been open for 300 days. I've called multiple times, been transferred, promised callbacks that never happen. I'm at my wit's end.",NEGATIVE,0.1415,UNRESOLVED,,CLM-00043
INT-000860,CUST-00349,PHONE,INBOUND,2025-04-24 07:30:00,147,COVERAGE_QUESTION,I'm calling about bundling my policies. I have auto and I'm interested in home coverage. Very happy with the service so far.,I'm calling about bundling my policies. I have auto and I'm interested in home coverage. Very happy with the service so far.,POSITIVE,0.8639,RESOLVED,POL-00504,
INT-000861,CUST-00350,PHONE,INBOUND,2025-07-05 05:30:00,135,CLAIM_STATUS,"Hi, I'm calling about claim CLM-00061. It's been 36 days since I filed and I haven't heard much. Can you give me an update?","Hi, I'm calling about claim CLM-00061. It's been 36 days since I filed and I haven't heard much. Can you give me an update?",NEUTRAL,0.4189,FOLLOW_UP,,CLM-00061
INT-000862,CUST-00350,PHONE,INBOUND,2025-07-12 03:30:00,432,CLAIM_STATUS,This is my second call about claim CLM-00061. It's been 36 days with no resolution. Every time I call I get told it's under review. What's the holdup?,This is my second call about claim CLM-00061. It's been 36 days with no resolution. Every time I call I get told it's under review. What's the holdup?,NEGATIVE,0.2277,ESCALATED,,CLM-00061
INT-000863,CUST-00350,PHONE,INBOUND,2025-06-23 02:30:00,213,BILLING_INQUIRY,"I've been trying to resolve a billing issue for POL-00505 for weeks. I keep getting different answers. My payment was 3,612 and now you say I owe more.","I've been trying to resolve a billing issue for POL-00505 for weeks. I keep getting different answers. My payment was 3,612 and now you say I owe...",NEGATIVE,0.2447,FOLLOW_UP,POL-00505,
INT-000864,CUST-00350,WEB,INBOUND,2025-05-16 00:30:00,456,RATE_COMPARISON,,Web session: viewed rate comparison page,,,,,
INT-000865,CUST-00350,WEB,INBOUND,2025-06-01 22:30:00,417,CANCELLATION_PAGE,,Web session: viewed cancellation page page,,,,,
INT-000866,CUST-00351,PHONE,INBOUND,2025-06-21 07:30:00,245,BILLING_INQUIRY,"I've been trying to resolve a billing issue for POL-00506 for weeks. I keep getting different answers. My payment was 6,564 and now you say I owe more.","I've been trying to resolve a billing issue for POL-00506 for weeks. I keep getting different answers. My payment was 6,564 and now you say I owe...",NEGATIVE,0.3187,RESOLVED,POL-00506,
INT-000867,CUST-00352,WEB,INBOUND,2025-05-22 03:30:00,427,BILLING_VIEW,,Web session: viewed billing view page,,,,,
INT-000868,CUST-00352,WEB,INBOUND,2025-07-07 20:30:00,227,FAQ,,Web session: viewed faq page,,,,,
INT-000869,CUST-00353,PHONE,INBOUND,2025-06-22 04:30:00,260,PREMIUM_INQUIRY,"Hello, I'm calling about my auto policy POL-00508. I received my renewal notice and the premium is going up from 13,904 to 17,673. That's about 27 percent more. I've been with you 0 years and I'd appreciate an explanation.","Hello, I'm calling about my auto policy POL-00508. I received my renewal notice and the premium is going up from 13,904 to 17,673. That's about 27...",NEUTRAL,0.3888,FOLLOW_UP,POL-00508,
INT-000870,CUST-00353,PHONE,INBOUND,2025-07-03 05:30:00,544,COMPLAINT,"I need to talk to someone about my renewal for POL-00508. A 27 percent increase from 13,904 to 17,673 is unacceptable. I have no claims and nothing has changed. Why are my rates going up this much?","I need to talk to someone about my renewal for POL-00508. A 27 percent increase from 13,904 to 17,673 is unacceptable. I have no claims and nothing...",NEGATIVE,0.2076,ESCALATED,POL-00508,
INT-000871,CUST-00353,PHONE,INBOUND,2025-07-10 08:30:00,300,COMPLAINT,"Unbelievable. 17,673 for my auto policy? I just saw my renewal for POL-00508. A 27 percent increase with a clean record. I feel completely taken advantage of.","Unbelievable. 17,673 for my auto policy? I just saw my renewal for POL-00508. A 27 percent increase with a clean record. I feel completely taken...",NEGATIVE,0.1083,ESCALATED,POL-00508,
INT-000872,CUST-00353,WEB,INBOUND,2025-06-23 00:30:00,221,COVERAGE_REVIEW,,Web session: viewed coverage review page,,,,,
INT-000873,CUST-00353,WEB,INBOUND,2025-06-30 09:30:00,171,COVERAGE_REVIEW,,Web session: viewed coverage review page,,,,,
INT-000874,CUST-00353,WEB,INBOUND,2025-05-15 21:30:00,432,CANCELLATION_PAGE,,Web session: viewed cancellation page page,,,,,
INT-000875,CUST-00354,PHONE,INBOUND,2025-06-29 08:30:00,132,ADDRESS_CHANGE,"Hello, I need to add a new vehicle. By the way, your claims team did an excellent job last time. Very smooth process.","Hello, I need to add a new vehicle. By the way, your claims team did an excellent job last time. Very smooth process.",POSITIVE,0.9042,RESOLVED,POL-00510,
INT-000876,CUST-00355,PHONE,INBOUND,2025-07-05 06:30:00,243,BILLING_INQUIRY,"Hi, I'm calling about a billing issue on policy POL-00511. I see a charge that doesn't match what I expected. Can you help?","Hi, I'm calling about a billing issue on policy POL-00511. I see a charge that doesn't match what I expected. Can you help?",NEUTRAL,0.4469,FOLLOW_UP,POL-00511,
INT-000877,CUST-00355,WEB,INBOUND,2025-06-05 05:30:00,278,FAQ,,Web session: viewed faq page,,,,,
INT-000878,CUST-00356,PHONE,INBOUND,2025-06-28 06:30:00,158,BILLING_INQUIRY,"Why is my account past due when I made a payment of 22,585 for POL-00512? I have the confirmation. Someone on your end messed up.","Why is my account past due when I made a payment of 22,585 for POL-00512? I have the confirmation. Someone on your end messed up.",NEGATIVE,0.2283,RESOLVED,POL-00512,
INT-000879,CUST-00356,PHONE,INBOUND,2025-05-22 05:30:00,167,GENERAL_INQUIRY,"Hi, I need to update vehicle information on my auto policy. I recently purchased a new car and want the right coverage.","Hi, I need to update vehicle information on my auto policy. I recently purchased a new car and want the right coverage.",NEUTRAL,0.497,RESOLVED,POL-00512,
INT-000880,CUST-00356,WEB,INBOUND,2025-05-24 03:30:00,143,COVERAGE_REVIEW,,Web session: viewed coverage review page,,,,,
INT-000881,CUST-00357,PHONE,INBOUND,2025-06-23 08:30:00,282,BILLING_INQUIRY,"Hi, I'm calling about a billing issue on policy POL-00513. I see a charge that doesn't match what I expected. Can you help?","Hi, I'm calling about a billing issue on policy POL-00513. I see a charge that doesn't match what I expected. Can you help?",NEUTRAL,0.4427,RESOLVED,POL-00513,
INT-000882,CUST-00357,PHONE,INBOUND,2025-04-25 08:30:00,86,COVERAGE_QUESTION,"Hello, I need to add a new vehicle. By the way, your claims team did an excellent job last time. Very smooth process.","Hello, I need to add a new vehicle. By the way, your claims team did an excellent job last time. Very smooth process.",POSITIVE,0.8487,RESOLVED,POL-00513,
INT-000883,CUST-00357,WEB,INBOUND,2025-06-10 00:30:00,57,POLICY_VIEW,,Web session: viewed policy view page,,,,,
INT-000884,CUST-00357,WEB,INBOUND,2025-06-21 04:30:00,459,POLICY_VIEW,,Web session: viewed policy view page,,,,,
INT-000885,CUST-00357,WEB,INBOUND,2025-06-08 23:30:00,34,CLAIM_VIEW,,Web session: viewed claim view page,,,,,
INT-000886,CUST-00358,PHONE,INBOUND,2025-06-28 05:30:00,164,GENERAL_INQUIRY,"Hello, calling to ask about my coverage limits. I want to make sure I have adequate protection. Can someone review my policy?","Hello, calling to ask about my coverage limits. I want to make sure I have adequate protection. Can someone review my policy?",NEUTRAL,0.5081,RESOLVED,POL-00514,
INT-000887,CUST-00358,WEB,INBOUND,2025-06-13 03:30:00,581,BILLING_VIEW,,Web session: viewed billing view page,,,,,
INT-000888,CUST-00359,PHONE,INBOUND,2025-06-28 08:30:00,190,CLAIM_STATUS,"Hi, I'm calling about claim CLM-00026. It's been 259 days since I filed and I haven't heard much. Can you give me an update?","Hi, I'm calling about claim CLM-00026. It's been 259 days since I filed and I haven't heard much. Can you give me an update?",NEUTRAL,0.3732,FOLLOW_UP,,CLM-00026
INT-000889,CUST-00359,PHONE,INBOUND,2025-07-04 04:30:00,218,CLAIM_STATUS,"I'm getting really frustrated with claim CLM-00026. 259 days, no updates, no communication. When is someone going to handle this?","I'm getting really frustrated with claim CLM-00026. 259 days, no updates, no communication. When is someone going to handle this?",NEGATIVE,0.3001,FOLLOW_UP,,CLM-00026
INT-000890,CUST-00359,PHONE,INBOUND,2025-07-12 10:30:00,138,CLAIM_STATUS,I am extremely upset about claim CLM-00026. 259 days! I was not at fault and yet I'm suffering. No one returns my calls. This is completely unacceptable.,I am extremely upset about claim CLM-00026. 259 days! I was not at fault and yet I'm suffering. No one returns my calls. This is completely...,NEGATIVE,0.1063,UNRESOLVED,,CLM-00026
INT-000891,CUST-00359,PHONE,INBOUND,2025-07-03 08:30:00,282,CLAIM_STATUS,I am extremely upset about claim CLM-00025. 159 days! I was not at fault and yet I'm suffering. No one returns my calls. This is completely unacceptable.,I am extremely upset about claim CLM-00025. 159 days! I was not at fault and yet I'm suffering. No one returns my calls. This is completely...,NEGATIVE,0.1494,ESCALATED,,CLM-00025
INT-000892,CUST-00359,WEB,INBOUND,2025-07-03 08:30:00,484,POLICY_VIEW,,Web session: viewed policy view page,,,,,
INT-000893,CUST-00359,WEB,INBOUND,2025-06-21 05:30:00,440,CANCELLATION_PAGE,,Web session: viewed cancellation page page,,,,,
INT-000894,CUST-00359,WEB,INBOUND,2025-07-08 03:30:00,68,COVERAGE_REVIEW,,Web session: viewed coverage review page,,,,,
INT-000895,CUST-00360,WEB,INBOUND,2025-05-16 23:30:00,378,ACCOUNT_LOGIN,,Web session: viewed account login page,,,,,
INT-000896,CUST-00361,PHONE,INBOUND,2025-06-12 03:30:00,139,POLICY_CHANGE,"Hi, calling to update my address. Everything's been great with my coverage. The claim I had last year was handled beautifully.","Hi, calling to update my address. Everything's been great with my coverage. The claim I had last year was handled beautifully.",POSITIVE,0.8876,RESOLVED,POL-00518,
INT-000897,CUST-00361,WEB,INBOUND,2025-06-13 20:30:00,147,POLICY_VIEW,,Web session: viewed policy view page,,,,,
INT-000898,CUST-00362,WEB,INBOUND,2025-07-02 00:30:00,266,POLICY_VIEW,,Web session: viewed policy view page,,,,,
INT-000899,CUST-00363,PHONE,INBOUND,2025-04-22 09:30:00,216,COVERAGE_QUESTION,I'm calling about bundling my policies. I have auto and I'm interested in home coverage. Very happy with the service so far.,I'm calling about bundling my policies. I have auto and I'm interested in home coverage. Very happy with the service so far.,POSITIVE,0.8894,RESOLVED,POL-00521,
INT-000900,CUST-00364,PHONE,INBOUND,2025-07-09 08:30:00,74,COVERAGE_QUESTION,"Hi, calling to update my address. Everything's been great with my coverage. The claim I had last year was handled beautifully.","Hi, calling to update my address. Everything's been great with my coverage. The claim I had last year was handled beautifully.",POSITIVE,0.826,RESOLVED,POL-00522,
INT-000901,CUST-00364,WEB,INBOUND,2025-06-03 03:30:00,316,BILLING_VIEW,,Web session: viewed billing view page,,,,,
INT-000902,CUST-00366,PHONE,INBOUND,2025-07-07 08:30:00,162,POLICY_CHANGE,"Hi, I need to update vehicle information on my auto policy. I recently purchased a new car and want the right coverage.","Hi, I need to update vehicle information on my auto policy. I recently purchased a new car and want the right coverage.",NEUTRAL,0.5391,RESOLVED,POL-00524,
INT-000903,CUST-00367,WEB,INBOUND,2025-07-13 09:30:00,201,FAQ,,Web session: viewed faq page,,,,,
INT-000904,CUST-00367,WEB,INBOUND,2025-06-18 01:30:00,328,RATE_COMPARISON,,Web session: viewed rate comparison page,,,,,
INT-000905,CUST-00369,PHONE,INBOUND,2025-04-17 06:30:00,64,COVERAGE_QUESTION,"Hello, calling to ask about my coverage limits. I want to make sure I have adequate protection. Can someone review my policy?","Hello, calling to ask about my coverage limits. I want to make sure I have adequate protection. Can someone review my policy?",NEUTRAL,0.4908,RESOLVED,POL-00527,
INT-000906,CUST-00369,WEB,INBOUND,2025-05-31 00:30:00,380,POLICY_VIEW,,Web session: viewed policy view page,,,,,
INT-000907,CUST-00370,PHONE,INBOUND,2025-06-26 03:30:00,358,CLAIM_STATUS,"Hi, I'm calling about claim CLM-00029. It's been 138 days since I filed and I haven't heard much. Can you give me an update?","Hi, I'm calling about claim CLM-00029. It's been 138 days since I filed and I haven't heard much. Can you give me an update?",NEUTRAL,0.3953,FOLLOW_UP,,CLM-00029
INT-000908,CUST-00370,PHONE,INBOUND,2025-07-05 03:30:00,394,CLAIM_STATUS,"I'm getting really frustrated with claim CLM-00029. 138 days, no updates, no communication. When is someone going to handle this?","I'm getting really frustrated with claim CLM-00029. 138 days, no updates, no communication. When is someone going to handle this?",NEGATIVE,0.2493,FOLLOW_UP,,CLM-00029
INT-000909,CUST-00370,PHONE,INBOUND,2025-07-12 10:30:00,333,CLAIM_STATUS,I am extremely upset about claim CLM-00029. 138 days! I was not at fault and yet I'm suffering. No one returns my calls. This is completely unacceptable.,I am extremely upset about claim CLM-00029. 138 days! I was not at fault and yet I'm suffering. No one returns my calls. This is completely...,NEGATIVE,0.1242,UNRESOLVED,,CLM-00029
INT-000910,CUST-00370,WEB,INBOUND,2025-07-09 08:30:00,556,FAQ,,Web session: viewed faq page,,,,,
INT-000911,CUST-00370,WEB,INBOUND,2025-06-12 01:30:00,186,RATE_COMPARISON,,Web session: viewed rate comparison page,,,,,
INT-000912,CUST-00370,WEB,INBOUND,2025-06-10 06:30:00,564,CLAIM_VIEW,,Web session: viewed claim view page,,,,,
INT-000913,CUST-00370,EMAIL,INBOUND,2025-06-06 10:30:00,,BILLING_INQUIRY,,Email inquiry about billing inquiry,NEUTRAL,0.5234,RESOLVED,POL-00528,
INT-000914,CUST-00371,PHONE,INBOUND,2025-05-12 10:30:00,79,POLICY_CHANGE,"Hi, I need to update vehicle information on my auto policy. I recently purchased a new car and want the right coverage.","Hi, I need to update vehicle information on my auto policy. I recently purchased a new car and want the right coverage.",NEUTRAL,0.4501,RESOLVED,POL-00529,
INT-000915,CUST-00372,PHONE,INBOUND,2025-07-10 03:30:00,216,BILLING_INQUIRY,"I've been trying to resolve a billing issue for POL-00530 for weeks. I keep getting different answers. My payment was 9,414 and now you say I owe more.","I've been trying to resolve a billing issue for POL-00530 for weeks. I keep getting different answers. My payment was 9,414 and now you say I owe...",NEGATIVE,0.2913,FOLLOW_UP,POL-00530,
INT-000916,CUST-00372,WEB,INBOUND,2025-06-07 21:30:00,95,CLAIM_VIEW,,Web session: viewed claim view page,,,,,
INT-000917,CUST-00372,WEB,INBOUND,2025-07-05 03:30:00,225,RATE_COMPARISON,,Web session: viewed rate comparison page,,,,,
INT-000918,CUST-00372,WEB,INBOUND,2025-05-18 09:30:00,298,FAQ,,Web session: viewed faq page,,,,,
INT-000919,CUST-00372,EMAIL,INBOUND,2025-06-01 10:30:00,,POLICY_CHANGE,,Email inquiry about policy change,NEUTRAL,0.5457,FOLLOW_UP,POL-00530,
INT-000920,CUST-00373,PHONE,INBOUND,2025-06-23 06:30:00,277,BILLING_INQUIRY,"I've been trying to resolve a billing issue for POL-00532 for weeks. I keep getting different answers. My payment was 4,798 and now you say I owe more.","I've been trying to resolve a billing issue for POL-00532 for weeks. I keep getting different answers. My payment was 4,798 and now you say I owe...",NEGATIVE,0.1919,RESOLVED,POL-00532,
INT-000921,CUST-00373,WEB,INBOUND,2025-06-11 03:30:00,151,ACCOUNT_LOGIN,,Web session: viewed account login page,,,,,
INT-000922,CUST-00374,WEB,INBOUND,2025-06-01 04:30:00,135,BILLING_VIEW,,Web session: viewed billing view page,,,,,
INT-000923,CUST-00374,WEB,INBOUND,2025-06-21 08:30:00,508,ACCOUNT_LOGIN,,Web session: viewed account login page,,,,,
INT-000924,CUST-00376,PHONE,INBOUND,2025-05-19 03:30:00,212,ADDRESS_CHANGE,"Hi, calling to update my address. Everything's been great with my coverage. The claim I had last year was handled beautifully.","Hi, calling to update my address. Everything's been great with my coverage. The claim I had last year was handled beautifully.",POSITIVE,0.8637,RESOLVED,POL-00535,
INT-000925,CUST-00376,WEB,INBOUND,2025-06-02 20:30:00,115,POLICY_VIEW,,Web session: viewed policy view page,,,,,
INT-000926,CUST-00377,PHONE,INBOUND,2025-07-08 10:30:00,233,GENERAL_INQUIRY,"Hi, calling to update my address. Everything's been great with my coverage. The claim I had last year was handled beautifully.","Hi, calling to update my address. Everything's been great with my coverage. The claim I had last year was handled beautifully.",POSITIVE,0.8052,RESOLVED,POL-00536,
INT-000927,CUST-00377,WEB,INBOUND,2025-06-13 02:30:00,58,COVERAGE_REVIEW,,Web session: viewed coverage review page,,,,,
INT-000928,CUST-00377,WEB,INBOUND,2025-05-29 08:30:00,79,ACCOUNT_LOGIN,,Web session: viewed account login page,,,,,
INT-000929,CUST-00377,EMAIL,INBOUND,2025-06-02 10:30:00,,POLICY_CHANGE,,Email inquiry about policy change,NEGATIVE,0.3409,RESOLVED,POL-00536,
INT-000930,CUST-00378,PHONE,INBOUND,2025-05-29 06:30:00,219,COVERAGE_QUESTION,I'm calling about bundling my policies. I have auto and I'm interested in home coverage. Very happy with the service so far.,I'm calling about bundling my policies. I have auto and I'm interested in home coverage. Very happy with the service so far.,POSITIVE,0.8258,RESOLVED,POL-00537,
INT-000931,CUST-00378,WEB,INBOUND,2025-05-31 23:30:00,371,COVERAGE_REVIEW,,Web session: viewed coverage review page,,,,,
INT-000932,CUST-00379,WEB,INBOUND,2025-06-05 21:30:00,492,COVERAGE_REVIEW,,Web session: viewed coverage review page,,,,,
INT-000933,CUST-00380,PHONE,INBOUND,2025-04-20 10:30:00,226,ADDRESS_CHANGE,"Hello, I need to add a new vehicle. By the way, your claims team did an excellent job last time. Very smooth process.","Hello, I need to add a new vehicle. By the way, your claims team did an excellent job last time. Very smooth process.",POSITIVE,0.8227,RESOLVED,POL-00539,
INT-000934,CUST-00381,PHONE,INBOUND,2025-07-03 03:30:00,108,ADDRESS_CHANGE,"Hello, I need to add a new vehicle. By the way, your claims team did an excellent job last time. Very smooth process.","Hello, I need to add a new vehicle. By the way, your claims team did an excellent job last time. Very smooth process.",POSITIVE,0.8438,RESOLVED,POL-00540,
INT-000935,CUST-00381,WEB,INBOUND,2025-06-04 22:30:00,484,POLICY_VIEW,,Web session: viewed policy view page,,,,,
INT-000936,CUST-00381,WEB,INBOUND,2025-05-25 04:30:00,434,COVERAGE_REVIEW,,Web session: viewed coverage review page,,,,,
INT-000937,CUST-00381,WEB,INBOUND,2025-05-28 01:30:00,488,COVERAGE_REVIEW,,Web session: viewed coverage review page,,,,,
INT-000938,CUST-00382,PHONE,INBOUND,2025-07-12 09:30:00,207,BILLING_INQUIRY,"Hello, I noticed my payment of 2,477 didn't go through for POL-00543. I want to make sure my coverage isn't affected.","Hello, I noticed my payment of 2,477 didn't go through for POL-00543. I want to make sure my coverage isn't affected.",NEUTRAL,0.4267,FOLLOW_UP,POL-00543,
INT-000939,CUST-00382,WEB,INBOUND,2025-06-15 06:30:00,77,RATE_COMPARISON,,Web session: viewed rate comparison page,,,,,
INT-000940,CUST-00382,WEB,INBOUND,2025-05-24 05:30:00,430,RATE_COMPARISON,,Web session: viewed rate comparison page,,,,,
INT-000941,CUST-00383,PHONE,INBOUND,2025-06-17 08:30:00,146,GENERAL_INQUIRY,I'd like information about adding umbrella coverage to my existing policies. What are my options?,I'd like information about adding umbrella coverage to my existing policies. What are my options?,NEUTRAL,0.5112,RESOLVED,POL-00545,
INT-000942,CUST-00383,EMAIL,INBOUND,2025-06-22 10:30:00,,POLICY_CHANGE,,Email inquiry about policy change,NEGATIVE,0.3664,RESOLVED,POL-00545,
INT-000943,CUST-00384,PHONE,INBOUND,2025-06-26 09:30:00,172,ADDRESS_CHANGE,"Hello, calling to ask about my coverage limits. I want to make sure I have adequate protection. Can someone review my policy?","Hello, calling to ask about my coverage limits. I want to make sure I have adequate protection. Can someone review my policy?",NEUTRAL,0.5265,RESOLVED,POL-00546,
INT-000944,CUST-00384,WEB,INBOUND,2025-07-08 23:30:00,560,FAQ,,Web session: viewed faq page,,,,,
INT-000945,CUST-00384,WEB,INBOUND,2025-06-20 22:30:00,102,COVERAGE_REVIEW,,Web session: viewed coverage review page,,,,,
INT-000946,CUST-00384,WEB,INBOUND,2025-06-10 06:30:00,464,BILLING_VIEW,,Web session: viewed billing view page,,,,,
INT-000947,CUST-00385,PHONE,INBOUND,2025-07-10 04:30:00,211,BILLING_INQUIRY,"I've been trying to resolve a billing issue for POL-00547 for weeks. I keep getting different answers. My payment was 8,633 and now you say I owe more.","I've been trying to resolve a billing issue for POL-00547 for weeks. I keep getting different answers. My payment was 8,633 and now you say I owe...",NEGATIVE,0.2946,RESOLVED,POL-00547,
INT-000948,CUST-00386,PHONE,INBOUND,2025-06-26 02:30:00,452,PREMIUM_INQUIRY,"Hi, I just got my renewal for POL-00548 and the new premium of 34,631 caught me off guard. It was 27,233 before. Can you review my account?","Hi, I just got my renewal for POL-00548 and the new premium of 34,631 caught me off guard. It was 27,233 before. Can you review my account?",NEUTRAL,0.4193,FOLLOW_UP,POL-00548,
INT-000949,CUST-00386,PHONE,INBOUND,2025-07-04 03:30:00,255,COMPLAINT,"I need to talk to someone about my renewal for POL-00548. A 27 percent increase from 27,233 to 34,631 is unacceptable. I have no claims and nothing has changed. Why are my rates going up this much?","I need to talk to someone about my renewal for POL-00548. A 27 percent increase from 27,233 to 34,631 is unacceptable. I have no claims and nothing...",NEGATIVE,0.3039,ESCALATED,POL-00548,
INT-000950,CUST-00386,PHONE,INBOUND,2025-07-10 02:30:00,433,CANCELLATION_REQUEST,I'm considering cancelling. My auto policy POL-00548 is too expensive and I've seen better rates elsewhere.,I'm considering cancelling. My auto policy POL-00548 is too expensive and I've seen better rates elsewhere.,NEGATIVE,0.0693,UNRESOLVED,POL-00548,
INT-000951,CUST-00386,PHONE,INBOUND,2025-07-02 09:30:00,259,BILLING_INQUIRY,"Hi, I'm calling about a billing issue on policy POL-00548. I see a charge that doesn't match what I expected. Can you help?","Hi, I'm calling about a billing issue on policy POL-00548. I see a charge that doesn't match what I expected. Can you help?",NEUTRAL,0.3835,FOLLOW_UP,POL-00548,
INT-000952,CUST-00386,WEB,INBOUND,2025-07-05 09:30:00,318,COVERAGE_REVIEW,,Web session: viewed coverage review page,,,,,
INT-000953,CUST-00386,WEB,INBOUND,2025-06-14 00:30:00,582,BILLING_VIEW,,Web session: viewed billing view page,,,,,
INT-000954,CUST-00387,PHONE,INBOUND,2025-05-17 02:30:00,86,POLICY_CHANGE,"Hello, I need to add a new vehicle. By the way, your claims team did an excellent job last time. Very smooth process.","Hello, I need to add a new vehicle. By the way, your claims team did an excellent job last time. Very smooth process.",POSITIVE,0.8262,RESOLVED,POL-00550,
INT-000955,CUST-00387,WEB,INBOUND,2025-06-01 03:30:00,214,FAQ,,Web session: viewed faq page,,,,,
INT-000956,CUST-00387,WEB,INBOUND,2025-07-09 06:30:00,499,BILLING_VIEW,,Web session: viewed billing view page,,,,,
INT-000957,CUST-00387,WEB,INBOUND,2025-07-03 03:30:00,78,CLAIM_VIEW,,Web session: viewed claim view page,,,,,
INT-000958,CUST-00388,PHONE,INBOUND,2025-05-21 02:30:00,174,POLICY_CHANGE,I'm calling about bundling my policies. I have auto and I'm interested in home coverage. Very happy with the service so far.,I'm calling about bundling my policies. I have auto and I'm interested in home coverage. Very happy with the service so far.,POSITIVE,0.9248,RESOLVED,POL-00551,
INT-000959,CUST-00388,WEB,INBOUND,2025-06-05 03:30:00,584,RATE_COMPARISON,,Web session: viewed rate comparison page,,,,,
INT-000960,CUST-00390,PHONE,INBOUND,2025-06-24 10:30:00,270,CLAIM_STATUS,"Hello, I'd like to check on claim CLM-00160. I filed it 71 days ago for liability and I'm wondering when to expect a resolution.","Hello, I'd like to check on claim CLM-00160. I filed it 71 days ago for liability and I'm wondering when to expect a resolution.",NEUTRAL,0.4383,FOLLOW_UP,,CLM-00160
INT-000961,CUST-00390,PHONE,INBOUND,2025-07-07 05:30:00,179,CLAIM_STATUS,This is my second call about claim CLM-00160. It's been 71 days with no resolution. Every time I call I get told it's under review. What's the holdup?,This is my second call about claim CLM-00160. It's been 71 days with no resolution. Every time I call I get told it's under review. What's the holdup?,NEGATIVE,0.2189,FOLLOW_UP,,CLM-00160
INT-000962,CUST-00390,PHONE,INBOUND,2025-07-12 04:30:00,332,CLAIM_STATUS,I am extremely upset about claim CLM-00160. 71 days! I was not at fault and yet I'm suffering. No one returns my calls. This is completely unacceptable.,I am extremely upset about claim CLM-00160. 71 days! I was not at fault and yet I'm suffering. No one returns my calls. This is completely...,NEGATIVE,0.1522,ESCALATED,,CLM-00160
INT-000963,CUST-00391,PHONE,INBOUND,2025-07-05 04:30:00,148,BILLING_INQUIRY,"Hi, I'm calling about a billing issue on policy POL-00554. I see a charge that doesn't match what I expected. Can you help?","Hi, I'm calling about a billing issue on policy POL-00554. I see a charge that doesn't match what I expected. Can you help?",NEUTRAL,0.3751,RESOLVED,POL-00554,
INT-000964,CUST-00391,PHONE,INBOUND,2025-04-15 05:30:00,214,ADDRESS_CHANGE,I'd like information about adding umbrella coverage to my existing policies. What are my options?,I'd like information about adding umbrella coverage to my existing policies. What are my options?,NEUTRAL,0.4786,RESOLVED,POL-00554,
INT-000965,CUST-00391,WEB,INBOUND,2025-05-16 20:30:00,398,ACCOUNT_LOGIN,,Web session: viewed account login page,,,,,
INT-000966,CUST-00392,PHONE,INBOUND,2025-06-26 03:30:00,479,CLAIM_STATUS,"Hi, I'm calling about claim CLM-00097. It's been 133 days since I filed and I haven't heard much. Can you give me an update?","Hi, I'm calling about claim CLM-00097. It's been 133 days since I filed and I haven't heard much. Can you give me an update?",NEUTRAL,0.4205,FOLLOW_UP,,CLM-00097
INT-000967,CUST-00392,PHONE,INBOUND,2025-07-06 06:30:00,358,CLAIM_STATUS,This is my second call about claim CLM-00097. It's been 133 days with no resolution. Every time I call I get told it's under review. What's the holdup?,This is my second call about claim CLM-00097. It's been 133 days with no resolution. Every time I call I get told it's under review. What's the...,NEGATIVE,0.3153,FOLLOW_UP,,CLM-00097
INT-000968,CUST-00392,PHONE,INBOUND,2025-07-12 07:30:00,385,CLAIM_STATUS,"Claim CLM-00097 has been open for 133 days. I've called multiple times, been transferred, promised callbacks that never happen. I'm at my wit's end.","Claim CLM-00097 has been open for 133 days. I've called multiple times, been transferred, promised callbacks that never happen. I'm at my wit's end.",NEGATIVE,0.1135,UNRESOLVED,,CLM-00097
INT-000969,CUST-00392,PHONE,INBOUND,2025-05-30 07:30:00,240,GENERAL_INQUIRY,"Hi, I need to update vehicle information on my auto policy. I recently purchased a new car and want the right coverage.","Hi, I need to update vehicle information on my auto policy. I recently purchased a new car and want the right coverage.",NEUTRAL,0.4602,RESOLVED,POL-00555,
INT-000970,CUST-00393,PHONE,INBOUND,2025-07-01 09:30:00,505,PREMIUM_INQUIRY,"Hello, I'm calling about my auto policy POL-00557. I received my renewal notice and the premium is going up from 46,245 to 52,611. That's about 14 percent more. I've been with you 5 years and I'd appreciate an explanation.","Hello, I'm calling about my auto policy POL-00557. I received my renewal notice and the premium is going up from 46,245 to 52,611. That's about 14...",NEUTRAL,0.4037,FOLLOW_UP,POL-00557,
INT-000971,CUST-00393,PHONE,INBOUND,2025-07-10 09:30:00,360,COMPLAINT,"This is ridiculous. My auto policy POL-00557 premium jumped from 46,245 to 52,611. That's 6,366 more per year. I've been a customer for 5 years and I expect better.","This is ridiculous. My auto policy POL-00557 premium jumped from 46,245 to 52,611. That's 6,366 more per year. I've been a customer for 5 years and I...",NEGATIVE,0.2218,ESCALATED,POL-00557,
INT-000972,CUST-00393,EMAIL,INBOUND,2025-06-10 10:30:00,,GENERAL_INQUIRY,,Email inquiry about general inquiry,NEUTRAL,0.4229,RESOLVED,POL-00557,
INT-000973,CUST-00394,PHONE,INBOUND,2025-04-16 02:30:00,136,ADDRESS_CHANGE,"Hello, I need to add a new vehicle. By the way, your claims team did an excellent job last time. Very smooth process.","Hello, I need to add a new vehicle. By the way, your claims team did an excellent job last time. Very smooth process.",POSITIVE,0.8624,RESOLVED,POL-00559,
INT-000974,CUST-00395,PHONE,INBOUND,2025-06-20 10:30:00,140,BILLING_INQUIRY,"Hello, I noticed my payment of 6,075 didn't go through for POL-00560. I want to make sure my coverage isn't affected.","Hello, I noticed my payment of 6,075 didn't go through for POL-00560. I want to make sure my coverage isn't affected.",NEUTRAL,0.3933,FOLLOW_UP,POL-00560,
INT-000975,CUST-00396,PHONE,INBOUND,2025-07-05 02:30:00,414,CLAIM_STATUS,"Claim CLM-00044 has been open for 42 days. I've called multiple times, been transferred, promised callbacks that never happen. I'm at my wit's end.","Claim CLM-00044 has been open for 42 days. I've called multiple times, been transferred, promised callbacks that never happen. I'm at my wit's end.",NEGATIVE,0.094,ESCALATED,,CLM-00044
INT-000976,CUST-00397,PHONE,INBOUND,2025-06-22 07:30:00,436,PREMIUM_INQUIRY,"Hi, I just got my renewal for POL-00563 and the new premium of 33,074 caught me off guard. It was 26,773 before. Can you review my account?","Hi, I just got my renewal for POL-00563 and the new premium of 33,074 caught me off guard. It was 26,773 before. Can you review my account?",NEUTRAL,0.3676,FOLLOW_UP,POL-00563,
INT-000977,CUST-00397,PHONE,INBOUND,2025-07-03 04:30:00,198,COMPLAINT,"This is ridiculous. My home policy POL-00563 premium jumped from 26,773 to 33,074. That's 6,300 more per year. I've been a customer for 1 years and I expect better.","This is ridiculous. My home policy POL-00563 premium jumped from 26,773 to 33,074. That's 6,300 more per year. I've been a customer for 1 years and I...",NEGATIVE,0.2429,ESCALATED,POL-00563,
INT-000978,CUST-00397,PHONE,INBOUND,2025-07-10 04:30:00,292,CANCELLATION_REQUEST,"I'd like to discuss cancelling my home policy POL-00563. Between the rate increases and the service level, I'm not sure it's worth staying.","I'd like to discuss cancelling my home policy POL-00563. Between the rate increases and the service level, I'm not sure it's worth staying.",NEGATIVE,0.0263,UNRESOLVED,POL-00563,
INT-000979,CUST-00397,PHONE,INBOUND,2025-07-07 02:30:00,160,BILLING_INQUIRY,"Hello, I noticed my payment of 8,268 didn't go through for POL-00563. I want to make sure my coverage isn't affected.","Hello, I noticed my payment of 8,268 didn't go through for POL-00563. I want to make sure my coverage isn't affected.",NEUTRAL,0.3591,RESOLVED,POL-00563,
INT-000980,CUST-00397,WEB,INBOUND,2025-06-26 08:30:00,522,COVERAGE_REVIEW,,Web session: viewed coverage review page,,,,,
INT-000981,CUST-00398,PHONE,INBOUND,2025-05-27 08:30:00,67,COVERAGE_QUESTION,"Hi, I need to update vehicle information on my auto policy. I recently purchased a new car and want the right coverage.","Hi, I need to update vehicle information on my auto policy. I recently purchased a new car and want the right coverage.",NEUTRAL,0.4971,RESOLVED,POL-00565,
INT-000982,CUST-00399,PHONE,INBOUND,2025-07-14 02:30:00,164,GENERAL_INQUIRY,"Hello, I need to add a new vehicle. By the way, your claims team did an excellent job last time. Very smooth process.","Hello, I need to add a new vehicle. By the way, your claims team did an excellent job last time. Very smooth process.",POSITIVE,0.8656,RESOLVED,POL-00566,
INT-000983,CUST-00400,PHONE,INBOUND,2025-06-13 08:30:00,147,COVERAGE_QUESTION,I'd like information about adding umbrella coverage to my existing policies. What are my options?,I'd like information about adding umbrella coverage to my existing policies. What are my options?,NEUTRAL,0.5204,RESOLVED,POL-00568,
INT-000984,CUST-00401,WEB,INBOUND,2025-06-16 03:30:00,67,CANCELLATION_PAGE,,Web session: viewed cancellation page page,,,,,
INT-000985,CUST-00401,WEB,INBOUND,2025-07-11 06:30:00,377,CLAIM_VIEW,,Web session: viewed claim view page,,,,,
INT-000986,CUST-00402,WEB,INBOUND,2025-07-11 08:30:00,255,COVERAGE_REVIEW,,Web session: viewed coverage review page,,,,,
INT-000987,CUST-00403,PHONE,INBOUND,2025-06-30 06:30:00,349,CLAIM_STATUS,"Hi, I'm calling about claim CLM-00131. It's been 636 days since I filed and I haven't heard much. Can you give me an update?","Hi, I'm calling about claim CLM-00131. It's been 636 days since I filed and I haven't heard much. Can you give me an update?",NEUTRAL,0.4051,FOLLOW_UP,,CLM-00131
INT-000988,CUST-00403,PHONE,INBOUND,2025-07-07 04:30:00,250,CLAIM_STATUS,"I'm getting really frustrated with claim CLM-00131. 636 days, no updates, no communication. When is someone going to handle this?","I'm getting really frustrated with claim CLM-00131. 636 days, no updates, no communication. When is someone going to handle this?",NEGATIVE,0.2793,FOLLOW_UP,,CLM-00131
INT-000989,CUST-00403,PHONE,INBOUND,2025-07-12 03:30:00,268,CLAIM_STATUS,I am extremely upset about claim CLM-00131. 636 days! I was not at fault and yet I'm suffering. No one returns my calls. This is completely unacceptable.,I am extremely upset about claim CLM-00131. 636 days! I was not at fault and yet I'm suffering. No one returns my calls. This is completely...,NEGATIVE,0.1131,UNRESOLVED,,CLM-00131
INT-000990,CUST-00403,PHONE,INBOUND,2025-06-28 07:30:00,286,BILLING_INQUIRY,"I've been trying to resolve a billing issue for POL-00572 for weeks. I keep getting different answers. My payment was 5,824 and now you say I owe more.","I've been trying to resolve a billing issue for POL-00572 for weeks. I keep getting different answers. My payment was 5,824 and now you say I owe...",NEGATIVE,0.3174,FOLLOW_UP,POL-00572,
INT-000991,CUST-00403,PHONE,INBOUND,2025-04-30 02:30:00,209,GENERAL_INQUIRY,"Hi, calling to update my address. Everything's been great with my coverage. The claim I had last year was handled beautifully.","Hi, calling to update my address. Everything's been great with my coverage. The claim I had last year was handled beautifully.",POSITIVE,0.8623,RESOLVED,POL-00573,
INT-000992,CUST-00404,PHONE,INBOUND,2025-07-03 06:30:00,251,BILLING_INQUIRY,"Why is my account past due when I made a payment of 4,381 for POL-00575? I have the confirmation. Someone on your end messed up.","Why is my account past due when I made a payment of 4,381 for POL-00575? I have the confirmation. Someone on your end messed up.",NEGATIVE,0.2652,FOLLOW_UP,POL-00575,
INT-000993,CUST-00404,WEB,INBOUND,2025-06-17 03:30:00,242,COVERAGE_REVIEW,,Web session: viewed coverage review page,,,,,
INT-000994,CUST-00404,WEB,INBOUND,2025-07-02 23:30:00,102,POLICY_VIEW,,Web session: viewed policy view page,,,,,
INT-000995,CUST-00405,PHONE,INBOUND,2025-07-11 08:30:00,62,COVERAGE_QUESTION,"Hello, calling to ask about my coverage limits. I want to make sure I have adequate protection. Can someone review my policy?","Hello, calling to ask about my coverage limits. I want to make sure I have adequate protection. Can someone review my policy?",NEUTRAL,0.5035,RESOLVED,POL-00576,
INT-000996,CUST-00406,WEB,INBOUND,2025-06-07 00:30:00,193,COVERAGE_REVIEW,,Web session: viewed coverage review page,,,,,
INT-000997,CUST-00407,PHONE,INBOUND,2025-06-18 08:30:00,75,ADDRESS_CHANGE,"Hi, I need to update vehicle information on my auto policy. I recently purchased a new car and want the right coverage.","Hi, I need to update vehicle information on my auto policy. I recently purchased a new car and want the right coverage.",NEUTRAL,0.5136,RESOLVED,POL-00578,
INT-000998,CUST-00407,WEB,INBOUND,2025-07-11 07:30:00,280,FAQ,,Web session: viewed faq page,,,,,
INT-000999,CUST-00407,WEB,INBOUND,2025-06-08 02:30:00,150,ACCOUNT_LOGIN,,Web session: viewed account login page,,,,,
INT-001000,CUST-00407,WEB,INBOUND,2025-06-28 23:30:00,540,FAQ,,Web session: viewed faq page,,,,,
INT-001001,CUST-00407,EMAIL,INBOUND,2025-06-20 10:30:00,,BILLING_INQUIRY,,Email inquiry about billing inquiry,NEUTRAL,0.3619,FOLLOW_UP,POL-00578,
INT-001002,CUST-00408,PHONE,INBOUND,2025-06-30 07:30:00,153,GENERAL_INQUIRY,"Hi, calling to update my address. Everything's been great with my coverage. The claim I had last year was handled beautifully.","Hi, calling to update my address. Everything's been great with my coverage. The claim I had last year was handled beautifully.",POSITIVE,0.8811,RESOLVED,POL-00579,
INT-001003,CUST-00408,WEB,INBOUND,2025-05-21 22:30:00,443,POLICY_VIEW,,Web session: viewed policy view page,,,,,
INT-001004,CUST-00409,PHONE,INBOUND,2025-07-05 05:30:00,141,COVERAGE_QUESTION,"Hello, calling to ask about my coverage limits. I want to make sure I have adequate protection. Can someone review my policy?","Hello, calling to ask about my coverage limits. I want to make sure I have adequate protection. Can someone review my policy?",NEUTRAL,0.4666,RESOLVED,POL-00580,
INT-001005,CUST-00409,WEB,INBOUND,2025-06-02 01:30:00,332,CLAIM_VIEW,,Web session: viewed claim view page,,,,,
INT-001006,CUST-00410,PHONE,INBOUND,2025-06-26 05:30:00,433,CLAIM_STATUS,"Hello, I'd like to check on claim CLM-00148. I filed it 266 days ago for collision and I'm wondering when to expect a resolution.","Hello, I'd like to check on claim CLM-00148. I filed it 266 days ago for collision and I'm wondering when to expect a resolution.",NEUTRAL,0.4068,FOLLOW_UP,,CLM-00148
INT-001007,CUST-00410,PHONE,INBOUND,2025-07-03 08:30:00,133,CLAIM_STATUS,"I'm getting really frustrated with claim CLM-00148. 266 days, no updates, no communication. When is someone going to handle this?","I'm getting really frustrated with claim CLM-00148. 266 days, no updates, no communication. When is someone going to handle this?",NEGATIVE,0.3167,FOLLOW_UP,,CLM-00148
INT-001008,CUST-00410,PHONE,INBOUND,2025-07-12 05:30:00,472,CLAIM_STATUS,"Claim CLM-00148 has been open for 266 days. I've called multiple times, been transferred, promised callbacks that never happen. I'm at my wit's end.","Claim CLM-00148 has been open for 266 days. I've called multiple times, been transferred, promised callbacks that never happen. I'm at my wit's end.",NEGATIVE,0.1697,ESCALATED,,CLM-00148
INT-001009,CUST-00410,PHONE,INBOUND,2025-06-22 08:30:00,233,BILLING_INQUIRY,"I've been trying to resolve a billing issue for POL-00581 for weeks. I keep getting different answers. My payment was 6,049 and now you say I owe more.","I've been trying to resolve a billing issue for POL-00581 for weeks. I keep getting different answers. My payment was 6,049 and now you say I owe...",NEGATIVE,0.2588,RESOLVED,POL-00581,
INT-001010,CUST-00410,PHONE,INBOUND,2025-03-28 10:30:00,148,POLICY_CHANGE,"Hello, calling to ask about my coverage limits. I want to make sure I have adequate protection. Can someone review my policy?","Hello, calling to ask about my coverage limits. I want to make sure I have adequate protection. Can someone review my policy?",NEUTRAL,0.5398,RESOLVED,POL-00581,
INT-001011,CUST-00410,WEB,INBOUND,2025-05-18 00:30:00,542,COVERAGE_REVIEW,,Web session: viewed coverage review page,,,,,
INT-001012,CUST-00410,WEB,INBOUND,2025-07-03 22:30:00,433,COVERAGE_REVIEW,,Web session: viewed coverage review page,,,,,
INT-001013,CUST-00410,WEB,INBOUND,2025-06-03 05:30:00,98,POLICY_VIEW,,Web session: viewed policy view page,,,,,
INT-001014,CUST-00411,PHONE,INBOUND,2025-06-30 06:30:00,311,CLAIM_STATUS,"Hi, I'm calling about claim CLM-00009. It's been 74 days since I filed and I haven't heard much. Can you give me an update?","Hi, I'm calling about claim CLM-00009. It's been 74 days since I filed and I haven't heard much. Can you give me an update?",NEUTRAL,0.3799,FOLLOW_UP,,CLM-00009
INT-001015,CUST-00411,PHONE,INBOUND,2025-07-04 10:30:00,283,CLAIM_STATUS,"I'm getting really frustrated with claim CLM-00009. 74 days, no updates, no communication. When is someone going to handle this?","I'm getting really frustrated with claim CLM-00009. 74 days, no updates, no communication. When is someone going to handle this?",NEGATIVE,0.2795,FOLLOW_UP,,CLM-00009
INT-001016,CUST-00411,PHONE,INBOUND,2025-07-12 07:30:00,460,CLAIM_STATUS,I am extremely upset about claim CLM-00009. 74 days! I was not at fault and yet I'm suffering. No one returns my calls. This is completely unacceptable.,I am extremely upset about claim CLM-00009. 74 days! I was not at fault and yet I'm suffering. No one returns my calls. This is completely...,NEGATIVE,0.1604,ESCALATED,,CLM-00009
INT-001017,CUST-00411,PHONE,INBOUND,2025-05-21 05:30:00,66,COVERAGE_QUESTION,I'd like information about adding umbrella coverage to my existing policies. What are my options?,I'd like information about adding umbrella coverage to my existing policies. What are my options?,NEUTRAL,0.5382,RESOLVED,POL-00582,
INT-001018,CUST-00411,WEB,INBOUND,2025-06-29 08:30:00,123,CANCELLATION_PAGE,,Web session: viewed cancellation page page,,,,,
INT-001019,CUST-00412,PHONE,INBOUND,2025-06-20 08:30:00,269,BILLING_INQUIRY,"Why is my account past due when I made a payment of 2,119 for POL-00584? I have the confirmation. Someone on your end messed up.","Why is my account past due when I made a payment of 2,119 for POL-00584? I have the confirmation. Someone on your end messed up.",NEGATIVE,0.1813,RESOLVED,POL-00584,
INT-001020,CUST-00412,PHONE,INBOUND,2025-04-03 09:30:00,124,GENERAL_INQUIRY,"Hi, I need to update vehicle information on my auto policy. I recently purchased a new car and want the right coverage.","Hi, I need to update vehicle information on my auto policy. I recently purchased a new car and want the right coverage.",NEUTRAL,0.479,RESOLVED,POL-00583,
INT-001021,CUST-00412,WEB,INBOUND,2025-05-18 10:30:00,198,CLAIM_VIEW,,Web session: viewed claim view page,,,,,
INT-001022,CUST-00412,WEB,INBOUND,2025-06-22 03:30:00,92,RATE_COMPARISON,,Web session: viewed rate comparison page,,,,,
INT-001023,CUST-00413,PHONE,INBOUND,2025-06-27 08:30:00,227,GENERAL_INQUIRY,I'd like information about adding umbrella coverage to my existing policies. What are my options?,I'd like information about adding umbrella coverage to my existing policies. What are my options?,NEUTRAL,0.5413,RESOLVED,POL-00585,
INT-001024,CUST-00414,PHONE,INBOUND,2025-06-15 03:30:00,127,ADDRESS_CHANGE,"Hi, calling to update my address. Everything's been great with my coverage. The claim I had last year was handled beautifully.","Hi, calling to update my address. Everything's been great with my coverage. The claim I had last year was handled beautifully.",POSITIVE,0.8306,RESOLVED,POL-00586,
INT-001025,CUST-00415,PHONE,INBOUND,2025-06-29 08:30:00,142,BILLING_INQUIRY,"I've been trying to resolve a billing issue for POL-00588 for weeks. I keep getting different answers. My payment was 2,299 and now you say I owe more.","I've been trying to resolve a billing issue for POL-00588 for weeks. I keep getting different answers. My payment was 2,299 and now you say I owe...",NEGATIVE,0.3049,FOLLOW_UP,POL-00588,
INT-001026,CUST-00415,PHONE,INBOUND,2025-06-01 09:30:00,98,GENERAL_INQUIRY,"Hello, I need to add a new vehicle. By the way, your claims team did an excellent job last time. Very smooth process.","Hello, I need to add a new vehicle. By the way, your claims team did an excellent job last time. Very smooth process.",POSITIVE,0.9229,RESOLVED,POL-00587,
INT-001027,CUST-00415,WEB,INBOUND,2025-05-30 07:30:00,259,RATE_COMPARISON,,Web session: viewed rate comparison page,,,,,
INT-001028,CUST-00415,WEB,INBOUND,2025-07-12 09:30:00,342,POLICY_VIEW,,Web session: viewed policy view page,,,,,
INT-001029,CUST-00416,PHONE,INBOUND,2025-06-22 04:30:00,268,BILLING_INQUIRY,"Hi, I'm calling about a billing issue on policy POL-00589. I see a charge that doesn't match what I expected. Can you help?","Hi, I'm calling about a billing issue on policy POL-00589. I see a charge that doesn't match what I expected. Can you help?",NEUTRAL,0.4056,RESOLVED,POL-00589,
INT-001030,CUST-00417,PHONE,INBOUND,2025-06-30 04:30:00,175,CLAIM_STATUS,"Hi, I'm calling about claim CLM-00047. It's been 309 days since I filed and I haven't heard much. Can you give me an update?","Hi, I'm calling about claim CLM-00047. It's been 309 days since I filed and I haven't heard much. Can you give me an update?",NEUTRAL,0.4325,FOLLOW_UP,,CLM-00047
INT-001031,CUST-00417,PHONE,INBOUND,2025-07-03 03:30:00,155,CLAIM_STATUS,This is my second call about claim CLM-00047. It's been 309 days with no resolution. Every time I call I get told it's under review. What's the holdup?,This is my second call about claim CLM-00047. It's been 309 days with no resolution. Every time I call I get told it's under review. What's the...,NEGATIVE,0.2518,FOLLOW_UP,,CLM-00047
INT-001032,CUST-00417,PHONE,INBOUND,2025-07-12 10:30:00,168,CLAIM_STATUS,I am extremely upset about claim CLM-00047. 309 days! I was not at fault and yet I'm suffering. No one returns my calls. This is completely unacceptable.,I am extremely upset about claim CLM-00047. 309 days! I was not at fault and yet I'm suffering. No one returns my calls. This is completely...,NEGATIVE,0.1121,ESCALATED,,CLM-00047
INT-001033,CUST-00417,PHONE,INBOUND,2025-06-27 06:30:00,405,CLAIM_STATUS,This is my second call about claim CLM-00048. It's been 194 days with no resolution. Every time I call I get told it's under review. What's the holdup?,This is my second call about claim CLM-00048. It's been 194 days with no resolution. Every time I call I get told it's under review. What's the...,NEGATIVE,0.2127,ESCALATED,,CLM-00048
INT-001034,CUST-00417,WEB,INBOUND,2025-05-29 20:30:00,100,CANCELLATION_PAGE,,Web session: viewed cancellation page page,,,,,
INT-001035,CUST-00417,WEB,INBOUND,2025-05-17 03:30:00,252,POLICY_VIEW,,Web session: viewed policy view page,,,,,
INT-001036,CUST-00417,WEB,INBOUND,2025-05-31 02:30:00,124,FAQ,,Web session: viewed faq page,,,,,
INT-001037,CUST-00418,WEB,INBOUND,2025-06-14 06:30:00,60,ACCOUNT_LOGIN,,Web session: viewed account login page,,,,,
INT-001038,CUST-00418,WEB,INBOUND,2025-07-07 07:30:00,192,COVERAGE_REVIEW,,Web session: viewed coverage review page,,,,,
INT-001039,CUST-00418,EMAIL,INBOUND,2025-06-29 10:30:00,,POLICY_CHANGE,,Email inquiry about policy change,NEGATIVE,0.4481,FOLLOW_UP,POL-00591,
INT-001040,CUST-00420,PHONE,INBOUND,2025-06-26 09:30:00,373,CLAIM_STATUS,"Hello, I'd like to check on claim CLM-00192. I filed it 325 days ago for theft and I'm wondering when to expect a resolution.","Hello, I'd like to check on claim CLM-00192. I filed it 325 days ago for theft and I'm wondering when to expect a resolution.",NEUTRAL,0.3845,FOLLOW_UP,,CLM-00192
INT-001041,CUST-00420,PHONE,INBOUND,2025-07-04 09:30:00,198,CLAIM_STATUS,"I'm getting really frustrated with claim CLM-00192. 325 days, no updates, no communication. When is someone going to handle this?","I'm getting really frustrated with claim CLM-00192. 325 days, no updates, no communication. When is someone going to handle this?",NEGATIVE,0.2852,FOLLOW_UP,,CLM-00192
INT-001042,CUST-00420,PHONE,INBOUND,2025-07-12 10:30:00,313,CLAIM_STATUS,"Claim CLM-00192 has been open for 325 days. I've called multiple times, been transferred, promised callbacks that never happen. I'm at my wit's end.","Claim CLM-00192 has been open for 325 days. I've called multiple times, been transferred, promised callbacks that never happen. I'm at my wit's end.",NEGATIVE,0.0952,ESCALATED,,CLM-00192
INT-001043,CUST-00420,PHONE,INBOUND,2025-07-06 05:30:00,284,BILLING_INQUIRY,"Hi, I'm calling about a billing issue on policy POL-00595. I see a charge that doesn't match what I expected. Can you help?","Hi, I'm calling about a billing issue on policy POL-00595. I see a charge that doesn't match what I expected. Can you help?",NEUTRAL,0.3894,FOLLOW_UP,POL-00595,
INT-001044,CUST-00420,WEB,INBOUND,2025-05-30 22:30:00,61,RATE_COMPARISON,,Web session: viewed rate comparison page,,,,,
INT-001045,CUST-00420,WEB,INBOUND,2025-07-01 22:30:00,418,COVERAGE_REVIEW,,Web session: viewed coverage review page,,,,,
INT-001046,CUST-00421,PHONE,INBOUND,2025-07-06 04:30:00,356,CLAIM_STATUS,"Hi, I'm calling about claim CLM-00116. It's been 39 days since I filed and I haven't heard much. Can you give me an update?","Hi, I'm calling about claim CLM-00116. It's been 39 days since I filed and I haven't heard much. Can you give me an update?",NEUTRAL,0.3925,FOLLOW_UP,,CLM-00116
INT-001047,CUST-00421,PHONE,INBOUND,2025-07-12 04:30:00,326,CLAIM_STATUS,This is my second call about claim CLM-00116. It's been 39 days with no resolution. Every time I call I get told it's under review. What's the holdup?,This is my second call about claim CLM-00116. It's been 39 days with no resolution. Every time I call I get told it's under review. What's the holdup?,NEGATIVE,0.2284,UNRESOLVED,,CLM-00116
INT-001048,CUST-00421,WEB,INBOUND,2025-06-28 21:30:00,283,CANCELLATION_PAGE,,Web session: viewed cancellation page page,,,,,
INT-001049,CUST-00422,PHONE,INBOUND,2025-06-26 04:30:00,175,CLAIM_STATUS,"Hi, I'm calling about claim CLM-00021. It's been 272 days since I filed and I haven't heard much. Can you give me an update?","Hi, I'm calling about claim CLM-00021. It's been 272 days since I filed and I haven't heard much. Can you give me an update?",NEUTRAL,0.3529,FOLLOW_UP,,CLM-00021
INT-001050,CUST-00422,PHONE,INBOUND,2025-07-05 05:30:00,416,CLAIM_STATUS,This is my second call about claim CLM-00021. It's been 272 days with no resolution. Every time I call I get told it's under review. What's the holdup?,This is my second call about claim CLM-00021. It's been 272 days with no resolution. Every time I call I get told it's under review. What's the...,NEGATIVE,0.2894,FOLLOW_UP,,CLM-00021
INT-001051,CUST-00422,PHONE,INBOUND,2025-07-12 02:30:00,406,CLAIM_STATUS,I am extremely upset about claim CLM-00021. 272 days! I was not at fault and yet I'm suffering. No one returns my calls. This is completely unacceptable.,I am extremely upset about claim CLM-00021. 272 days! I was not at fault and yet I'm suffering. No one returns my calls. This is completely...,NEGATIVE,0.1074,ESCALATED,,CLM-00021
INT-001052,CUST-00422,PHONE,INBOUND,2025-07-06 03:30:00,175,BILLING_INQUIRY,"I've been trying to resolve a billing issue for POL-00597 for weeks. I keep getting different answers. My payment was 8,985 and now you say I owe more.","I've been trying to resolve a billing issue for POL-00597 for weeks. I keep getting different answers. My payment was 8,985 and now you say I owe...",NEGATIVE,0.215,FOLLOW_UP,POL-00597,
INT-001053,CUST-00423,PHONE,INBOUND,2025-06-30 07:30:00,513,PREMIUM_INQUIRY,"Hello, I'm calling about my home policy POL-00600. I received my renewal notice and the premium is going up from 10,452 to 11,812. That's about 13 percent more. I've been with you 7 years and I'd appreciate an explanation.","Hello, I'm calling about my home policy POL-00600. I received my renewal notice and the premium is going up from 10,452 to 11,812. That's about 13...",NEUTRAL,0.4123,FOLLOW_UP,POL-00600,
INT-001054,CUST-00423,PHONE,INBOUND,2025-07-10 04:30:00,487,COMPLAINT,"I need to talk to someone about my renewal for POL-00600. A 13 percent increase from 10,452 to 11,812 is unacceptable. I have no claims and nothing has changed. Why are my rates going up this much?","I need to talk to someone about my renewal for POL-00600. A 13 percent increase from 10,452 to 11,812 is unacceptable. I have no claims and nothing...",NEGATIVE,0.2455,ESCALATED,POL-00600,
INT-001055,CUST-00423,PHONE,INBOUND,2025-07-02 03:30:00,388,CLAIM_STATUS,"Hello, I'd like to check on claim CLM-00134. I filed it 271 days ago for liability and I'm wondering when to expect a resolution.","Hello, I'd like to check on claim CLM-00134. I filed it 271 days ago for liability and I'm wondering when to expect a resolution.",NEUTRAL,0.3687,FOLLOW_UP,,CLM-00134
INT-001056,CUST-00423,PHONE,INBOUND,2025-07-05 02:30:00,401,CLAIM_STATUS,This is my second call about claim CLM-00134. It's been 271 days with no resolution. Every time I call I get told it's under review. What's the holdup?,This is my second call about claim CLM-00134. It's been 271 days with no resolution. Every time I call I get told it's under review. What's the...,NEGATIVE,0.276,FOLLOW_UP,,CLM-00134
INT-001057,CUST-00423,PHONE,INBOUND,2025-07-12 02:30:00,228,CLAIM_STATUS,"Claim CLM-00134 has been open for 271 days. I've called multiple times, been transferred, promised callbacks that never happen. I'm at my wit's end.","Claim CLM-00134 has been open for 271 days. I've called multiple times, been transferred, promised callbacks that never happen. I'm at my wit's end.",NEGATIVE,0.1156,ESCALATED,,CLM-00134
INT-001058,CUST-00423,PHONE,INBOUND,2025-07-06 07:30:00,252,BILLING_INQUIRY,"Hello, I noticed my payment of 2,953 didn't go through for POL-00600. I want to make sure my coverage isn't affected.","Hello, I noticed my payment of 2,953 didn't go through for POL-00600. I want to make sure my coverage isn't affected.",NEUTRAL,0.4282,FOLLOW_UP,POL-00600,
INT-001059,CUST-00423,WEB,INBOUND,2025-06-13 07:30:00,227,RATE_COMPARISON,,Web session: viewed rate comparison page,,,,,
INT-001060,CUST-00423,EMAIL,INBOUND,2025-06-29 10:30:00,,GENERAL_INQUIRY,,Email inquiry about general inquiry,NEUTRAL,0.3081,RESOLVED,POL-00600,
INT-001061,CUST-00424,PHONE,INBOUND,2025-07-03 06:30:00,227,BILLING_INQUIRY,"Why is my account past due when I made a payment of 2,395 for POL-00601? I have the confirmation. Someone on your end messed up.","Why is my account past due when I made a payment of 2,395 for POL-00601? I have the confirmation. Someone on your end messed up.",NEGATIVE,0.231,FOLLOW_UP,POL-00601,
INT-001062,CUST-00424,WEB,INBOUND,2025-05-28 03:30:00,302,FAQ,,Web session: viewed faq page,,,,,
INT-001063,CUST-00424,EMAIL,INBOUND,2025-06-30 10:30:00,,POLICY_CHANGE,,Email inquiry about policy change,NEUTRAL,0.3326,FOLLOW_UP,POL-00601,
INT-001064,CUST-00425,PHONE,INBOUND,2025-05-14 09:30:00,162,COVERAGE_QUESTION,"Hello, calling to ask about my coverage limits. I want to make sure I have adequate protection. Can someone review my policy?","Hello, calling to ask about my coverage limits. I want to make sure I have adequate protection. Can someone review my policy?",NEUTRAL,0.539,RESOLVED,POL-00602,
INT-001065,CUST-00426,PHONE,INBOUND,2025-06-12 03:30:00,80,ADDRESS_CHANGE,"Hi, calling to update my address. Everything's been great with my coverage. The claim I had last year was handled beautifully.","Hi, calling to update my address. Everything's been great with my coverage. The claim I had last year was handled beautifully.",POSITIVE,0.9124,RESOLVED,POL-00605,
INT-001066,CUST-00426,EMAIL,INBOUND,2025-06-25 10:30:00,,GENERAL_INQUIRY,,Email inquiry about general inquiry,NEUTRAL,0.4758,RESOLVED,POL-00604,
INT-001067,CUST-00427,PHONE,INBOUND,2025-07-11 09:30:00,110,COVERAGE_QUESTION,"Hi, I need to update vehicle information on my auto policy. I recently purchased a new car and want the right coverage.","Hi, I need to update vehicle information on my auto policy. I recently purchased a new car and want the right coverage.",NEUTRAL,0.4602,RESOLVED,POL-00607,
INT-001068,CUST-00428,PHONE,INBOUND,2025-05-27 08:30:00,149,ADDRESS_CHANGE,"Hello, I need to add a new vehicle. By the way, your claims team did an excellent job last time. Very smooth process.","Hello, I need to add a new vehicle. By the way, your claims team did an excellent job last time. Very smooth process.",POSITIVE,0.8513,RESOLVED,POL-00608,
INT-001069,CUST-00428,WEB,INBOUND,2025-06-12 07:30:00,291,CLAIM_VIEW,,Web session: viewed claim view page,,,,,
INT-001070,CUST-00428,WEB,INBOUND,2025-05-15 21:30:00,267,FAQ,,Web session: viewed faq page,,,,,
INT-001071,CUST-00429,PHONE,INBOUND,2025-07-06 10:30:00,293,BILLING_INQUIRY,"Hello, I noticed my payment of 4,731 didn't go through for POL-00609. I want to make sure my coverage isn't affected.","Hello, I noticed my payment of 4,731 didn't go through for POL-00609. I want to make sure my coverage isn't affected.",NEUTRAL,0.4307,FOLLOW_UP,POL-00609,
INT-001072,CUST-00429,PHONE,INBOUND,2025-03-21 10:30:00,165,ADDRESS_CHANGE,"Hello, calling to ask about my coverage limits. I want to make sure I have adequate protection. Can someone review my policy?","Hello, calling to ask about my coverage limits. I want to make sure I have adequate protection. Can someone review my policy?",NEUTRAL,0.5492,RESOLVED,POL-00610,
INT-001073,CUST-00429,EMAIL,INBOUND,2025-07-09 10:30:00,,BILLING_INQUIRY,,Email inquiry about billing inquiry,NEGATIVE,0.4609,RESOLVED,POL-00609,
INT-001074,CUST-00430,PHONE,INBOUND,2025-06-26 06:30:00,270,BILLING_INQUIRY,"I've been trying to resolve a billing issue for POL-00611 for weeks. I keep getting different answers. My payment was 8,970 and now you say I owe more.","I've been trying to resolve a billing issue for POL-00611 for weeks. I keep getting different answers. My payment was 8,970 and now you say I owe...",NEGATIVE,0.3139,FOLLOW_UP,POL-00611,
INT-001075,CUST-00430,WEB,INBOUND,2025-05-31 09:30:00,485,COVERAGE_REVIEW,,Web session: viewed coverage review page,,,,,
INT-001076,CUST-00432,PHONE,INBOUND,2025-07-12 06:30:00,209,COVERAGE_QUESTION,I'm calling about bundling my policies. I have auto and I'm interested in home coverage. Very happy with the service so far.,I'm calling about bundling my policies. I have auto and I'm interested in home coverage. Very happy with the service so far.,POSITIVE,0.8487,RESOLVED,POL-00614,
INT-001077,CUST-00433,PHONE,INBOUND,2025-07-10 09:30:00,199,ADDRESS_CHANGE,I'd like information about adding umbrella coverage to my existing policies. What are my options?,I'd like information about adding umbrella coverage to my existing policies. What are my options?,NEUTRAL,0.5419,RESOLVED,POL-00615,
INT-001078,CUST-00434,WEB,INBOUND,2025-05-26 22:30:00,276,FAQ,,Web session: viewed faq page,,,,,
INT-001079,CUST-00434,WEB,INBOUND,2025-06-26 21:30:00,287,RATE_COMPARISON,,Web session: viewed rate comparison page,,,,,
INT-001080,CUST-00435,PHONE,INBOUND,2025-06-22 05:30:00,184,COVERAGE_QUESTION,"Hello, calling to ask about my coverage limits. I want to make sure I have adequate protection. Can someone review my policy?","Hello, calling to ask about my coverage limits. I want to make sure I have adequate protection. Can someone review my policy?",NEUTRAL,0.4534,RESOLVED,POL-00618,
INT-001081,CUST-00435,WEB,INBOUND,2025-07-07 06:30:00,393,COVERAGE_REVIEW,,Web session: viewed coverage review page,,,,,
INT-001082,CUST-00435,WEB,INBOUND,2025-06-28 06:30:00,426,CANCELLATION_PAGE,,Web session: viewed cancellation page page,,,,,
INT-001083,CUST-00436,PHONE,INBOUND,2025-04-16 04:30:00,238,COVERAGE_QUESTION,"Hi, calling to update my address. Everything's been great with my coverage. The claim I had last year was handled beautifully.","Hi, calling to update my address. Everything's been great with my coverage. The claim I had last year was handled beautifully.",POSITIVE,0.9471,RESOLVED,POL-00619,
INT-001084,CUST-00437,PHONE,INBOUND,2025-04-23 06:30:00,174,GENERAL_INQUIRY,"Hi, calling to update my address. Everything's been great with my coverage. The claim I had last year was handled beautifully.","Hi, calling to update my address. Everything's been great with my coverage. The claim I had last year was handled beautifully.",POSITIVE,0.8622,RESOLVED,POL-00620,
INT-001085,CUST-00438,WEB,INBOUND,2025-06-24 01:30:00,350,POLICY_VIEW,,Web session: viewed policy view page,,,,,
INT-001086,CUST-00439,PHONE,INBOUND,2025-07-07 02:30:00,191,BILLING_INQUIRY,"I've been trying to resolve a billing issue for POL-00622 for weeks. I keep getting different answers. My payment was 6,903 and now you say I owe more.","I've been trying to resolve a billing issue for POL-00622 for weeks. I keep getting different answers. My payment was 6,903 and now you say I owe...",NEGATIVE,0.2571,FOLLOW_UP,POL-00622,
INT-001087,CUST-00439,WEB,INBOUND,2025-05-30 09:30:00,77,COVERAGE_REVIEW,,Web session: viewed coverage review page,,,,,
INT-001088,CUST-00439,EMAIL,INBOUND,2025-06-16 10:30:00,,BILLING_INQUIRY,,Email inquiry about billing inquiry,NEGATIVE,0.439,RESOLVED,POL-00622,
INT-001089,CUST-00440,WEB,INBOUND,2025-06-04 00:30:00,444,CLAIM_VIEW,,Web session: viewed claim view page,,,,,
INT-001090,CUST-00442,PHONE,INBOUND,2025-07-03 07:30:00,280,BILLING_INQUIRY,"Why is my account past due when I made a payment of 6,683 for POL-00626? I have the confirmation. Someone on your end messed up.","Why is my account past due when I made a payment of 6,683 for POL-00626? I have the confirmation. Someone on your end messed up.",NEGATIVE,0.1926,RESOLVED,POL-00626,
INT-001091,CUST-00443,PHONE,INBOUND,2025-06-30 03:30:00,367,CLAIM_STATUS,"Hi, I'm calling about claim CLM-00050. It's been 282 days since I filed and I haven't heard much. Can you give me an update?","Hi, I'm calling about claim CLM-00050. It's been 282 days since I filed and I haven't heard much. Can you give me an update?",NEUTRAL,0.414,FOLLOW_UP,,CLM-00050
INT-001092,CUST-00443,PHONE,INBOUND,2025-07-06 10:30:00,327,CLAIM_STATUS,"I'm getting really frustrated with claim CLM-00050. 282 days, no updates, no communication. When is someone going to handle this?","I'm getting really frustrated with claim CLM-00050. 282 days, no updates, no communication. When is someone going to handle this?",NEGATIVE,0.2798,FOLLOW_UP,,CLM-00050
INT-001093,CUST-00443,PHONE,INBOUND,2025-07-12 02:30:00,190,CLAIM_STATUS,I am extremely upset about claim CLM-00050. 282 days! I was not at fault and yet I'm suffering. No one returns my calls. This is completely unacceptable.,I am extremely upset about claim CLM-00050. 282 days! I was not at fault and yet I'm suffering. No one returns my calls. This is completely...,NEGATIVE,0.146,ESCALATED,,CLM-00050
INT-001094,CUST-00443,PHONE,INBOUND,2025-06-20 06:30:00,296,CLAIM_STATUS,"I'm getting really frustrated with claim CLM-00051. 184 days, no updates, no communication. When is someone going to handle this?","I'm getting really frustrated with claim CLM-00051. 184 days, no updates, no communication. When is someone going to handle this?",NEGATIVE,0.233,ESCALATED,,CLM-00051
INT-001095,CUST-00443,PHONE,INBOUND,2025-07-02 09:30:00,136,BILLING_INQUIRY,"I've been trying to resolve a billing issue for POL-00628 for weeks. I keep getting different answers. My payment was 3,568 and now you say I owe more.","I've been trying to resolve a billing issue for POL-00628 for weeks. I keep getting different answers. My payment was 3,568 and now you say I owe...",NEGATIVE,0.2959,RESOLVED,POL-00628,
INT-001096,CUST-00443,WEB,INBOUND,2025-05-16 10:30:00,153,RATE_COMPARISON,,Web session: viewed rate comparison page,,,,,
INT-001097,CUST-00443,WEB,INBOUND,2025-07-07 04:30:00,337,POLICY_VIEW,,Web session: viewed policy view page,,,,,
INT-001098,CUST-00443,WEB,INBOUND,2025-05-16 04:30:00,420,BILLING_VIEW,,Web session: viewed billing view page,,,,,
INT-001099,CUST-00444,PHONE,INBOUND,2025-07-02 02:30:00,378,CLAIM_STATUS,"Hi, I'm calling about claim CLM-00123. It's been 55 days since I filed and I haven't heard much. Can you give me an update?","Hi, I'm calling about claim CLM-00123. It's been 55 days since I filed and I haven't heard much. Can you give me an update?",NEUTRAL,0.4499,FOLLOW_UP,,CLM-00123
INT-001100,CUST-00444,PHONE,INBOUND,2025-07-06 03:30:00,354,CLAIM_STATUS,This is my second call about claim CLM-00123. It's been 55 days with no resolution. Every time I call I get told it's under review. What's the holdup?,This is my second call about claim CLM-00123. It's been 55 days with no resolution. Every time I call I get told it's under review. What's the holdup?,NEGATIVE,0.2862,FOLLOW_UP,,CLM-00123
INT-001101,CUST-00444,PHONE,INBOUND,2025-07-12 03:30:00,370,CLAIM_STATUS,"Claim CLM-00123 has been open for 55 days. I've called multiple times, been transferred, promised callbacks that never happen. I'm at my wit's end.","Claim CLM-00123 has been open for 55 days. I've called multiple times, been transferred, promised callbacks that never happen. I'm at my wit's end.",NEGATIVE,0.0972,UNRESOLVED,,CLM-00123
INT-001102,CUST-00444,PHONE,INBOUND,2025-03-22 10:30:00,183,COVERAGE_QUESTION,I'd like information about adding umbrella coverage to my existing policies. What are my options?,I'd like information about adding umbrella coverage to my existing policies. What are my options?,NEUTRAL,0.4685,RESOLVED,POL-00630,
INT-001103,CUST-00445,PHONE,INBOUND,2025-07-07 04:30:00,144,BILLING_INQUIRY,"Hi, I'm calling about a billing issue on policy POL-00631. I see a charge that doesn't match what I expected. Can you help?","Hi, I'm calling about a billing issue on policy POL-00631. I see a charge that doesn't match what I expected. Can you help?",NEUTRAL,0.3841,FOLLOW_UP,POL-00631,
INT-001104,CUST-00445,PHONE,INBOUND,2025-04-25 04:30:00,183,POLICY_CHANGE,I'm calling about bundling my policies. I have auto and I'm interested in home coverage. Very happy with the service so far.,I'm calling about bundling my policies. I have auto and I'm interested in home coverage. Very happy with the service so far.,POSITIVE,0.9453,RESOLVED,POL-00631,
INT-001105,CUST-00445,WEB,INBOUND,2025-07-13 08:30:00,399,RATE_COMPARISON,,Web session: viewed rate comparison page,,,,,
INT-001106,CUST-00446,PHONE,INBOUND,2025-06-22 07:30:00,237,BILLING_INQUIRY,"Hi, I'm calling about a billing issue on policy POL-00632. I see a charge that doesn't match what I expected. Can you help?","Hi, I'm calling about a billing issue on policy POL-00632. I see a charge that doesn't match what I expected. Can you help?",NEUTRAL,0.4329,FOLLOW_UP,POL-00632,
INT-001107,CUST-00446,PHONE,INBOUND,2025-06-02 03:30:00,60,POLICY_CHANGE,"Hello, calling to ask about my coverage limits. I want to make sure I have adequate protection. Can someone review my policy?","Hello, calling to ask about my coverage limits. I want to make sure I have adequate protection. Can someone review my policy?",NEUTRAL,0.5258,RESOLVED,POL-00632,
INT-001108,CUST-00447,PHONE,INBOUND,2025-05-13 02:30:00,193,POLICY_CHANGE,"Hello, I need to add a new vehicle. By the way, your claims team did an excellent job last time. Very smooth process.","Hello, I need to add a new vehicle. By the way, your claims team did an excellent job last time. Very smooth process.",POSITIVE,0.807,RESOLVED,POL-00633,
INT-001109,CUST-00447,WEB,INBOUND,2025-05-26 23:30:00,475,BILLING_VIEW,,Web session: viewed billing view page,,,,,
INT-001110,CUST-00448,EMAIL,INBOUND,2025-07-12 10:30:00,,GENERAL_INQUIRY,,Email inquiry about general inquiry,NEUTRAL,0.3682,FOLLOW_UP,POL-00634,
INT-001111,CUST-00449,WEB,INBOUND,2025-06-12 23:30:00,480,CLAIM_VIEW,,Web session: viewed claim view page,,,,,
INT-001112,CUST-00450,PHONE,INBOUND,2025-06-27 05:30:00,292,BILLING_INQUIRY,"Hello, I noticed my payment of 15,850 didn't go through for POL-00637. I want to make sure my coverage isn't affected.","Hello, I noticed my payment of 15,850 didn't go through for POL-00637. I want to make sure my coverage isn't affected.",NEUTRAL,0.3848,FOLLOW_UP,POL-00637,
INT-001113,CUST-00451,PHONE,INBOUND,2025-06-21 02:30:00,142,BILLING_INQUIRY,"Why is my account past due when I made a payment of 3,115 for POL-00639? I have the confirmation. Someone on your end messed up.","Why is my account past due when I made a payment of 3,115 for POL-00639? I have the confirmation. Someone on your end messed up.",NEGATIVE,0.2353,FOLLOW_UP,POL-00639,
INT-001114,CUST-00451,EMAIL,INBOUND,2025-06-07 10:30:00,,POLICY_CHANGE,,Email inquiry about policy change,NEGATIVE,0.4192,FOLLOW_UP,POL-00639,
INT-001115,CUST-00452,WEB,INBOUND,2025-07-02 06:30:00,165,CLAIM_VIEW,,Web session: viewed claim view page,,,,,
INT-001116,CUST-00452,WEB,INBOUND,2025-05-27 08:30:00,477,ACCOUNT_LOGIN,,Web session: viewed account login page,,,,,
INT-001117,CUST-00453,PHONE,INBOUND,2025-04-21 08:30:00,125,COVERAGE_QUESTION,"Hi, calling to update my address. Everything's been great with my coverage. The claim I had last year was handled beautifully.","Hi, calling to update my address. Everything's been great with my coverage. The claim I had last year was handled beautifully.",POSITIVE,0.8325,RESOLVED,POL-00644,
INT-001118,CUST-00453,WEB,INBOUND,2025-06-21 03:30:00,40,POLICY_VIEW,,Web session: viewed policy view page,,,,,
INT-001119,CUST-00453,WEB,INBOUND,2025-06-04 20:30:00,63,COVERAGE_REVIEW,,Web session: viewed coverage review page,,,,,
INT-001120,CUST-00453,WEB,INBOUND,2025-06-14 22:30:00,294,COVERAGE_REVIEW,,Web session: viewed coverage review page,,,,,
INT-001121,CUST-00454,PHONE,INBOUND,2025-07-10 08:30:00,251,BILLING_INQUIRY,"Hello, I noticed my payment of 9,260 didn't go through for POL-00645. I want to make sure my coverage isn't affected.","Hello, I noticed my payment of 9,260 didn't go through for POL-00645. I want to make sure my coverage isn't affected.",NEUTRAL,0.3727,FOLLOW_UP,POL-00645,
INT-001122,CUST-00455,PHONE,INBOUND,2025-05-14 10:30:00,222,POLICY_CHANGE,"Hi, calling to update my address. Everything's been great with my coverage. The claim I had last year was handled beautifully.","Hi, calling to update my address. Everything's been great with my coverage. The claim I had last year was handled beautifully.",POSITIVE,0.8514,RESOLVED,POL-00647,
INT-001123,CUST-00455,WEB,INBOUND,2025-06-21 21:30:00,244,COVERAGE_REVIEW,,Web session: viewed coverage review page,,,,,
INT-001124,CUST-00455,WEB,INBOUND,2025-06-18 23:30:00,447,FAQ,,Web session: viewed faq page,,,,,
INT-001125,CUST-00456,PHONE,INBOUND,2025-06-11 02:30:00,93,POLICY_CHANGE,"Hello, I need to add a new vehicle. By the way, your claims team did an excellent job last time. Very smooth process.","Hello, I need to add a new vehicle. By the way, your claims team did an excellent job last time. Very smooth process.",POSITIVE,0.8652,RESOLVED,POL-00648,
INT-001126,CUST-00456,WEB,INBOUND,2025-05-31 04:30:00,562,POLICY_VIEW,,Web session: viewed policy view page,,,,,
INT-001127,CUST-00456,WEB,INBOUND,2025-06-30 03:30:00,254,ACCOUNT_LOGIN,,Web session: viewed account login page,,,,,
INT-001128,CUST-00456,WEB,INBOUND,2025-06-13 00:30:00,375,POLICY_VIEW,,Web session: viewed policy view page,,,,,
INT-001129,CUST-00457,PHONE,INBOUND,2025-04-16 02:30:00,73,COVERAGE_QUESTION,"Hi, calling to update my address. Everything's been great with my coverage. The claim I had last year was handled beautifully.","Hi, calling to update my address. Everything's been great with my coverage. The claim I had last year was handled beautifully.",POSITIVE,0.9215,RESOLVED,POL-00649,
INT-001130,CUST-00457,WEB,INBOUND,2025-06-25 08:30:00,287,COVERAGE_REVIEW,,Web session: viewed coverage review page,,,,,
INT-001131,CUST-00458,PHONE,INBOUND,2025-06-15 02:30:00,110,POLICY_CHANGE,"Hi, I need to update vehicle information on my auto policy. I recently purchased a new car and want the right coverage.","Hi, I need to update vehicle information on my auto policy. I recently purchased a new car and want the right coverage.",NEUTRAL,0.4767,RESOLVED,POL-00650,
INT-001132,CUST-00458,WEB,INBOUND,2025-06-12 07:30:00,405,RATE_COMPARISON,,Web session: viewed rate comparison page,,,,,
INT-001133,CUST-00458,WEB,INBOUND,2025-06-19 00:30:00,114,COVERAGE_REVIEW,,Web session: viewed coverage review page,,,,,
INT-001134,CUST-00458,EMAIL,INBOUND,2025-06-03 10:30:00,,POLICY_CHANGE,,Email inquiry about policy change,NEUTRAL,0.3673,RESOLVED,POL-00650,
INT-001135,CUST-00459,PHONE,INBOUND,2025-05-22 02:30:00,206,COVERAGE_QUESTION,I'd like information about adding umbrella coverage to my existing policies. What are my options?,I'd like information about adding umbrella coverage to my existing policies. What are my options?,NEUTRAL,0.5178,RESOLVED,POL-00652,
INT-001136,CUST-00460,PHONE,INBOUND,2025-06-05 09:30:00,137,ADDRESS_CHANGE,"Hello, calling to ask about my coverage limits. I want to make sure I have adequate protection. Can someone review my policy?","Hello, calling to ask about my coverage limits. I want to make sure I have adequate protection. Can someone review my policy?",NEUTRAL,0.5344,RESOLVED,POL-00653,
INT-001137,CUST-00461,PHONE,INBOUND,2025-05-20 05:30:00,134,POLICY_CHANGE,"Hello, I need to add a new vehicle. By the way, your claims team did an excellent job last time. Very smooth process.","Hello, I need to add a new vehicle. By the way, your claims team did an excellent job last time. Very smooth process.",POSITIVE,0.8931,RESOLVED,POL-00655,
INT-001138,CUST-00461,EMAIL,INBOUND,2025-06-16 10:30:00,,BILLING_INQUIRY,,Email inquiry about billing inquiry,NEGATIVE,0.4306,FOLLOW_UP,POL-00655,
INT-001139,CUST-00462,PHONE,INBOUND,2025-04-24 07:30:00,206,POLICY_CHANGE,I'm calling about bundling my policies. I have auto and I'm interested in home coverage. Very happy with the service so far.,I'm calling about bundling my policies. I have auto and I'm interested in home coverage. Very happy with the service so far.,POSITIVE,0.9488,RESOLVED,POL-00657,
INT-001140,CUST-00462,WEB,INBOUND,2025-06-04 20:30:00,560,CANCELLATION_PAGE,,Web session: viewed cancellation page page,,,,,
INT-001141,CUST-00463,PHONE,INBOUND,2025-07-12 10:30:00,162,BILLING_INQUIRY,"Hi, I'm calling about a billing issue on policy POL-00659. I see a charge that doesn't match what I expected. Can you help?","Hi, I'm calling about a billing issue on policy POL-00659. I see a charge that doesn't match what I expected. Can you help?",NEUTRAL,0.4193,RESOLVED,POL-00659,
INT-001142,CUST-00463,PHONE,INBOUND,2025-05-02 08:30:00,152,COVERAGE_QUESTION,I'd like information about adding umbrella coverage to my existing policies. What are my options?,I'd like information about adding umbrella coverage to my existing policies. What are my options?,NEUTRAL,0.5324,RESOLVED,POL-00658,
INT-001143,CUST-00464,PHONE,INBOUND,2025-05-24 07:30:00,225,GENERAL_INQUIRY,I'd like information about adding umbrella coverage to my existing policies. What are my options?,I'd like information about adding umbrella coverage to my existing policies. What are my options?,NEUTRAL,0.5171,RESOLVED,POL-00661,
INT-001144,CUST-00464,WEB,INBOUND,2025-06-13 04:30:00,334,BILLING_VIEW,,Web session: viewed billing view page,,,,,
INT-001145,CUST-00464,WEB,INBOUND,2025-05-22 01:30:00,574,RATE_COMPARISON,,Web session: viewed rate comparison page,,,,,
INT-001146,CUST-00464,WEB,INBOUND,2025-06-17 07:30:00,396,ACCOUNT_LOGIN,,Web session: viewed account login page,,,,,
INT-001147,CUST-00465,PHONE,INBOUND,2025-06-05 04:30:00,97,POLICY_CHANGE,"Hi, calling to update my address. Everything's been great with my coverage. The claim I had last year was handled beautifully.","Hi, calling to update my address. Everything's been great with my coverage. The claim I had last year was handled beautifully.",POSITIVE,0.8792,RESOLVED,POL-00662,
INT-001148,CUST-00465,EMAIL,INBOUND,2025-06-22 10:30:00,,GENERAL_INQUIRY,,Email inquiry about general inquiry,NEGATIVE,0.3605,FOLLOW_UP,POL-00662,
INT-001149,CUST-00466,PHONE,INBOUND,2025-06-30 06:30:00,429,CLAIM_STATUS,"Hello, I'd like to check on claim CLM-00184. I filed it 54 days ago for liability and I'm wondering when to expect a resolution.","Hello, I'd like to check on claim CLM-00184. I filed it 54 days ago for liability and I'm wondering when to expect a resolution.",NEUTRAL,0.3728,FOLLOW_UP,,CLM-00184
INT-001150,CUST-00466,PHONE,INBOUND,2025-07-05 04:30:00,267,CLAIM_STATUS,"I'm getting really frustrated with claim CLM-00184. 54 days, no updates, no communication. When is someone going to handle this?","I'm getting really frustrated with claim CLM-00184. 54 days, no updates, no communication. When is someone going to handle this?",NEGATIVE,0.3084,FOLLOW_UP,,CLM-00184
INT-001151,CUST-00466,PHONE,INBOUND,2025-07-12 05:30:00,284,CLAIM_STATUS,I am extremely upset about claim CLM-00184. 54 days! I was not at fault and yet I'm suffering. No one returns my calls. This is completely unacceptable.,I am extremely upset about claim CLM-00184. 54 days! I was not at fault and yet I'm suffering. No one returns my calls. This is completely...,NEGATIVE,0.1356,UNRESOLVED,,CLM-00184
INT-001152,CUST-00466,WEB,INBOUND,2025-06-02 00:30:00,106,RATE_COMPARISON,,Web session: viewed rate comparison page,,,,,
INT-001153,CUST-00467,PHONE,INBOUND,2025-07-12 03:30:00,229,GENERAL_INQUIRY,"Hi, calling to update my address. Everything's been great with my coverage. The claim I had last year was handled beautifully.","Hi, calling to update my address. Everything's been great with my coverage. The claim I had last year was handled beautifully.",POSITIVE,0.808,RESOLVED,POL-00664,
INT-001154,CUST-00467,WEB,INBOUND,2025-06-20 00:30:00,201,CLAIM_VIEW,,Web session: viewed claim view page,,,,,
INT-001155,CUST-00467,WEB,INBOUND,2025-06-21 23:30:00,502,CLAIM_VIEW,,Web session: viewed claim view page,,,,,
INT-001156,CUST-00467,WEB,INBOUND,2025-06-30 23:30:00,220,COVERAGE_REVIEW,,Web session: viewed coverage review page,,,,,
INT-001157,CUST-00469,PHONE,INBOUND,2025-04-20 09:30:00,160,COVERAGE_QUESTION,I'm calling about bundling my policies. I have auto and I'm interested in home coverage. Very happy with the service so far.,I'm calling about bundling my policies. I have auto and I'm interested in home coverage. Very happy with the service so far.,POSITIVE,0.947,RESOLVED,POL-00667,
INT-001158,CUST-00469,WEB,INBOUND,2025-07-12 01:30:00,591,ACCOUNT_LOGIN,,Web session: viewed account login page,,,,,
INT-001159,CUST-00470,PHONE,INBOUND,2025-05-23 03:30:00,139,POLICY_CHANGE,I'm calling about bundling my policies. I have auto and I'm interested in home coverage. Very happy with the service so far.,I'm calling about bundling my policies. I have auto and I'm interested in home coverage. Very happy with the service so far.,POSITIVE,0.8664,RESOLVED,POL-00670,
INT-001160,CUST-00470,WEB,INBOUND,2025-06-08 20:30:00,232,RATE_COMPARISON,,Web session: viewed rate comparison page,,,,,
INT-001161,CUST-00470,WEB,INBOUND,2025-06-02 03:30:00,401,RATE_COMPARISON,,Web session: viewed rate comparison page,,,,,
INT-001162,CUST-00471,PHONE,INBOUND,2025-06-29 07:30:00,277,BILLING_INQUIRY,"I've been trying to resolve a billing issue for POL-00671 for weeks. I keep getting different answers. My payment was 16,995 and now you say I owe more.","I've been trying to resolve a billing issue for POL-00671 for weeks. I keep getting different answers. My payment was 16,995 and now you say I owe...",NEGATIVE,0.2478,RESOLVED,POL-00671,
INT-001163,CUST-00471,WEB,INBOUND,2025-05-17 04:30:00,404,POLICY_VIEW,,Web session: viewed policy view page,,,,,
INT-001164,CUST-00472,PHONE,INBOUND,2025-06-13 04:30:00,129,COVERAGE_QUESTION,"Hello, I need to add a new vehicle. By the way, your claims team did an excellent job last time. Very smooth process.","Hello, I need to add a new vehicle. By the way, your claims team did an excellent job last time. Very smooth process.",POSITIVE,0.8525,RESOLVED,POL-00673,
INT-001165,CUST-00472,WEB,INBOUND,2025-05-22 06:30:00,535,POLICY_VIEW,,Web session: viewed policy view page,,,,,
INT-001166,CUST-00472,WEB,INBOUND,2025-05-25 07:30:00,269,COVERAGE_REVIEW,,Web session: viewed coverage review page,,,,,
INT-001167,CUST-00472,WEB,INBOUND,2025-06-10 03:30:00,88,COVERAGE_REVIEW,,Web session: viewed coverage review page,,,,,
INT-001168,CUST-00473,PHONE,INBOUND,2025-06-24 04:30:00,288,BILLING_INQUIRY,"I've been trying to resolve a billing issue for POL-00675 for weeks. I keep getting different answers. My payment was 7,048 and now you say I owe more.","I've been trying to resolve a billing issue for POL-00675 for weeks. I keep getting different answers. My payment was 7,048 and now you say I owe...",NEGATIVE,0.2502,RESOLVED,POL-00675,
INT-001169,CUST-00474,PHONE,INBOUND,2025-07-03 02:30:00,233,BILLING_INQUIRY,"Hello, I noticed my payment of 4,931 didn't go through for POL-00676. I want to make sure my coverage isn't affected.","Hello, I noticed my payment of 4,931 didn't go through for POL-00676. I want to make sure my coverage isn't affected.",NEUTRAL,0.4042,FOLLOW_UP,POL-00676,
INT-001170,CUST-00474,PHONE,INBOUND,2025-05-01 05:30:00,71,ADDRESS_CHANGE,"Hello, I need to add a new vehicle. By the way, your claims team did an excellent job last time. Very smooth process.","Hello, I need to add a new vehicle. By the way, your claims team did an excellent job last time. Very smooth process.",POSITIVE,0.841,RESOLVED,POL-00676,
INT-001171,CUST-00474,WEB,INBOUND,2025-06-12 10:30:00,361,CLAIM_VIEW,,Web session: viewed claim view page,,,,,
INT-001172,CUST-00474,EMAIL,INBOUND,2025-06-29 10:30:00,,BILLING_INQUIRY,,Email inquiry about billing inquiry,NEGATIVE,0.3701,RESOLVED,POL-00676,
INT-001173,CUST-00476,PHONE,INBOUND,2025-06-28 10:30:00,424,CLAIM_STATUS,"Hello, I'd like to check on claim CLM-00133. I filed it 59 days ago for theft and I'm wondering when to expect a resolution.","Hello, I'd like to check on claim CLM-00133. I filed it 59 days ago for theft and I'm wondering when to expect a resolution.",NEUTRAL,0.4028,FOLLOW_UP,,CLM-00133
INT-001174,CUST-00476,PHONE,INBOUND,2025-07-05 02:30:00,215,CLAIM_STATUS,This is my second call about claim CLM-00133. It's been 59 days with no resolution. Every time I call I get told it's under review. What's the holdup?,This is my second call about claim CLM-00133. It's been 59 days with no resolution. Every time I call I get told it's under review. What's the holdup?,NEGATIVE,0.3195,FOLLOW_UP,,CLM-00133
INT-001175,CUST-00476,PHONE,INBOUND,2025-07-12 02:30:00,378,CLAIM_STATUS,"Claim CLM-00133 has been open for 59 days. I've called multiple times, been transferred, promised callbacks that never happen. I'm at my wit's end.","Claim CLM-00133 has been open for 59 days. I've called multiple times, been transferred, promised callbacks that never happen. I'm at my wit's end.",NEGATIVE,0.1189,ESCALATED,,CLM-00133
INT-001176,CUST-00477,PHONE,INBOUND,2025-04-30 03:30:00,75,ADDRESS_CHANGE,"Hello, calling to ask about my coverage limits. I want to make sure I have adequate protection. Can someone review my policy?","Hello, calling to ask about my coverage limits. I want to make sure I have adequate protection. Can someone review my policy?",NEUTRAL,0.4927,RESOLVED,POL-00680,
INT-001177,CUST-00477,WEB,INBOUND,2025-06-16 06:30:00,155,BILLING_VIEW,,Web session: viewed billing view page,,,,,
INT-001178,CUST-00478,PHONE,INBOUND,2025-07-07 02:30:00,206,BILLING_INQUIRY,"Hello, I noticed my payment of 3,272 didn't go through for POL-00682. I want to make sure my coverage isn't affected.","Hello, I noticed my payment of 3,272 didn't go through for POL-00682. I want to make sure my coverage isn't affected.",NEUTRAL,0.3581,RESOLVED,POL-00682,
INT-001179,CUST-00478,PHONE,INBOUND,2025-03-18 04:30:00,140,COVERAGE_QUESTION,I'm calling about bundling my policies. I have auto and I'm interested in home coverage. Very happy with the service so far.,I'm calling about bundling my policies. I have auto and I'm interested in home coverage. Very happy with the service so far.,POSITIVE,0.8862,RESOLVED,POL-00682,
INT-001180,CUST-00478,WEB,INBOUND,2025-05-29 20:30:00,75,COVERAGE_REVIEW,,Web session: viewed coverage review page,,,,,
INT-001181,CUST-00478,WEB,INBOUND,2025-07-11 22:30:00,155,COVERAGE_REVIEW,,Web session: viewed coverage review page,,,,,
INT-001182,CUST-00479,PHONE,INBOUND,2025-04-21 09:30:00,162,COVERAGE_QUESTION,"Hi, calling to update my address. Everything's been great with my coverage. The claim I had last year was handled beautifully.","Hi, calling to update my address. Everything's been great with my coverage. The claim I had last year was handled beautifully.",POSITIVE,0.8559,RESOLVED,POL-00683,
INT-001183,CUST-00479,WEB,INBOUND,2025-06-12 05:30:00,30,CLAIM_VIEW,,Web session: viewed claim view page,,,,,
INT-001184,CUST-00479,WEB,INBOUND,2025-05-25 21:30:00,376,ACCOUNT_LOGIN,,Web session: viewed account login page,,,,,
INT-001185,CUST-00480,PHONE,INBOUND,2025-07-06 05:30:00,107,GENERAL_INQUIRY,"Hi, calling to update my address. Everything's been great with my coverage. The claim I had last year was handled beautifully.","Hi, calling to update my address. Everything's been great with my coverage. The claim I had last year was handled beautifully.",POSITIVE,0.9487,RESOLVED,POL-00684,
INT-001186,CUST-00480,WEB,INBOUND,2025-07-08 02:30:00,413,ACCOUNT_LOGIN,,Web session: viewed account login page,,,,,
INT-001187,CUST-00480,WEB,INBOUND,2025-06-09 10:30:00,122,CLAIM_VIEW,,Web session: viewed claim view page,,,,,
INT-001188,CUST-00481,PHONE,INBOUND,2025-07-10 09:30:00,151,ADDRESS_CHANGE,"Hi, calling to update my address. Everything's been great with my coverage. The claim I had last year was handled beautifully.","Hi, calling to update my address. Everything's been great with my coverage. The claim I had last year was handled beautifully.",POSITIVE,0.937,RESOLVED,POL-00686,
INT-001189,CUST-00481,WEB,INBOUND,2025-06-01 21:30:00,257,COVERAGE_REVIEW,,Web session: viewed coverage review page,,,,,
INT-001190,CUST-00482,PHONE,INBOUND,2025-06-29 02:30:00,139,BILLING_INQUIRY,"Why is my account past due when I made a payment of 4,864 for POL-00687? I have the confirmation. Someone on your end messed up.","Why is my account past due when I made a payment of 4,864 for POL-00687? I have the confirmation. Someone on your end messed up.",NEGATIVE,0.1914,FOLLOW_UP,POL-00687,
INT-001191,CUST-00483,WEB,INBOUND,2025-06-30 23:30:00,404,POLICY_VIEW,,Web session: viewed policy view page,,,,,
INT-001192,CUST-00483,EMAIL,INBOUND,2025-05-31 10:30:00,,BILLING_INQUIRY,,Email inquiry about billing inquiry,NEGATIVE,0.3209,RESOLVED,POL-00689,
INT-001193,CUST-00485,PHONE,INBOUND,2025-07-09 07:30:00,230,ADDRESS_CHANGE,"Hi, calling to update my address. Everything's been great with my coverage. The claim I had last year was handled beautifully.","Hi, calling to update my address. Everything's been great with my coverage. The claim I had last year was handled beautifully.",POSITIVE,0.8063,RESOLVED,POL-00691,
INT-001194,CUST-00485,WEB,INBOUND,2025-06-01 09:30:00,512,FAQ,,Web session: viewed faq page,,,,,
INT-001195,CUST-00486,PHONE,INBOUND,2025-06-12 04:30:00,198,COVERAGE_QUESTION,"Hello, calling to ask about my coverage limits. I want to make sure I have adequate protection. Can someone review my policy?","Hello, calling to ask about my coverage limits. I want to make sure I have adequate protection. Can someone review my policy?",NEUTRAL,0.4654,RESOLVED,POL-00692,
INT-001196,CUST-00486,EMAIL,INBOUND,2025-07-03 10:30:00,,POLICY_CHANGE,,Email inquiry about policy change,NEUTRAL,0.4802,RESOLVED,POL-00692,
INT-001197,CUST-00487,PHONE,INBOUND,2025-06-26 07:30:00,339,CLAIM_STATUS,"Hello, I'd like to check on claim CLM-00168. I filed it 72 days ago for theft and I'm wondering when to expect a resolution.","Hello, I'd like to check on claim CLM-00168. I filed it 72 days ago for theft and I'm wondering when to expect a resolution.",NEUTRAL,0.4443,FOLLOW_UP,,CLM-00168
INT-001198,CUST-00487,PHONE,INBOUND,2025-07-05 07:30:00,206,CLAIM_STATUS,"I'm getting really frustrated with claim CLM-00168. 72 days, no updates, no communication. When is someone going to handle this?","I'm getting really frustrated with claim CLM-00168. 72 days, no updates, no communication. When is someone going to handle this?",NEGATIVE,0.2743,FOLLOW_UP,,CLM-00168
INT-001199,CUST-00487,PHONE,INBOUND,2025-07-12 07:30:00,449,CLAIM_STATUS,I am extremely upset about claim CLM-00168. 72 days! I was not at fault and yet I'm suffering. No one returns my calls. This is completely unacceptable.,I am extremely upset about claim CLM-00168. 72 days! I was not at fault and yet I'm suffering. No one returns my calls. This is completely...,NEGATIVE,0.1354,ESCALATED,,CLM-00168
INT-001200,CUST-00487,PHONE,INBOUND,2025-06-21 10:30:00,291,BILLING_INQUIRY,"Hi, I'm calling about a billing issue on policy POL-00693. I see a charge that doesn't match what I expected. Can you help?","Hi, I'm calling about a billing issue on policy POL-00693. I see a charge that doesn't match what I expected. Can you help?",NEUTRAL,0.4399,RESOLVED,POL-00693,
INT-001201,CUST-00488,WEB,INBOUND,2025-06-13 01:30:00,168,COVERAGE_REVIEW,,Web session: viewed coverage review page,,,,,
INT-001202,CUST-00488,EMAIL,INBOUND,2025-07-05 10:30:00,,BILLING_INQUIRY,,Email inquiry about billing inquiry,NEUTRAL,0.4977,FOLLOW_UP,POL-00694,
INT-001203,CUST-00489,PHONE,INBOUND,2025-04-24 02:30:00,87,COVERAGE_QUESTION,"Hi, calling to update my address. Everything's been great with my coverage. The claim I had last year was handled beautifully.","Hi, calling to update my address. Everything's been great with my coverage. The claim I had last year was handled beautifully.",POSITIVE,0.9322,RESOLVED,POL-00696,
INT-001204,CUST-00490,PHONE,INBOUND,2025-06-17 02:30:00,168,GENERAL_INQUIRY,"Hi, calling to update my address. Everything's been great with my coverage. The claim I had last year was handled beautifully.","Hi, calling to update my address. Everything's been great with my coverage. The claim I had last year was handled beautifully.",POSITIVE,0.8098,RESOLVED,POL-00697,
INT-001205,CUST-00491,PHONE,INBOUND,2025-06-29 03:30:00,258,BILLING_INQUIRY,"Hi, I'm calling about a billing issue on policy POL-00698. I see a charge that doesn't match what I expected. Can you help?","Hi, I'm calling about a billing issue on policy POL-00698. I see a charge that doesn't match what I expected. Can you help?",NEUTRAL,0.3753,RESOLVED,POL-00698,
INT-001206,CUST-00491,WEB,INBOUND,2025-06-28 10:30:00,595,COVERAGE_REVIEW,,Web session: viewed coverage review page,,,,,
INT-001207,CUST-00491,WEB,INBOUND,2025-05-22 07:30:00,363,POLICY_VIEW,,Web session: viewed policy view page,,,,,
INT-001208,CUST-00491,WEB,INBOUND,2025-06-28 06:30:00,390,RATE_COMPARISON,,Web session: viewed rate comparison page,,,,,
INT-001209,CUST-00491,EMAIL,INBOUND,2025-06-19 10:30:00,,BILLING_INQUIRY,,Email inquiry about billing inquiry,NEGATIVE,0.5072,RESOLVED,POL-00699,
INT-001210,CUST-00492,WEB,INBOUND,2025-06-15 06:30:00,472,CLAIM_VIEW,,Web session: viewed claim view page,,,,,
INT-001211,CUST-00493,PHONE,INBOUND,2025-07-11 03:30:00,186,BILLING_INQUIRY,"Hello, I noticed my payment of 3,803 didn't go through for POL-00702. I want to make sure my coverage isn't affected.","Hello, I noticed my payment of 3,803 didn't go through for POL-00702. I want to make sure my coverage isn't affected.",NEUTRAL,0.4071,FOLLOW_UP,POL-00702,
INT-001212,CUST-00493,PHONE,INBOUND,2025-05-09 03:30:00,218,GENERAL_INQUIRY,"Hi, I need to update vehicle information on my auto policy. I recently purchased a new car and want the right coverage.","Hi, I need to update vehicle information on my auto policy. I recently purchased a new car and want the right coverage.",NEUTRAL,0.4805,RESOLVED,POL-00702,
INT-001213,CUST-00493,WEB,INBOUND,2025-07-03 05:30:00,576,COVERAGE_REVIEW,,Web session: viewed coverage review page,,,,,
INT-001214,CUST-00493,WEB,INBOUND,2025-06-26 03:30:00,429,BILLING_VIEW,,Web session: viewed billing view page,,,,,
INT-001215,CUST-00493,WEB,INBOUND,2025-06-06 09:30:00,383,FAQ,,Web session: viewed faq page,,,,,
INT-001216,CUST-00494,PHONE,INBOUND,2025-07-03 04:30:00,155,BILLING_INQUIRY,"Hello, I noticed my payment of 12,304 didn't go through for POL-00703. I want to make sure my coverage isn't affected.","Hello, I noticed my payment of 12,304 didn't go through for POL-00703. I want to make sure my coverage isn't affected.",NEUTRAL,0.4438,FOLLOW_UP,POL-00703,
INT-001217,CUST-00496,PHONE,INBOUND,2025-06-28 04:30:00,215,COVERAGE_QUESTION,"Hi, calling to update my address. Everything's been great with my coverage. The claim I had last year was handled beautifully.","Hi, calling to update my address. Everything's been great with my coverage. The claim I had last year was handled beautifully.",POSITIVE,0.9449,RESOLVED,POL-00707,
INT-001218,CUST-00497,PHONE,INBOUND,2025-06-05 06:30:00,212,POLICY_CHANGE,"Hello, calling to ask about my coverage limits. I want to make sure I have adequate protection. Can someone review my policy?","Hello, calling to ask about my coverage limits. I want to make sure I have adequate protection. Can someone review my policy?",NEUTRAL,0.4508,RESOLVED,POL-00708,
INT-001219,CUST-00497,WEB,INBOUND,2025-06-18 20:30:00,452,RATE_COMPARISON,,Web session: viewed rate comparison page,,,,,
INT-001220,CUST-00497,WEB,INBOUND,2025-06-14 00:30:00,435,ACCOUNT_LOGIN,,Web session: viewed account login page,,,,,
INT-001221,CUST-00498,PHONE,INBOUND,2025-06-21 08:30:00,131,BILLING_INQUIRY,"Hello, I noticed my payment of 1,012 didn't go through for POL-00711. I want to make sure my coverage isn't affected.","Hello, I noticed my payment of 1,012 didn't go through for POL-00711. I want to make sure my coverage isn't affected.",NEUTRAL,0.4246,FOLLOW_UP,POL-00711,
INT-001222,CUST-00498,PHONE,INBOUND,2025-06-04 06:30:00,97,POLICY_CHANGE,"Hello, calling to ask about my coverage limits. I want to make sure I have adequate protection. Can someone review my policy?","Hello, calling to ask about my coverage limits. I want to make sure I have adequate protection. Can someone review my policy?",NEUTRAL,0.5452,RESOLVED,POL-00710,
INT-001223,CUST-00499,PHONE,INBOUND,2025-05-09 04:30:00,218,ADDRESS_CHANGE,"Hi, I need to update vehicle information on my auto policy. I recently purchased a new car and want the right coverage.","Hi, I need to update vehicle information on my auto policy. I recently purchased a new car and want the right coverage.",NEUTRAL,0.4501,RESOLVED,POL-00712,
INT-001224,CUST-00499,WEB,INBOUND,2025-06-16 08:30:00,87,ACCOUNT_LOGIN,,Web session: viewed account login page,,,,,
INT-001225,CUST-00499,WEB,INBOUND,2025-06-22 22:30:00,398,POLICY_VIEW,,Web session: viewed policy view page,,,,,
INT-001226,CUST-00500,PHONE,INBOUND,2025-07-10 05:30:00,150,BILLING_INQUIRY,"Hello, I noticed my payment of 1,882 didn't go through for POL-00713. I want to make sure my coverage isn't affected.","Hello, I noticed my payment of 1,882 didn't go through for POL-00713. I want to make sure my coverage isn't affected.",NEUTRAL,0.3699,RESOLVED,POL-00713,
INT-001227,CUST-00500,WEB,INBOUND,2025-07-13 05:30:00,265,CANCELLATION_PAGE,,Web session: viewed cancellation page page,,,,,
INT-001228,CUST-00500,WEB,INBOUND,2025-06-26 00:30:00,183,ACCOUNT_LOGIN,,Web session: viewed account login page,,,,,
INT-001229,CUST-00500,WEB,INBOUND,2025-07-05 23:30:00,156,COVERAGE_REVIEW,,Web session: viewed coverage review page,,,,,
INT-001230,CUST-00500,EMAIL,INBOUND,2025-07-09 10:30:00,,BILLING_INQUIRY,,Email inquiry about billing inquiry,NEGATIVE,0.5291,RESOLVED,POL-00713,
INT-001231,CUST-00001,PHONE,INBOUND,2025-06-24 07:30:00,420,PREMIUM_INQUIRY,"Hello, I'm calling about my auto policy POL-00714. I just received my renewal notice and I see the premium is going up from 36,000 to 45,900 — that's a 27.5 percent increase. I've been insured with you for 12 years and I've maintained a clean driving record. Can you help me understand why my rate is increasing so much? I'd like to discuss my options.","Hello, I'm calling about my auto policy POL-00714. I just received my renewal notice and I see the premium is going up from 36,000 to 45,900 — that's...",NEUTRAL,0.38,FOLLOW_UP,POL-00714,
INT-001232,CUST-00001,PHONE,INBOUND,2025-07-03 09:30:00,540,COMPLAINT,"This is Arjun Mehta, policy POL-00714. I called 10 days ago about my premium increase and was told someone would get back to me. No one did. Meanwhile, I also have an open claim CLM-00202 that's been sitting for over 60 days with no resolution — I wasn't even at fault! So you're raising my rates by 27 percent while failing to settle a legitimate claim. I'm extremely frustrated and I need answers today.","This is Arjun Mehta, policy POL-00714. I called 10 days ago about my premium increase and was told someone would get back to me. No one did....",NEGATIVE,0.15,ESCALATED,POL-00714,CLM-00202
INT-001233,CUST-00001,PHONE,INBOUND,2025-07-10 07:30:00,660,CANCELLATION_REQUEST,"This is my third call. Policy POL-00714, claim CLM-00202. Nothing has changed. My premium is still 45,900, my claim is still unresolved after 74 days, and nobody from your company seems to care. I've been a loyal customer for 12 years, paying on time every single quarter. I've already gotten a quote from Kavach General for 32,900 — that's 13,000 less than what you're charging me. If I don't hear back with a real resolution by end of this week, I'm switching. I'm done being taken for granted.","This is my third call. Policy POL-00714, claim CLM-00202. Nothing has changed. My premium is still 45,900, my claim is still unresolved after 74...",NEGATIVE,0.04,UNRESOLVED,POL-00714,CLM-00202
INT-001234,CUST-00001,WEB,INBOUND,2025-06-25 22:30:00,135,RATE_COMPARISON,,Web session: viewed rate comparison page,,,,,
INT-001235,CUST-00001,WEB,INBOUND,2025-06-30 22:30:00,395,CANCELLATION_PAGE,,Web session: viewed cancellation page page,,,,,
INT-001236,CUST-00001,WEB,INBOUND,2025-07-05 22:30:00,368,RATE_COMPARISON,,Web session: viewed rate comparison page,,,,,
INT-001237,CUST-00001,WEB,INBOUND,2025-07-11 00:30:00,233,CANCELLATION_PAGE,,Web session: viewed cancellation page page,,,,,
